state,district,date,rainfall_1d_mm,rainfall_3d_mm,rainfall_7d_mm,rainfall_15d_mm,daily_normal_mm,daily_category,weekly_actual_mm,weekly_category,cumulative_actual_mm,cumulative_category,monthly_actual_mm,monthly_category,elevation,slope,soil_moisture,temperature,ndvi,rainfall_score,risk_score,risk_label,risk
ARUNACHAL PRADESH,ANJAW,2026-08-19,0.0,0.0,0.0,0.0,7.2,NR,0.0,NR,124.2,LD,13.0,LD,1946.1923189621102,6.0480593675117245,0.25,19.336304942819652,0.4356084032479951,0.0,0.07688026385560767,0,LOW
ARUNACHAL PRADESH,ANJAW,2026-08-20,0.0,0.0,0.0,0.0,9.2,NR,0.0,NR,124.2,LD,13.0,LD,1125.2521773925282,14.706961718201077,0.25,27.1656970081906,0.34920818089452865,0.0,0.11536427430311591,0,LOW
ARUNACHAL PRADESH,ANJAW,2026-08-21,0.0,0.0,0.0,0.0,13.7,NR,0.0,NR,124.2,LD,13.0,LD,2153.564903782887,19.66750245029711,0.25,28.70574987317211,0.47404623890709857,0.0,0.1374111220013205,0,LOW
ARUNACHAL PRADESH,ANJAW,2026-08-22,0.0,0.0,0.0,0.0,18.3,NR,0.0,NR,124.2,LD,13.0,LD,1758.5516711954415,19.053987331570564,0.25,23.108940793479036,0.5385446639298614,0.0,0.13468438814031364,0,LOW
ARUNACHAL PRADESH,ANJAW,2026-08-23,0.0,0.0,0.0,0.0,9.1,NR,0.0,NR,124.2,LD,13.0,LD,280.73450232474136,25.986700377742867,0.25,18.268827594418664,0.682437032000277,0.0,0.16549644612330164,0,LOW
ARUNACHAL PRADESH,ANJAW,2026-08-24,12.1,12.1,12.1,12.1,16.1,D,0.0,NR,136.3,LD,25.1,LD,2440.274761510052,40.32507528143694,0.27368975903614456,29.36105163886038,0.6767426568848022,12.1,0.3201384959993659,0,LOW
ARUNACHAL PRADESH,ANJAW,2026-08-25,0.0,12.1,12.1,12.1,9.3,NR,0.0,NR,124.2,LD,25.1,LD,1914.7922698763648,16.693529084387965,0.27368975903614456,21.247641865906353,0.3716170186499945,7.865,0.18494710620524663,0,LOW
ARUNACHAL PRADESH,ANJAW,2026-08-26,0.0,12.1,12.1,12.1,12.1,NR,12.1,LD,136.3,LD,25.1,LD,1975.8575479285369,25.830824318366755,0.27368975903614456,20.45156442820283,0.27199323710094225,7.865,0.22555730724515238,0,LOW
ARUNACHAL PRADESH,ANJAW,2026-08-27,3.3,3.3,15.4,15.4,17.1,LD,3.3,LD,139.6,LD,28.5,LD,363.8784000550874,18.605558147539174,0.28015060240963857,23.670275100008475,0.4322797130842415,8.14,0.19669577244968756,0,LOW
ARUNACHAL PRADESH,ANJAW,2026-08-28,0.0,3.3,15.4,15.4,8.5,NR,0.0,NR,139.6,LD,28.5,LD,1153.4455478441396,37.870922374928014,0.28015060240963857,22.396466098766602,0.3442817829153705,6.984999999999999,0.27409353284621024,0,LOW
ARUNACHAL PRADESH,ANJAW,2026-08-29,0.0,3.3,15.4,15.4,6.1,NR,12.1,LD,139.6,LD,28.5,LD,958.4551593698241,11.304060531539136,0.28015060240963857,26.61188768965831,0.4874730875294164,6.984999999999999,0.15601859132003745,0,LOW
ARUNACHAL PRADESH,ANJAW,2026-08-30,0.0,0.0,15.4,15.4,12.5,NR,12.1,LD,139.6,LD,28.5,LD,2320.5742226790744,9.14041073240234,0.28015060240963857,17.332362742335313,0.8376076714915626,6.16,0.14052659812333032,0,LOW
ARUNACHAL PRADESH,ANJAW,2026-08-31,15.1,15.1,18.4,30.5,6.3,LE,12.1,LD,154.7,LD,43.6,LD,1627.4695441976282,25.11981012950407,0.28602409638554216,22.40672411881384,0.35864282254313257,18.235,0.29872078348732356,0,LOW
ARUNACHAL PRADESH,ANJAW,2026-09-01,7.2,22.3,25.6,37.7,4.5,LE,12.1,LD,136.3,LD,7.2,LE,2065.765952513533,31.875503430619677,0.30012048192771085,30.158930790828467,0.44132436605378134,20.150000000000002,0.3452042770359167,0,LOW
ARUNACHAL PRADESH,ANJAW,2026-09-02,2.1,24.4,27.7,39.8,6.5,LD,27.7,D,164.0,LD,9.3,N,1136.3647871269613,36.82100804363066,0.3042319277108434,15.613066060475333,0.6850685897917435,19.73,0.36501528465332544,0,LOW
ARUNACHAL PRADESH,ANJAW,2026-09-03,0.0,9.3,24.4,39.8,8.1,NR,27.7,D,164.0,LD,9.3,D,606.7348683727033,28.584994116212656,0.2977710843373494,22.774751663606548,0.555509669717153,14.395,0.28912195155992015,0,LOW
ARUNACHAL PRADESH,ANJAW,2026-09-04,1.8,3.9,26.2,41.6,19.0,LD,27.7,D,165.8,LD,11.1,LD,1408.7327281887954,35.953990452760024,0.3012951807228916,26.22904342854857,0.276356886144031,14.395,0.32257786566612806,0,LOW
ARUNACHAL PRADESH,ANJAW,2026-09-05,0.0,1.8,26.2,41.6,9.5,NR,27.7,D,165.8,LD,11.1,LD,206.35227745522954,20.70840234243695,0.3012951807228916,30.09108847971375,0.347014010896793,13.24,0.24659361567282,0,LOW
ARUNACHAL PRADESH,ANJAW,2026-09-06,0.0,1.8,26.2,41.6,6.3,NR,0.0,NR,165.8,LD,11.1,LD,2077.696371381826,6.314706810658759,0.3012951807228916,25.094365857863988,0.8111497328639176,13.24,0.18262163553158361,0,LOW
ARUNACHAL PRADESH,ANJAW,2026-09-07,0.0,0.0,11.1,41.6,6.5,NR,27.7,D,165.8,LD,11.1,LD,1597.577777849059,9.64397231606226,0.27173192771084337,29.016232611068585,0.31189899564341705,9.015,0.1614146464009107,0,LOW
ARUNACHAL PRADESH,ANJAW,2026-09-08,0.0,0.0,3.900000000000002,29.5,4.9,NR,0.0,NR,165.8,LD,11.1,LD,1907.3149632091659,6.548904049159847,0.2576355421686747,18.78574732230787,0.6310556723258234,5.4,0.11909294632850852,0,LOW
ARUNACHAL PRADESH,ANJAW,2026-09-09,0.0,0.0,1.8000000000000018,29.5,5.3,NR,1.8,LD,165.8,LD,11.1,LD,918.5886219181775,18.157746019059708,0.2535240963855422,20.997760415873614,0.7253953893045468,4.875,0.1661263828195759,0,LOW
ARUNACHAL PRADESH,ANJAW,2026-09-10,0.0,0.0,1.8000000000000018,29.5,6.5,NR,1.8,LD,165.8,LD,11.1,LD,2428.2101597675132,24.81965365074729,0.2535240963855422,31.016248656776725,0.4092634376349543,4.875,0.1957348611826318,0,LOW
ARUNACHAL PRADESH,ANJAW,2026-09-11,0.0,0.0,0.0,26.200000000000003,14.4,NR,1.8,LD,165.8,LD,11.1,LD,2238.1467472393842,19.252699346277574,0.25,30.061576922575668,0.6850468018832141,3.93,0.16355759318119692,0,LOW
ARUNACHAL PRADESH,ANJAW,2026-09-12,6.2,6.2,6.200000000000002,32.400000000000006,17.1,LD,6.2,LD,171.9,LD,17.2,LD,1957.0395678307166,27.423979002655688,0.2621385542168675,24.485200705707975,0.35193710741810813,10.13,0.2464594183479119,0,LOW
ARUNACHAL PRADESH,ANJAW,2026-09-13,0.0,6.2,6.200000000000002,32.400000000000006,16.1,NR,1.8,LD,171.9,LD,17.2,LD,526.8648342373206,24.224365939711507,0.2621385542168675,23.08330174251237,0.42085016490027416,7.960000000000001,0.21678385529824531,0,LOW
ARUNACHAL PRADESH,ANJAW,2026-09-14,0.0,6.2,6.200000000000002,32.400000000000006,16.5,NR,0.0,NR,171.9,LD,17.2,LD,1193.4664591312337,32.117712074557616,0.2621385542168675,22.668145654725794,0.43709321853052446,7.960000000000001,0.2518653936753391,0,LOW
ARUNACHAL PRADESH,ANJAW,2026-09-15,1.1,1.1,7.300000000000002,18.4,10.1,LD,1.8,LD,165.8,LD,18.3,LD,157.3192261787105,31.67848654253625,0.2642921686746988,15.999424246639272,0.8478609943385341,5.245,0.23100737203734473,0,LOW
ARUNACHAL PRADESH,ANJAW,2026-09-16,0.0,1.1,7.300000000000002,11.2,10.4,NR,0.0,NR,173.0,LD,18.3,LD,428.0092555654922,17.72256588434718,0.2642921686746988,30.170410767261636,0.37874337713077433,3.7800000000000002,0.158547111594327,0,LOW
ARUNACHAL PRADESH,ANJAW,2026-09-17,0.0,1.1,7.300000000000002,9.1,5.8,NR,7.2,LD,173.0,LD,18.3,LD,1723.4699354440138,18.848578214443663,0.2642921686746988,28.9085416430607,0.327524478780151,3.4650000000000007,0.1613081343080836,0,LOW
ARUNACHAL PRADESH,ANJAW,2026-09-18,0.0,0.0,7.300000000000002,9.1,3.8,NR,0.0,NR,173.0,LD,18.3,LD,1874.667281974152,28.405912865652134,0.2642921686746988,22.75626946037374,0.8054148624888462,3.1900000000000004,0.20182658657994007,0,LOW
ARUNACHAL PRADESH,ANJAW,2026-09-19,0.0,0.0,1.100000000000002,7.300000000000001,9.8,NR,0.0,NR,173.0,LD,18.3,LD,2420.3988444638144,28.85729871563367,0.25215361445783135,19.750479536231047,0.34715841629221167,1.3700000000000006,0.1884427262233661,0,LOW
ARUNACHAL PRADESH,ANJAW,2026-09-20,0.0,0.0,1.100000000000002,7.300000000000001,7.0,NR,0.0,NR,173.0,LD,18.3,LD,848.2721274384722,17.587996545485325,0.25215361445783135,20.82965030925102,0.7775679517776432,1.3700000000000006,0.13835693880048458,0,LOW
ARUNACHAL PRADESH,ANJAW,2026-09-21,0.0,0.0,1.100000000000002,7.300000000000001,5.3,NR,7.2,LD,173.0,LD,18.3,LD,957.6262797854288,18.21271543101701,0.25215361445783135,17.09372995983912,0.640273976588014,1.3700000000000006,0.1411334671806254,0,LOW
ARUNACHAL PRADESH,CHANGLANG,2026-08-19,1.9,1.9,1.9,1.9,10.7,LD,1.9,LD,757.1,D,130.0,D,1200.4117376257293,32.761800527445885,0.2537198795180723,27.270425602197285,0.5961168988423113,1.8999999999999997,0.20988405891169656,0,LOW
ARUNACHAL PRADESH,CHANGLANG,2026-08-20,95.0,96.9,96.9,96.9,11.1,LE,44.1,D,852.0,N,224.9,N,514.2048297565,30.89643291504278,0.4397138554216868,24.463387561432583,0.700803226927946,96.235,0.8252602507067497,2,HIGH
ARUNACHAL PRADESH,CHANGLANG,2026-08-21,0.3,97.2,97.2,97.2,9.7,LD,44.1,D,757.1,D,225.2,N,368.30768807190555,10.402032187190988,0.44030120481927715,18.979758188023215,0.68559937428883,63.285,0.5850166134520598,1,MEDIUM
ARUNACHAL PRADESH,CHANGLANG,2026-08-22,13.3,108.6,110.5,110.5,6.9,LE,44.1,D,865.6,N,238.5,N,1215.4770692535376,22.641675187015736,0.4663403614457831,25.591094725320723,0.3163157136509882,76.005,0.7352165770807209,2,HIGH
ARUNACHAL PRADESH,CHANGLANG,2026-08-23,1.5,15.1,112.0,112.0,16.3,LD,1.5,LD,867.1,N,240.0,N,605.9279051746661,40.70824314842361,0.46927710843373494,31.64691364233457,0.8496796662440135,49.099999999999994,0.6244783997363356,1,MEDIUM
ARUNACHAL PRADESH,CHANGLANG,2026-08-24,0.3,15.1,112.3,112.3,10.6,LD,44.1,D,867.5,N,240.3,N,1691.0442869721503,6.452227044179009,0.4698644578313253,17.080717303095046,0.8151338358692372,48.8,0.4702102648371951,1,MEDIUM
ARUNACHAL PRADESH,CHANGLANG,2026-08-25,0.5,2.3,112.8,112.8,10.1,LD,44.1,D,757.1,D,240.8,N,1121.0222012372103,39.206557859368544,0.47084337349397587,22.794245180630572,0.7879551777171497,45.87,0.5951129587795462,1,MEDIUM
ARUNACHAL PRADESH,CHANGLANG,2026-08-26,2.0,2.8,112.9,114.8,12.5,LD,112.9,E,870.0,N,242.9,N,2090.0615803417018,11.527126282565746,0.4710391566265061,23.400699955676153,0.623373480365444,46.845,0.4790765135340357,1,MEDIUM
ARUNACHAL PRADESH,CHANGLANG,2026-08-27,0.0,2.5,17.900000000000002,114.8,9.6,NR,0.0,NR,870.0,N,242.9,N,1765.6494999055103,25.289945298468638,0.2850451807228916,17.835552635004642,0.5636747987993884,22.32,0.3283751300886407,0,LOW
ARUNACHAL PRADESH,CHANGLANG,2026-08-28,69.0,71.0,86.6,183.8,7.7,LE,69.0,LE,939.0,N,311.9,N,815.2982713860006,21.97345715692046,0.41954819277108435,24.036863586954354,0.5717671503290009,91.12,0.78156944814053,2,HIGH
ARUNACHAL PRADESH,CHANGLANG,2026-08-29,0.5,69.5,73.8,184.3,8.4,LD,112.9,E,939.5,N,312.4,N,2089.0365134182425,5.405173493658353,0.39448795180722895,25.30161339531753,0.2589621665369395,63.644999999999996,0.5562096751679242,1,MEDIUM
ARUNACHAL PRADESH,CHANGLANG,2026-08-30,0.0,69.5,72.3,184.3,11.8,NR,112.9,E,939.5,N,312.4,N,2021.6726758671646,41.61587748358528,0.3915512048192771,17.67485715991442,0.5496817011672657,63.095,0.7126416067029799,2,HIGH
ARUNACHAL PRADESH,CHANGLANG,2026-08-31,0.0,0.5,72.0,184.3,11.5,NR,112.9,E,939.5,N,312.4,N,999.3220286239274,23.197009093372223,0.39096385542168677,17.630306283150897,0.6242617405959519,45.769999999999996,0.5072712903222105,1,MEDIUM
ARUNACHAL PRADESH,CHANGLANG,2026-09-01,7.6,7.6,79.1,191.9,7.9,N,112.9,E,870.0,N,7.6,N,756.4038546290981,43.1707310704246,0.4048644578313253,29.557928165773852,0.6452237252649691,53.12,0.6511712942059816,1,MEDIUM
ARUNACHAL PRADESH,CHANGLANG,2026-09-02,19.9,27.5,97.0,211.8,11.0,LE,97.0,E,967.1,N,27.5,E,1722.1139847386899,16.469756039168715,0.4399096385542169,20.293586423390764,0.4492836790307878,69.86,0.6587340830081295,1,MEDIUM
ARUNACHAL PRADESH,CHANGLANG,2026-09-03,0.0,27.5,97.0,209.9,9.1,NR,97.0,E,967.1,N,27.5,N,392.39358484280905,39.6510309366389,0.4399096385542169,25.715667580336728,0.5327694101761297,62.61,0.7101264004870582,2,HIGH
ARUNACHAL PRADESH,CHANGLANG,2026-09-04,0.0,19.9,28.0,114.9,8.7,NR,97.0,E,967.1,N,27.5,D,539.7750960640153,41.89558295982522,0.3048192771084337,25.65514228647864,0.6317863639975447,29.21,0.45520438119207585,1,MEDIUM
ARUNACHAL PRADESH,CHANGLANG,2026-09-05,26.4,26.4,53.9,141.0,13.2,LE,97.0,E,993.6,N,54.0,N,68.0375608899635,27.273296654831224,0.3555271084337349,29.265904884904796,0.506983306165109,50.464999999999996,0.5517392580663193,1,MEDIUM
ARUNACHAL PRADESH,CHANGLANG,2026-09-06,1.2,27.6,55.1,128.9,8.9,LD,1.2,LD,994.8,N,55.2,N,1977.9647248802391,13.1071115147087,0.3578765060240964,27.5782087309359,0.8272811193901151,40.43,0.4177775623909723,1,MEDIUM
ARUNACHAL PRADESH,CHANGLANG,2026-09-07,1.0,28.6,56.1,128.4,8.1,LD,97.0,E,995.8,N,56.2,N,1678.8845986504787,32.409897284228805,0.3598343373493976,29.289799368450723,0.6732652659112002,40.785,0.5064876500715073,1,MEDIUM
ARUNACHAL PRADESH,CHANGLANG,2026-09-08,13.2,15.4,61.7,141.3,11.9,N,13.2,N,1009.1,N,69.5,N,1777.655177634521,26.959122661178405,0.37079819277108433,25.628651424061317,0.2507642477505343,45.09,0.5151156020897705,1,MEDIUM
ARUNACHAL PRADESH,CHANGLANG,2026-09-09,0.0,14.2,41.8,140.8,11.5,NR,42.0,D,1009.1,N,69.5,D,1962.7861260038214,42.78118663410503,0.33183734939759035,22.640771728737896,0.2639676888893518,35.120000000000005,0.5066359049924187,1,MEDIUM
ARUNACHAL PRADESH,CHANGLANG,2026-09-10,1.2,14.4,43.0,140.0,8.1,LD,42.0,D,1009.1,N,70.8,D,1174.343650068933,22.570882472419672,0.3341867469879518,21.69063086232227,0.6641801220810246,35.769999999999996,0.4219116064751459,1,MEDIUM
ARUNACHAL PRADESH,CHANGLANG,2026-09-11,0.0,1.2,43.0,140.0,5.3,NR,42.0,D,1010.3,N,70.8,D,1443.4159300845897,15.74054590559288,0.3341867469879518,21.44350603324441,0.4975870585273016,32.05,0.36506016555669685,0,LOW
ARUNACHAL PRADESH,CHANGLANG,2026-09-12,0.0,1.2,16.599999999999998,71.0,10.1,NR,0.0,NR,1010.3,N,70.8,D,392.5026454127607,10.531480059764284,0.2825,22.112682664455683,0.7536825695273598,15.1,0.21085100858263925,0,LOW
ARUNACHAL PRADESH,CHANGLANG,2026-09-13,0.0,0.0,15.4,70.5,11.5,NR,42.0,D,1010.3,N,70.8,D,330.59868016313493,32.94534274746718,0.28015060240963857,17.198257286614094,0.3538092456917572,14.424999999999999,0.30519084685593306,0,LOW
ARUNACHAL PRADESH,CHANGLANG,2026-09-14,0.0,0.0,14.4,70.5,6.2,NR,0.0,NR,1010.3,N,70.8,D,1687.5872563866556,43.96438475922329,0.2781927710843374,22.20729230705384,0.2582961484313751,14.174999999999999,0.35199226371366454,0,LOW
ARUNACHAL PRADESH,CHANGLANG,2026-09-15,0.0,0.0,1.2,70.5,6.9,NR,42.0,D,1009.1,N,70.8,D,1204.1857050506746,6.133750822855939,0.25234939759036146,21.62056342244456,0.48284941006822735,10.875,0.15518435071772896,0,LOW
ARUNACHAL PRADESH,CHANGLANG,2026-09-16,3.8,3.8,5.0,66.69999999999999,7.6,D,3.8,D,1014.1,N,74.5,D,1434.8284608789127,34.61781419112507,0.25978915662650603,15.587718276409936,0.6916384625844694,13.534999999999997,0.3022130526466945,0,LOW
ARUNACHAL PRADESH,CHANGLANG,2026-09-17,5.5,9.3,9.3,52.3,8.3,D,5.0,LD,1019.6,N,80.0,D,1924.2472006692626,42.07721450238667,0.2682078313253012,19.67722284054778,0.8330366400265411,14.419999999999998,0.3433527785890075,0,LOW
ARUNACHAL PRADESH,CHANGLANG,2026-09-18,0.8,10.1,10.1,53.1,6.7,LD,0.8,LD,1020.5,N,80.9,D,1605.0598840014475,7.991261369093974,0.2697740963855422,27.782418570583687,0.7801923276106333,13.295,0.1841604903816398,0,LOW
ARUNACHAL PRADESH,CHANGLANG,2026-09-19,0.0,6.3,10.1,53.1,4.9,NR,0.0,NR,1020.5,N,80.9,D,1406.2695316120898,9.406801804245326,0.2697740963855422,24.82507471396363,0.5404447671622833,12.065,0.18169153951160305,0,LOW
ARUNACHAL PRADESH,CHANGLANG,2026-09-20,0.0,0.8,10.1,26.7,9.7,NR,0.0,NR,1020.5,D,80.9,D,1420.057543826263,32.67828393798835,0.2697740963855422,28.70484744485251,0.7376903699178199,6.73,0.24712369092027897,0,LOW
ARUNACHAL PRADESH,CHANGLANG,2026-09-21,2.5,2.5,12.6,28.0,8.9,LD,5.0,LD,1014.1,N,83.4,D,794.6777402533999,30.918535035831532,0.2746686746987952,24.225696754473002,0.2921982747205684,8.850000000000001,0.25538045351292243,0,LOW
ARUNACHAL PRADESH,DIBANG VALLEY,2026-08-19,0.0,0.0,0.0,0.0,2.5,ND,0.0,ND,0.0,ND,0.0,ND,125.50369469145154,7.753096612649828,0.25,29.519424013079547,0.5933634085509301,0.0,0.08445820716733257,0,LOW
ARUNACHAL PRADESH,DIBANG VALLEY,2026-08-20,0.0,0.0,0.0,0.0,6.2,ND,0.0,ND,0.0,ND,0.0,ND,1119.9576036192877,38.37691008604626,0.25,28.533140693229186,0.8045790478086821,0.0,0.22056404482687225,0,LOW
ARUNACHAL PRADESH,DIBANG VALLEY,2026-08-21,0.0,0.0,0.0,0.0,2.7,ND,0.0,ND,0.0,ND,0.0,ND,575.7324484078465,25.936953913795694,0.25,16.6708376924182,0.48783108849444395,0.0,0.16527535072798086,0,LOW
ARUNACHAL PRADESH,DIBANG VALLEY,2026-08-22,0.0,0.0,0.0,0.0,3.6,ND,0.0,ND,0.0,ND,0.0,ND,1050.8951771253587,41.2878949334645,0.25,31.60910825627187,0.8260603777978693,0.0,0.23350175525984224,0,LOW
ARUNACHAL PRADESH,DIBANG VALLEY,2026-08-23,0.0,0.0,0.0,0.0,4.0,ND,0.0,ND,0.0,ND,0.0,ND,2140.837529507007,40.119635239708174,0.25,15.250706597322589,0.38241105803746317,0.0,0.22830948995425854,0,LOW
ARUNACHAL PRADESH,DIBANG VALLEY,2026-08-24,0.0,0.0,0.0,0.0,3.5,ND,0.0,ND,0.0,ND,0.0,ND,623.1517403700848,37.50031076200663,0.25,25.146246644803515,0.3133802857200361,0.0,0.21666804783114058,0,LOW
ARUNACHAL PRADESH,DIBANG VALLEY,2026-08-25,0.0,0.0,0.0,0.0,6.4,ND,0.0,ND,0.0,ND,0.0,ND,192.84171713821175,25.635955849776852,0.25,28.472695658384957,0.5648574016490207,0.0,0.16393758155456378,0,LOW
ARUNACHAL PRADESH,DIBANG VALLEY,2026-08-26,0.0,0.0,0.0,0.0,3.5,ND,0.0,ND,0.0,ND,0.0,ND,739.3905354538915,15.068425669977291,0.25,20.642200377465358,0.7943481231887346,0.0,0.11697078075545464,0,LOW
ARUNACHAL PRADESH,DIBANG VALLEY,2026-08-27,0.0,0.0,0.0,0.0,4.2,ND,0.0,ND,0.0,ND,0.0,ND,769.3047065283748,25.239020156445303,0.25,25.175686469051684,0.43676753124684653,0.0,0.16217342291753467,0,LOW
ARUNACHAL PRADESH,DIBANG VALLEY,2026-08-28,0.0,0.0,0.0,0.0,2.1,ND,0.0,ND,0.0,ND,0.0,ND,1671.695461080893,9.032455112071203,0.25,21.15608302440662,0.7300961916393713,0.0,0.09014424494253868,0,LOW
ARUNACHAL PRADESH,DIBANG VALLEY,2026-08-29,0.0,0.0,0.0,0.0,3.8,ND,0.0,ND,0.0,ND,0.0,ND,1414.728773236132,31.353845938937045,0.25,16.030454575127532,0.35151835952816857,0.0,0.18935042639527577,0,LOW
ARUNACHAL PRADESH,DIBANG VALLEY,2026-08-30,0.0,0.0,0.0,0.0,3.4,ND,0.0,ND,0.0,ND,0.0,ND,1970.5506123107132,10.359088769160305,0.25,15.143845824518625,0.6973422376005638,0.0,0.09604039452960136,0,LOW
ARUNACHAL PRADESH,DIBANG VALLEY,2026-08-31,0.0,0.0,0.0,0.0,3.6,ND,0.0,ND,0.0,ND,0.0,ND,1677.5681738020994,25.44691850002892,0.25,16.612654511890202,0.5842161648324586,0.0,0.16309741555568408,0,LOW
ARUNACHAL PRADESH,DIBANG VALLEY,2026-09-01,0.0,0.0,0.0,0.0,1.4,ND,0.0,ND,0.0,ND,0.0,ND,1045.6478105281726,7.175278966672711,0.25,16.672963100040796,0.3550101852366233,0.0,0.0818901287407676,0,LOW
ARUNACHAL PRADESH,DIBANG VALLEY,2026-09-02,0.0,0.0,0.0,0.0,2.2,ND,0.0,ND,0.0,ND,0.0,ND,2044.349942431785,16.980499610985834,0.25,25.38512621569375,0.6808523496625651,0.0,0.12546888715993704,0,LOW
ARUNACHAL PRADESH,DIBANG VALLEY,2026-09-03,0.0,0.0,0.0,0.0,3.8,ND,0.0,ND,0.0,ND,0.0,ND,459.0836537738746,14.283218426791514,0.25,23.939708926362727,0.6782536680738565,0.0,0.11348097078574007,0,LOW
ARUNACHAL PRADESH,DIBANG VALLEY,2026-09-04,0.0,0.0,0.0,0.0,7.5,ND,0.0,ND,0.0,ND,0.0,ND,105.64457917795818,29.801261708466818,0.25,22.742876102943416,0.5592611374860641,0.0,0.18245005203763032,0,LOW
ARUNACHAL PRADESH,DIBANG VALLEY,2026-09-05,0.0,0.0,0.0,0.0,4.6,ND,0.0,ND,0.0,ND,0.0,ND,270.6172589003223,36.47146848090035,0.25,26.762665085241096,0.38528058258560477,0.0,0.21209541547066824,0,LOW
ARUNACHAL PRADESH,DIBANG VALLEY,2026-09-06,0.0,0.0,0.0,0.0,5.8,ND,0.0,ND,0.0,ND,0.0,ND,1819.7804089613032,7.292118181621046,0.25,15.286044329211622,0.32937633534699795,0.0,0.08240941414053798,0,LOW
ARUNACHAL PRADESH,DIBANG VALLEY,2026-09-07,0.0,0.0,0.0,0.0,3.5,ND,0.0,ND,0.0,ND,0.0,ND,1181.599214115899,39.01134740621537,0.25,19.606719184067426,0.8243530290758735,0.0,0.22338376624984613,0,LOW
ARUNACHAL PRADESH,DIBANG VALLEY,2026-09-08,0.0,0.0,0.0,0.0,7.3,ND,0.0,ND,0.0,ND,0.0,ND,445.1158586323244,39.43070779818418,0.25,28.215676431889676,0.643487522955493,0.0,0.22524759021415192,0,LOW
ARUNACHAL PRADESH,DIBANG VALLEY,2026-09-09,0.0,0.0,0.0,0.0,7.8,ND,0.0,ND,0.0,ND,0.0,ND,1277.5596990032407,18.69076297152091,0.25,30.469610810791014,0.7355448901440303,0.0,0.13307005765120405,0,LOW
ARUNACHAL PRADESH,DIBANG VALLEY,2026-09-10,0.0,0.0,0.0,0.0,5.6,ND,0.0,ND,0.0,ND,0.0,ND,423.16465164726264,31.360162638812884,0.25,22.45172213603889,0.6681823174301449,0.0,0.18937850061694617,0,LOW
ARUNACHAL PRADESH,DIBANG VALLEY,2026-09-11,0.0,0.0,0.0,0.0,9.3,ND,0.0,ND,0.0,ND,0.0,ND,1755.9849189404533,21.10452126813798,0.25,16.385227662353927,0.7476841991153733,0.0,0.14379787230283547,0,LOW
ARUNACHAL PRADESH,DIBANG VALLEY,2026-09-12,0.0,0.0,0.0,0.0,18.3,ND,0.0,ND,0.0,ND,0.0,ND,1143.0828751563752,11.16763528758526,0.25,28.578388566884296,0.34749449184935405,0.0,0.09963393461149005,0,LOW
ARUNACHAL PRADESH,DIBANG VALLEY,2026-09-13,0.0,0.0,0.0,0.0,19.9,ND,0.0,ND,0.0,ND,0.0,ND,983.502003936382,26.146496742524413,0.25,30.047897365636473,0.5481701347282266,0.0,0.16620665218899738,0,LOW
ARUNACHAL PRADESH,DIBANG VALLEY,2026-09-14,0.0,0.0,0.0,0.0,18.6,ND,0.0,ND,0.0,ND,0.0,ND,788.7046184122975,8.454386980063866,0.25,22.03222460179323,0.650274862301376,0.0,0.08757505324472831,0,LOW
ARUNACHAL PRADESH,DIBANG VALLEY,2026-09-15,0.0,0.0,0.0,0.0,14.7,ND,0.0,ND,0.0,ND,0.0,ND,1594.1923531412767,40.13888621583951,0.25,19.13703931664471,0.3120339399371308,0.0,0.2283950498481756,0,LOW
ARUNACHAL PRADESH,DIBANG VALLEY,2026-09-16,0.0,0.0,0.0,0.0,18.2,ND,0.0,ND,0.0,ND,0.0,ND,936.4408958558065,41.97159037638434,0.25,15.74751835979007,0.33997416959704496,0.0,0.2365404016728193,0,LOW
ARUNACHAL PRADESH,DIBANG VALLEY,2026-09-17,0.0,0.0,0.0,0.0,16.7,ND,0.0,ND,0.0,ND,0.0,ND,264.74230232444745,37.864525480456145,0.25,25.04840797221255,0.6303895565505679,0.0,0.21828677991313844,0,LOW
ARUNACHAL PRADESH,DIBANG VALLEY,2026-09-18,0.0,0.0,0.0,0.0,5.0,ND,0.0,ND,0.0,ND,0.0,ND,339.1144601952625,27.501124830239142,0.25,30.467781339562485,0.771223482552292,0.0,0.17222722146772954,0,LOW
ARUNACHAL PRADESH,DIBANG VALLEY,2026-09-19,0.0,0.0,0.0,0.0,9.7,ND,0.0,ND,0.0,ND,0.0,ND,2406.6492781463107,27.303943645018197,0.25,26.524096433845536,0.6462497073649586,0.0,0.17135086064452532,0,LOW
ARUNACHAL PRADESH,DIBANG VALLEY,2026-09-20,0.0,0.0,0.0,0.0,8.2,ND,0.0,ND,0.0,ND,0.0,ND,2276.0226922336374,44.38429506403719,0.25,20.393226164210482,0.27172288807364536,0.0,0.24726353361794307,0,LOW
ARUNACHAL PRADESH,DIBANG VALLEY,2026-09-21,0.0,0.0,0.0,0.0,7.1,ND,0.0,ND,0.0,ND,0.0,ND,1764.2824778363365,14.916067593247316,0.25,25.929101512929435,0.8322597502541937,0.0,0.11629363374776586,0,LOW
ARUNACHAL PRADESH,EAST KAMENG,2026-08-19,0.0,0.0,0.0,0.0,4.6,NR,0.0,NR,1048.9,E,201.8,E,701.381405575823,8.037934636208298,0.25,29.145162926616432,0.33370414054374703,0.0,0.08572415393870356,0,LOW
ARUNACHAL PRADESH,EAST KAMENG,2026-08-20,0.0,0.0,0.0,0.0,10.7,NR,46.4,N,1048.9,E,201.8,E,2424.4821245019234,27.47763694404711,0.25,23.089111008940783,0.3895373401314938,0.0,0.17212283086243158,0,LOW
ARUNACHAL PRADESH,EAST KAMENG,2026-08-21,0.0,0.0,0.0,0.0,8.6,NR,46.4,N,1048.9,E,201.8,E,1957.9397147161967,18.151423912404134,0.25,28.935724329963257,0.8349803691428346,0.0,0.1306729951662406,0,LOW
ARUNACHAL PRADESH,EAST KAMENG,2026-08-22,7.2,7.2,7.2,7.2,10.5,D,46.4,N,1056.1,E,209.0,E,1806.3809634395393,17.89355091232177,0.2640963855421687,21.66246450332802,0.7126197979920249,7.2,0.18362563362046655,0,LOW
ARUNACHAL PRADESH,EAST KAMENG,2026-08-23,0.0,7.2,7.2,7.2,7.0,NR,0.0,NR,1056.1,N,209.0,N,1150.9356802522823,5.283414166797922,0.2640963855421687,20.9245965361281,0.8119460082271039,4.68,0.10963276916920517,0,LOW
ARUNACHAL PRADESH,EAST KAMENG,2026-08-24,0.0,7.2,7.2,7.2,7.0,NR,46.4,N,1056.1,N,209.0,N,716.9918265206396,28.84957638191732,0.2640963855421687,24.91080663993542,0.7339718156848178,4.68,0.21437126790306915,0,LOW
ARUNACHAL PRADESH,EAST KAMENG,2026-08-25,11.5,11.5,18.7,18.7,10.3,N,46.4,N,1048.9,E,220.5,N,286.1578572760733,15.561348091024563,0.2866114457831325,22.899669100806182,0.64104068500192,14.379999999999999,0.22890032041025118,0,LOW
ARUNACHAL PRADESH,EAST KAMENG,2026-08-26,9.2,20.7,27.9,27.9,12.1,D,27.9,D,1076.8,N,229.6,N,2261.375871532412,12.514341927707239,0.3046234939759036,31.610902647838415,0.4207317993178036,19.555,0.2558175948738352,0,LOW
ARUNACHAL PRADESH,EAST KAMENG,2026-08-27,0.5,21.2,28.4,28.4,7.7,LD,0.5,LD,1077.3,N,230.2,N,1166.6519100923472,6.617277255720149,0.30560240963855423,23.77862019997897,0.4461288650197152,16.835,0.21043195989392344,0,LOW
ARUNACHAL PRADESH,EAST KAMENG,2026-08-28,0.0,9.7,28.4,28.4,10.8,NR,0.0,NR,1077.3,N,230.2,N,545.7902437483142,19.574463059024453,0.30560240963855423,21.547924491572367,0.8183626438266218,13.784999999999998,0.24629690181367025,0,LOW
ARUNACHAL PRADESH,EAST KAMENG,2026-08-29,17.0,17.5,38.2,45.4,8.8,LE,27.9,D,1094.3,N,247.2,N,799.5937291690987,40.158754895458294,0.32478915662650604,21.713870233185116,0.7663753696933867,26.685,0.43349569826653717,1,MEDIUM
ARUNACHAL PRADESH,EAST KAMENG,2026-08-30,5.0,22.0,43.2,50.4,8.8,D,27.9,D,1099.2,N,252.1,N,1469.087943907645,18.466832303894893,0.33457831325301207,24.314979160422983,0.4656942690653959,25.61,0.33138867594377763,0,LOW
ARUNACHAL PRADESH,EAST KAMENG,2026-08-31,26.1,48.1,69.3,76.5,7.5,LE,27.9,D,1125.4,N,278.2,N,483.0933182011177,32.16296840478375,0.3856777108433735,21.03350464613932,0.4739604505724223,49.96,0.5759045683949761,1,MEDIUM
ARUNACHAL PRADESH,EAST KAMENG,2026-09-01,43.4,74.5,101.2,119.9,7.1,LE,27.9,D,1076.8,N,43.4,LE,2148.70499602632,35.261878536076296,0.44813253012048193,27.28941223340391,0.42861663416553086,77.1,0.7954635552291767,2,HIGH
ARUNACHAL PRADESH,EAST KAMENG,2026-09-02,14.7,84.2,106.7,134.6,9.0,LE,106.6,LE,1183.4,E,58.0,LE,1908.3728480962648,18.12403236760798,0.4589006024096386,21.471269770927897,0.4456780855750023,73.06,0.6926754877137797,1,MEDIUM
ARUNACHAL PRADESH,EAST KAMENG,2026-09-03,12.0,70.1,118.2,146.6,15.1,D,106.6,LE,1183.4,E,70.0,LE,1812.6842420797952,37.86562940048165,0.4814156626506024,21.53045457092913,0.7664004797732714,73.265,0.7863789713013443,2,HIGH
ARUNACHAL PRADESH,EAST KAMENG,2026-09-04,6.2,32.9,124.4,152.8,10.2,D,106.6,LE,1201.6,E,76.2,LE,1108.627947449004,32.675186386677964,0.4935542168674699,25.48854523940568,0.2563041139539081,64.415,0.7027070392250114,2,HIGH
ARUNACHAL PRADESH,EAST KAMENG,2026-09-05,0.0,18.2,107.4,152.8,9.7,NR,106.6,LE,1201.6,N,76.2,E,1586.9066597209858,27.369689148038063,0.4602710843373494,16.03439683583217,0.5116315726657148,54.32000000000001,0.6005723437801986,1,MEDIUM
ARUNACHAL PRADESH,EAST KAMENG,2026-09-06,8.2,14.4,110.6,153.8,10.4,D,8.2,D,1209.8,N,84.4,E,1481.0400238362022,5.039698562025157,0.46653614457831327,26.141033607957482,0.8157038071167447,57.19,0.5230215171740634,1,MEDIUM
ARUNACHAL PRADESH,EAST KAMENG,2026-09-07,4.2,12.4,88.7,158.0,7.1,D,106.6,LE,1213.9,N,88.6,E,1642.124173809309,6.403630636912325,0.42365963855421684,23.58452769169768,0.5755818131096853,50.445,0.4724692499453084,1,MEDIUM
ARUNACHAL PRADESH,EAST KAMENG,2026-09-08,0.0,12.4,45.3,158.0,8.6,NR,0.0,NR,1213.9,N,88.6,N,256.88858679272823,44.63463376424254,0.33868975903614457,22.701443942872906,0.5202674740863421,38.125,0.5376459836128217,1,MEDIUM
ARUNACHAL PRADESH,EAST KAMENG,2026-09-09,0.0,4.2,30.6,146.5,6.8,NR,30.5,D,1213.9,N,88.5,N,1068.7281353179937,36.29135694014238,0.3099096385542169,27.227300842035174,0.4374218828197528,30.674999999999997,0.4417487286892639,1,MEDIUM
ARUNACHAL PRADESH,EAST KAMENG,2026-09-10,2.5,2.5,21.1,139.79999999999998,11.2,LD,30.5,D,1213.9,N,91.1,N,151.95472596163657,42.502610350917884,0.29131024096385544,27.890348294082635,0.2943475779171423,27.744999999999997,0.4447665270725057,1,MEDIUM
ARUNACHAL PRADESH,EAST KAMENG,2026-09-11,2.5,5.0,17.4,141.79999999999998,8.8,LD,30.5,D,1218.9,N,93.6,N,1260.2775071490714,41.0921281967211,0.28406626506024096,29.38643467801181,0.3846918868165077,27.744999999999997,0.4370489223175749,1,MEDIUM
ARUNACHAL PRADESH,EAST KAMENG,2026-09-12,18.8,23.8,36.2,160.6,16.4,N,18.8,N,1237.7,N,112.4,N,858.159970215324,5.8177193257100335,0.3208734939759036,21.371653053896605,0.30427504596212274,45.67,0.41529971540499444,1,MEDIUM
ARUNACHAL PRADESH,EAST KAMENG,2026-09-13,1.6,22.9,29.6,145.2,13.2,LD,30.5,D,1239.3,N,113.9,N,404.0842627218149,36.673891591642956,0.3079518072289157,20.559640768307478,0.32601965782925696,35.464999999999996,0.4771724039992816,1,MEDIUM
ARUNACHAL PRADESH,EAST KAMENG,2026-09-14,0.0,20.4,25.4,140.2,8.1,NR,0.0,NR,1239.3,N,114.0,D,303.3372709202515,23.045829760446182,0.2997289156626506,27.14381572540683,0.3481099264757619,32.48,0.39369905105409625,0,LOW
ARUNACHAL PRADESH,EAST KAMENG,2026-09-15,0.0,1.6,25.4,114.1,9.8,NR,30.5,D,1213.9,N,114.0,D,1489.7292018353944,36.58232816002623,0.2997289156626506,24.890682605387582,0.4312176592505671,23.865,0.3925039635742301,0,LOW
ARUNACHAL PRADESH,EAST KAMENG,2026-09-16,34.0,34.0,59.400000000000006,104.7,9.9,LE,34.0,LE,1273.3,N,147.9,N,467.95277291537093,5.268631366535406,0.3662951807228916,25.74062628798088,0.25661000799732125,50.955,0.4595842125134618,1,MEDIUM
ARUNACHAL PRADESH,EAST KAMENG,2026-09-17,69.1,103.1,126.0,159.1,11.9,LE,59.4,D,1342.4,N,217.0,E,2316.5442900231533,16.52797204802257,0.4966867469879518,24.443889420799202,0.8200863313559486,105.32499999999999,0.7727950029443573,2,HIGH
ARUNACHAL PRADESH,EAST KAMENG,2026-09-18,56.5,159.6,180.0,203.6,10.5,LE,56.5,LE,1399.0,E,273.6,E,1473.5997922659676,35.052951031652086,0.6024096385542168,28.135781394465525,0.3242914556061847,135.215,0.8762728211848527,2,HIGH
ARUNACHAL PRADESH,EAST KAMENG,2026-09-19,2.5,128.1,163.7,199.9,6.8,LD,2.5,LD,1401.5,E,276.1,E,899.8310211103508,36.720831544063586,0.5704969879518071,18.230695104366603,0.4798893234157522,103.80999999999999,0.8773030933417552,2,HIGH
ARUNACHAL PRADESH,EAST KAMENG,2026-09-20,0.0,59.0,162.1,199.9,5.1,NR,0.0,NR,1401.5,E,276.1,E,1497.742954129471,29.78858404858496,0.5673644578313253,24.447106256603746,0.7777165358288683,85.25999999999999,0.8458665984488649,2,HIGH
ARUNACHAL PRADESH,EAST KAMENG,2026-09-21,0.0,2.5,162.1,191.7,7.3,NR,59.4,D,1273.3,N,276.1,E,105.86948402275887,17.05024757785055,0.5673644578313253,17.687730412041706,0.31394078211445736,69.905,0.6871255059049951,1,MEDIUM
ARUNACHAL PRADESH,EAST SIANG,2026-08-19,0.4,0.4,0.4,0.4,22.9,LD,0.4,LD,1748.6,D,277.5,D,2398.470072441541,17.414503651514515,0.25078313253012047,21.92328296794686,0.5401625510524725,0.39999999999999997,0.13040327959988754,0,LOW
ARUNACHAL PRADESH,EAST SIANG,2026-08-20,66.8,67.2,67.2,67.2,17.9,LE,53.6,LD,1815.3,D,344.3,N,1231.6434205101057,43.6705585456813,0.38156626506024094,26.28789499807327,0.7568701585248374,67.06,0.748015850283909,2,HIGH
ARUNACHAL PRADESH,EAST SIANG,2026-08-21,0.0,67.2,67.2,67.2,25.4,NR,53.6,LD,1748.6,D,344.3,D,1967.7013067632013,22.568487169368183,0.38156626506024094,23.382217341340898,0.584177574420484,43.68,0.48771305274630405,1,MEDIUM
ARUNACHAL PRADESH,EAST SIANG,2026-08-22,0.0,66.8,67.2,67.2,30.5,NR,53.6,LD,1815.3,D,344.3,D,252.6884998099745,22.88502200975348,0.38156626506024094,21.453056123427082,0.376206157253656,43.58,0.48840765948734455,1,MEDIUM
ARUNACHAL PRADESH,EAST SIANG,2026-08-23,2.1,2.1,69.3,69.3,27.6,LD,2.1,LD,1817.4,D,346.4,D,1242.3129105534929,27.09331000962798,0.3856777108433735,30.044490024065304,0.6913057188475489,28.98,0.40395009418530836,1,MEDIUM
ARUNACHAL PRADESH,EAST SIANG,2026-08-24,3.1,5.2,72.4,72.4,29.1,LD,53.6,LD,1820.5,D,349.5,D,1252.2321361685763,21.38009347457555,0.39174698795180724,28.138037146457133,0.6588046377205047,31.345,0.3966157554705426,0,LOW
ARUNACHAL PRADESH,EAST SIANG,2026-08-25,6.1,11.3,78.5,78.5,26.0,LD,53.6,LD,1748.6,D,355.6,D,2347.674814688708,27.106862583896568,0.40368975903614457,23.946943345006375,0.46731154392815455,36.36,0.4601741876448685,1,MEDIUM
ARUNACHAL PRADESH,EAST SIANG,2026-08-26,32.4,41.6,110.5,110.9,17.8,LE,110.5,D,1859.0,D,388.0,D,1450.7337283213847,22.293416910702316,0.4663403614457831,31.150903646483293,0.2777770969488251,66.0,0.6624116746024327,1,MEDIUM
ARUNACHAL PRADESH,EAST SIANG,2026-08-27,0.1,38.6,43.8,111.0,19.3,LD,0.1,LD,1859.1,D,388.1,D,1210.0490325895369,38.06859678408747,0.33575301204819274,22.214209920394897,0.25471881393765633,37.285,0.5018936435537865,1,MEDIUM
ARUNACHAL PRADESH,EAST SIANG,2026-08-28,1.6,34.1,45.4,112.6,16.1,LD,1.6,LD,1860.7,D,389.7,D,704.0903745751393,41.362040791931356,0.3388855421686747,28.3972397689978,0.7452357298763029,37.325,0.5174425644103469,1,MEDIUM
ARUNACHAL PRADESH,EAST SIANG,2026-08-29,0.0,1.7000000000000002,45.4,112.6,24.0,NR,110.5,D,1860.7,D,389.7,D,862.3440434892528,42.28441039261447,0.3388855421686747,17.854916076624104,0.4429344169354411,28.665,0.4598641856214142,1,MEDIUM
ARUNACHAL PRADESH,EAST SIANG,2026-08-30,0.0,1.6,43.3,112.6,23.2,NR,110.5,D,1860.7,D,389.7,D,1325.6473860552676,27.571848233175462,0.3347740963855422,19.85847211088015,0.33266193916354275,28.114999999999995,0.3897355500669185,0,LOW
ARUNACHAL PRADESH,EAST SIANG,2026-08-31,0.0,0.0,40.2,112.6,20.3,NR,110.5,D,1860.7,D,389.7,D,1125.3330777473643,22.685942298579814,0.32870481927710843,20.747454882677232,0.5611307356977893,26.939999999999998,0.35843803358968895,0,LOW
ARUNACHAL PRADESH,EAST SIANG,2026-09-01,49.7,49.7,83.80000000000001,162.3,21.5,LE,110.5,D,1859.0,D,49.7,LE,102.94959570680955,33.20960235167352,0.414066265060241,16.798952795976895,0.8024999774350541,75.11500000000001,0.7653916115110002,2,HIGH
ARUNACHAL PRADESH,EAST SIANG,2026-09-02,5.9,55.6,57.3,168.20000000000002,24.8,LD,57.2,LD,1916.3,D,55.6,E,2074.415214276177,38.53294365183626,0.36218373493975903,23.530681856293153,0.25508851871343863,55.519999999999996,0.6391159156234026,1,MEDIUM
ARUNACHAL PRADESH,EAST SIANG,2026-09-03,0.1,55.7,57.3,167.9,24.1,LD,57.2,LD,1916.3,D,55.7,D,2245.5938910074283,27.519289682655085,0.36218373493975903,18.268422280150425,0.28368612440584867,53.47,0.575565939605489,1,MEDIUM
ARUNACHAL PRADESH,EAST SIANG,2026-09-04,0.3,6.300000000000001,56.0,101.4,24.7,LD,57.2,LD,1916.7,D,56.0,D,393.6102680465964,32.999240872890454,0.35963855421686747,25.781160120644195,0.5002269595510433,30.89,0.43859414661556356,1,MEDIUM
ARUNACHAL PRADESH,EAST SIANG,2026-09-05,10.9,11.3,66.9,112.3,26.7,LD,57.2,LD,1927.7,D,67.0,D,1407.388551670671,34.98917402884992,0.38097891566265063,18.23157011274131,0.6555795440530381,40.21,0.5180847829947215,1,MEDIUM
ARUNACHAL PRADESH,EAST SIANG,2026-09-06,25.8,37.0,92.7,138.1,18.2,E,25.8,E,1953.5,D,92.8,D,316.0105657818367,32.05575106869147,0.4314909638554217,17.09960637476768,0.5356602752602302,62.17,0.6715521211383542,1,MEDIUM
ARUNACHAL PRADESH,EAST SIANG,2026-09-07,9.7,46.400000000000006,102.4,145.70000000000002,13.7,D,57.2,LD,1963.2,D,102.5,D,1696.9882279475387,34.84534222917238,0.4504819277108434,31.474474369181717,0.7885290630792428,62.45,0.6897426982059018,1,MEDIUM
ARUNACHAL PRADESH,EAST SIANG,2026-09-08,0.0,35.5,52.7,142.60000000000002,13.7,NR,0.0,NR,1963.2,D,102.5,D,739.0227704055704,13.345813302239936,0.3531777108433735,26.190085198788807,0.2764507333224869,43.440000000000005,0.4393363648189701,1,MEDIUM
ARUNACHAL PRADESH,EAST SIANG,2026-09-09,0.0,9.700000000000005,46.8,136.5,20.8,NR,46.9,LD,1963.2,D,102.5,D,1665.5854549951594,24.934981880871902,0.3416265060240964,30.919665550044307,0.45408452178624614,34.599999999999994,0.42557375393452285,1,MEDIUM
ARUNACHAL PRADESH,EAST SIANG,2026-09-10,0.0,0.0,46.7,104.1,22.5,NR,46.9,LD,1963.2,D,102.5,D,1831.1368050028625,28.53074218420349,0.3414307228915663,23.328092463884943,0.46080873363323244,27.29,0.38945285439437105,0,LOW
ARUNACHAL PRADESH,EAST SIANG,2026-09-11,0.0,0.0,46.400000000000006,104.0,20.5,NR,46.9,LD,1963.2,D,102.5,D,1933.1863551982597,5.099117234280923,0.3408433734939759,15.567841872077363,0.45407633559180505,27.200000000000003,0.28455383588725897,0,LOW
ARUNACHAL PRADESH,EAST SIANG,2026-09-12,0.0,0.0,35.5,102.4,22.8,NR,0.0,NR,1963.2,D,102.5,LD,313.9653175919466,39.23850035254728,0.31950301204819276,24.76430989733455,0.5426115472740344,24.235,0.4108991872514739,1,MEDIUM
ARUNACHAL PRADESH,EAST SIANG,2026-09-13,14.1,14.100000000000003,23.8,116.5,26.1,D,46.9,LD,1977.3,D,116.6,D,2294.2290205871395,29.400980337796483,0.29659638554216866,24.491591076207044,0.7243462271167662,31.884999999999998,0.4170799808150032,1,MEDIUM
ARUNACHAL PRADESH,EAST SIANG,2026-09-14,0.0,14.100000000000003,14.1,116.5,32.1,NR,0.0,NR,1977.3,D,116.6,LD,614.024277692458,10.16545326792813,0.277605421686747,15.254585300922098,0.4407295698416904,24.525,0.2753715494190483,0,LOW
ARUNACHAL PRADESH,EAST SIANG,2026-09-15,0.0,14.100000000000003,14.1,116.5,28.7,NR,46.9,LD,1963.2,D,116.6,LD,141.66076263164047,37.654282903033085,0.277605421686747,29.641114754831136,0.6966899239793216,24.525,0.39754412557507035,0,LOW
ARUNACHAL PRADESH,EAST SIANG,2026-09-16,0.3,0.3000000000000035,14.4,67.10000000000001,16.5,LD,0.3,LD,1977.7,D,116.9,LD,1409.3885500091342,33.68227865762179,0.2781927710843374,25.539501570479217,0.33787928276744283,13.845000000000002,0.30394370562632933,0,LOW
ARUNACHAL PRADESH,EAST SIANG,2026-09-17,31.4,31.700000000000003,45.8,92.6,18.6,LE,14.4,LD,2009.1,D,148.4,LD,958.759595462975,35.33198173854548,0.3396686746987952,27.659749879394482,0.5864349133803701,44.254999999999995,0.5401554121414444,1,MEDIUM
ARUNACHAL PRADESH,EAST SIANG,2026-09-18,21.2,52.900000000000006,67.0,113.7,14.4,E,21.2,E,2030.3,D,169.6,D,2082.9848706744124,20.68169847447425,0.38117469879518073,23.39665880467775,0.4750528153993271,54.449999999999996,0.5559545428814658,1,MEDIUM
ARUNACHAL PRADESH,EAST SIANG,2026-09-19,0.0,52.60000000000001,67.0,113.4,22.4,NR,0.0,NR,2030.3,D,169.6,D,2030.2161065575394,39.16810026779969,0.38117469879518073,25.51284144444047,0.5735264813773424,46.910000000000004,0.584415334837136,1,MEDIUM
ARUNACHAL PRADESH,EAST SIANG,2026-09-20,0.0,21.200000000000003,52.89999999999999,102.5,18.0,NR,0.0,NR,2030.3,D,169.6,LD,826.9902874156526,21.56110328529449,0.3535692771084337,19.37698818488491,0.3146498502233497,33.9,0.4079817887685649,1,MEDIUM
ARUNACHAL PRADESH,EAST SIANG,2026-09-21,7.7,7.700000000000004,60.6,84.39999999999999,14.7,D,14.4,LD,1977.7,D,177.3,LD,2384.603517920875,27.820366117823653,0.36864457831325304,31.553882052067003,0.8220777080565451,32.43,0.4283462377866696,1,MEDIUM
ARUNACHAL PRADESH,KURUNG KUMEY,2026-08-19,1.0,1.0,1.0,1.0,5.8,LD,1.0,LD,429.9,D,131.2,N,762.7487034432907,5.025692147994949,0.2519578313253012,21.812240128310307,0.7937284700810667,1.0,0.07985012352953508,0,LOW
ARUNACHAL PRADESH,KURUNG KUMEY,2026-08-20,3.7,4.7,4.7,4.7,6.6,D,11.7,LD,433.6,D,134.8,N,1311.8899666177006,30.79492458711449,0.25920180722891567,17.759552562739696,0.7458377825743774,4.35,0.21968803551663296,0,LOW
ARUNACHAL PRADESH,KURUNG KUMEY,2026-08-21,5.3,10.0,10.0,10.0,5.9,N,11.7,LD,429.9,D,140.2,N,677.1144718906268,33.72703168511747,0.26957831325301207,15.950562112368665,0.785669694032831,8.355,0.26331912543359937,0,LOW
ARUNACHAL PRADESH,KURUNG KUMEY,2026-08-22,2.5,11.5,12.5,12.5,4.4,D,11.7,LD,441.4,D,142.7,N,2343.30674661996,27.684374619551694,0.2744728915662651,25.81492286245131,0.33801272210889166,8.75,0.2402550358200563,0,LOW
ARUNACHAL PRADESH,KURUNG KUMEY,2026-08-23,3.8,11.6,16.3,16.3,4.0,N,3.8,N,445.2,D,146.5,N,453.28915307594445,24.862352681744643,0.28191265060240966,31.717457469999747,0.5522330638117996,10.75,0.2434449633393596,0,LOW
ARUNACHAL PRADESH,KURUNG KUMEY,2026-08-24,4.5,10.8,20.8,20.8,9.1,D,11.7,LD,449.8,D,151.0,N,160.03101751120602,37.39745894846833,0.2907228915662651,30.22850644638679,0.44074549525391404,12.595000000000002,0.31405895747918905,0,LOW
ARUNACHAL PRADESH,KURUNG KUMEY,2026-08-25,0.0,8.3,20.8,20.8,6.7,NR,11.7,LD,429.9,D,151.0,D,1115.9877970074429,32.254908686609674,0.2907228915662651,26.93577764726903,0.7824315647824951,10.395,0.2755344535583676,0,LOW
ARUNACHAL PRADESH,KURUNG KUMEY,2026-08-26,4.8,9.3,24.6,25.6,2.2,LE,24.7,D,454.6,D,155.8,D,2481.320131936801,16.12296158880092,0.29816265060240965,31.840164792878635,0.3636626094996799,13.995000000000001,0.23096459449285894,0,LOW
ARUNACHAL PRADESH,KURUNG KUMEY,2026-08-27,0.7,5.5,21.6,26.3,9.8,LD,0.7,LD,455.2,D,156.5,D,2234.6093023245394,43.36293352319943,0.292289156626506,27.28808045471581,0.3819672130851834,10.965,0.32927633004331147,0,LOW
ARUNACHAL PRADESH,KURUNG KUMEY,2026-08-28,0.0,5.5,16.3,26.3,8.5,ND,0.0,ND,455.2,D,156.5,D,1884.0896476695257,33.29068776781363,0.28191265060240966,20.767269097823732,0.6620286738130066,9.395,0.27125372023089456,0,LOW
ARUNACHAL PRADESH,KURUNG KUMEY,2026-08-29,1.5,2.2,15.3,27.8,8.9,LD,24.7,D,456.8,D,158.0,D,2232.441602652386,44.517557156496984,0.2799548192771084,25.220708262022946,0.3033397954526009,9.07,0.3184446532405765,0,LOW
ARUNACHAL PRADESH,KURUNG KUMEY,2026-08-30,0.0,1.5,11.5,27.8,14.8,ND,24.7,D,456.8,D,158.0,D,2238.9442672597647,43.85045265075473,0.27251506024096384,16.356032922254546,0.6894203061499838,7.42,0.30224024878451705,0,LOW
ARUNACHAL PRADESH,KURUNG KUMEY,2026-08-31,15.2,16.7,22.2,43.0,8.3,LE,24.7,D,472.0,D,173.2,D,1321.2029829468001,41.756388912403594,0.29346385542168674,18.768602333783193,0.4108763729884734,21.494999999999997,0.3973672870009004,0,LOW
ARUNACHAL PRADESH,KURUNG KUMEY,2026-09-01,36.5,51.7,58.7,79.5,2.7,LE,24.7,D,454.6,D,36.5,LE,824.0261769854428,35.214861649012306,0.36492469879518075,22.09818401078437,0.6465612191602884,52.3,0.6019837616194103,1,MEDIUM
ARUNACHAL PRADESH,KURUNG KUMEY,2026-09-02,8.2,59.900000000000006,62.10000000000001,87.7,6.6,E,62.2,N,516.8,D,44.8,LE,1941.4304586719206,29.377174739878697,0.37158132530120486,18.43091439057177,0.7738226718163962,46.525000000000006,0.5362394086984383,1,MEDIUM
ARUNACHAL PRADESH,KURUNG KUMEY,2026-09-03,6.2,50.9,67.60000000000001,92.9,7.4,N,62.2,N,516.8,D,51.0,LE,1671.0700947610146,11.886826547316968,0.38234939759036146,31.2095172520789,0.6157668239409944,45.730000000000004,0.4549960348647645,1,MEDIUM
ARUNACHAL PRADESH,KURUNG KUMEY,2026-09-04,0.7,15.1,68.3,89.89999999999999,8.8,LD,62.2,N,523.7,D,51.7,LE,965.4614357405896,26.734056696950308,0.3837198795180723,31.92515795465904,0.37761023997166543,34.58,0.4418458737504211,1,MEDIUM
ARUNACHAL PRADESH,KURUNG KUMEY,2026-09-05,0.2,7.1000000000000005,67.0,84.8,8.6,LD,62.2,N,523.9,D,51.9,E,281.44333675071243,35.61506089577309,0.38117469879518073,21.305910642068312,0.27949931532352995,31.314999999999998,0.45755415507967145,1,MEDIUM
ARUNACHAL PRADESH,KURUNG KUMEY,2026-09-06,5.5,6.4,72.5,87.8,17.2,LD,5.5,LD,529.4,D,57.4,N,1879.6345478051137,25.83428634822271,0.39194277108433734,27.056892763312376,0.27676838301703954,34.82,0.4412007881882752,1,MEDIUM
ARUNACHAL PRADESH,KURUNG KUMEY,2026-09-07,0.0,5.7,57.3,84.0,8.0,NR,62.2,N,529.4,D,57.4,N,693.0282640110185,39.72956513622631,0.36218373493975903,21.93210242127509,0.3032871292084047,28.35,0.4509254798383448,1,MEDIUM
ARUNACHAL PRADESH,KURUNG KUMEY,2026-09-08,0.0,5.5,20.8,79.5,7.2,NR,0.0,NR,529.4,D,57.4,N,2345.192218807759,9.38623596766793,0.2907228915662651,17.37165647456551,0.5978907474818296,18.5,0.23162091539386595,0,LOW
ARUNACHAL PRADESH,KURUNG KUMEY,2026-09-09,1.0,1.0,13.6,80.5,7.7,LD,13.7,LD,530.4,D,58.4,D,640.3779087639276,20.237613921945364,0.2766265060240964,20.727756410935847,0.4589307124243907,16.075,0.25975877653314816,0,LOW
ARUNACHAL PRADESH,KURUNG KUMEY,2026-09-10,0.0,1.0,7.4,75.7,15.6,NR,13.7,LD,530.4,D,58.4,D,350.75693440814075,25.23857674374629,0.2644879518072289,18.967318878166274,0.39586418643753885,13.455,0.2608975400992848,0,LOW
ARUNACHAL PRADESH,KURUNG KUMEY,2026-09-11,0.0,1.0,6.7,75.0,9.4,NR,13.7,LD,530.4,D,58.4,D,2086.22604670602,22.29301183476432,0.26311746987951806,20.577329746926136,0.38158393467831475,13.175,0.24553784275727464,0,LOW
ARUNACHAL PRADESH,KURUNG KUMEY,2026-09-12,2.8,2.8,9.3,77.8,11.9,LD,2.8,LD,533.2,D,61.2,D,425.54657573001043,9.343461912862123,0.2682078313253012,18.65536870276118,0.8191489191418594,15.675,0.20680772913255357,0,LOW
ARUNACHAL PRADESH,KURUNG KUMEY,2026-09-13,28.8,31.6,32.6,105.1,22.4,E,13.7,LD,561.9,D,89.9,D,489.20735498646076,11.141131761785221,0.3138253012048193,16.909867023990188,0.32128994553524465,41.895,0.41066358004296777,1,MEDIUM
ARUNACHAL PRADESH,KURUNG KUMEY,2026-09-14,1.5,33.1,34.1,106.6,12.9,LD,1.5,LD,563.4,D,91.4,D,1518.4878392260666,38.50469171421948,0.3167620481927711,18.69628329916102,0.4328886464635928,33.315,0.4717587240323903,1,MEDIUM
ARUNACHAL PRADESH,KURUNG KUMEY,2026-09-15,0.5,30.8,34.6,91.9,12.3,LD,13.7,LD,530.4,D,91.9,D,2192.677000051788,24.37537036805804,0.3177409638554217,30.397869541107326,0.5328863572115159,30.31,0.3877554695121219,0,LOW
ARUNACHAL PRADESH,KURUNG KUMEY,2026-09-16,2.8,4.8,36.4,58.2,12.7,LD,2.8,LD,566.7,D,94.7,D,531.2649310007045,6.948897070109106,0.32126506024096385,16.44876848820099,0.25026971564455325,20.009999999999998,0.23765117486024623,0,LOW
ARUNACHAL PRADESH,KURUNG KUMEY,2026-09-17,28.0,31.3,64.4,78.0,14.7,LE,36.2,LD,594.7,D,122.7,D,810.2929986052322,5.659650359105997,0.3760843373493976,20.520862943838985,0.8025719124854347,45.425,0.4238944291483623,1,MEDIUM
ARUNACHAL PRADESH,KURUNG KUMEY,2026-09-18,17.0,47.8,81.4,88.8,29.9,D,17.0,D,611.7,D,139.7,D,1954.641853690885,23.93901607977306,0.4093674698795181,23.9836482065448,0.3094591544560623,51.57,0.5555582788056426,1,MEDIUM
ARUNACHAL PRADESH,KURUNG KUMEY,2026-09-19,2.0,47.0,80.60000000000001,90.1,14.6,LD,2.0,LD,613.7,D,141.7,D,2430.97474384937,11.575149036977749,0.4078012048192771,21.026715155032065,0.6594823604117035,46.115,0.46144318980262694,1,MEDIUM
ARUNACHAL PRADESH,KURUNG KUMEY,2026-09-20,0.0,19.0,51.8,89.89999999999999,8.0,NR,0.0,NR,613.7,D,141.7,D,1276.8159061957388,33.205037839968874,0.3514156626506024,23.799320615321083,0.627319286297493,31.184999999999995,0.4399652550660857,1,MEDIUM
ARUNACHAL PRADESH,KURUNG KUMEY,2026-09-21,0.0,2.0,50.3,84.39999999999999,6.6,NR,36.2,LD,566.7,D,141.7,D,402.5488812505644,36.812938501110054,0.3484789156626506,15.738141023984017,0.7354383130628424,25.735,0.4165973146558348,1,MEDIUM
ARUNACHAL PRADESH,LOHIT,2026-08-19,4.2,4.2,4.2,4.2,11.4,LD,4.2,LD,723.0,D,135.9,D,84.14390488509378,14.131868338284225,0.25822289156626504,26.025683767194423,0.6408326383372915,4.2,0.14436590245384928,0,LOW
ARUNACHAL PRADESH,LOHIT,2026-08-20,15.1,19.3,19.3,19.3,6.5,LE,50.9,D,738.1,D,151.0,D,612.6572734971954,28.68707779527123,0.28778614457831325,24.579139626453024,0.7116324503295877,17.83,0.3120432462591215,0,LOW
ARUNACHAL PRADESH,LOHIT,2026-08-21,0.1,19.4,19.4,19.4,11.4,LD,50.9,D,723.0,D,151.1,D,372.96443357697655,11.177785739415441,0.28798192771084336,26.576426519529754,0.5027491652731165,12.645,0.19733499116487221,0,LOW
ARUNACHAL PRADESH,LOHIT,2026-08-22,27.2,42.4,46.6,46.6,10.3,LE,50.9,D,765.4,D,178.4,D,1710.263750351501,17.14330606377548,0.3412349397590362,24.64338286906303,0.5432226967309739,38.76,0.42049390488947996,1,MEDIUM
ARUNACHAL PRADESH,LOHIT,2026-08-23,0.0,27.3,46.6,46.6,9.1,NR,0.0,NR,765.4,D,178.4,D,348.48963633990127,40.551819767257335,0.3412349397590362,22.444360901236273,0.6709972612986517,25.465000000000003,0.4298427896630634,1,MEDIUM
ARUNACHAL PRADESH,LOHIT,2026-08-24,4.0,31.2,50.6,50.6,8.0,D,50.9,D,769.4,D,182.4,D,1290.5083324705508,26.76392365929243,0.34906626506024097,20.9524062189994,0.5910560326330306,29.44,0.3984400536440593,0,LOW
ARUNACHAL PRADESH,LOHIT,2026-08-25,7.7,11.699999999999996,58.3,58.3,10.7,D,50.9,D,723.0,D,190.0,D,1750.9429673250718,40.435547805768,0.3641415662650602,18.849398231696195,0.5569231301600319,28.939999999999998,0.45865681401044367,1,MEDIUM
ARUNACHAL PRADESH,LOHIT,2026-08-26,13.9,25.6,68.0,72.2,10.7,E,68.0,N,791.0,D,204.0,D,1473.7356925912109,14.009912167180278,0.38313253012048193,23.501151355712416,0.3733350436327296,39.095,0.41733314735126364,1,MEDIUM
ARUNACHAL PRADESH,LOHIT,2026-08-27,0.0,21.6,52.900000000000006,72.2,17.8,NR,0.0,NR,791.0,D,204.0,D,539.4503465671412,18.20097372994664,0.3535692771084337,15.442891690417618,0.40486495648382526,29.455,0.36138993302792843,0,LOW
ARUNACHAL PRADESH,LOHIT,2026-08-28,1.4,15.3,54.2,73.6,9.2,LD,1.4,LD,792.5,D,205.4,D,2020.1050891465436,23.838085538272683,0.35611445783132534,20.58009407768854,0.4650983446356361,28.905,0.3830356181869268,0,LOW
ARUNACHAL PRADESH,LOHIT,2026-08-29,0.0,1.3999999999999964,27.0,73.6,8.8,NR,68.0,N,792.5,D,205.4,D,1802.747467558714,24.203203007781717,0.3028614457831325,26.523828990597,0.2555706312541019,18.139999999999997,0.29733783990377055,0,LOW
ARUNACHAL PRADESH,LOHIT,2026-08-30,0.0,1.3999999999999964,27.0,73.6,8.7,NR,68.0,N,792.5,D,205.4,D,1860.5108095930773,44.90591868734802,0.3028614457831325,16.848189674668106,0.5004180697481422,18.139999999999997,0.3893499095907319,0,LOW
ARUNACHAL PRADESH,LOHIT,2026-08-31,2.1,2.0999999999999965,25.1,75.7,9.1,LD,68.0,N,794.6,D,207.5,D,371.09149131541744,9.577812758845203,0.2991415662650602,16.069151119431986,0.2516610854583477,18.89,0.23693374034881123,0,LOW
ARUNACHAL PRADESH,LOHIT,2026-09-01,7.6,9.699999999999996,25.0,83.3,6.6,N,68.0,N,791.0,D,7.6,N,353.1968189433443,39.07860142406363,0.2989457831325301,26.08703628995321,0.589009261552802,23.83,0.40319260973824816,1,MEDIUM
ARUNACHAL PRADESH,LOHIT,2026-09-02,6.1,15.799999999999995,17.199999999999996,89.4,6.3,N,17.2,LD,808.3,D,13.7,N,2322.528249965944,39.54728157687481,0.2836746987951807,21.762170259419953,0.6724172613834094,23.794999999999998,0.40197214060203723,1,MEDIUM
ARUNACHAL PRADESH,LOHIT,2026-09-03,0.0,13.699999999999996,17.199999999999996,85.19999999999999,11.3,NR,17.2,LD,808.3,D,13.7,D,1024.0665748711044,27.127945261511496,0.2836746987951807,28.63102562133948,0.5872891789690758,20.504999999999995,0.32334322431987084,0,LOW
ARUNACHAL PRADESH,LOHIT,2026-09-04,0.0,6.099999999999996,15.799999999999995,70.1,11.0,NR,17.2,LD,808.3,D,13.7,LD,787.3242948633024,18.76148673036615,0.28093373493975904,30.934292167512506,0.6661119839229255,15.989999999999997,0.25345427446435753,0,LOW
ARUNACHAL PRADESH,LOHIT,2026-09-05,41.8,41.8,57.6,111.79999999999998,8.9,LE,17.2,LD,850.1,D,55.5,E,1247.0309111112567,25.769044171531846,0.3627710843373494,31.26968771345381,0.2500079011337245,56.24999999999999,0.5877041112022506,1,MEDIUM
ARUNACHAL PRADESH,LOHIT,2026-09-06,6.5,48.3,64.1,91.1,7.5,N,6.5,N,856.6,D,62.0,E,1674.0173212707768,16.69870819226255,0.3754969879518072,22.235078516201046,0.2856651839705857,44.04,0.4629752639381224,1,MEDIUM
ARUNACHAL PRADESH,LOHIT,2026-09-07,1.0,49.3,62.99999999999999,92.1,5.2,LD,17.2,LD,857.6,D,63.0,N,2391.2769797650762,36.96429793759758,0.3733433734939759,19.49356281267555,0.6690774645253332,42.239999999999995,0.5397939629115056,1,MEDIUM
ARUNACHAL PRADESH,LOHIT,2026-09-08,12.5,20.0,67.89999999999999,100.6,8.3,E,12.5,E,870.1,D,75.5,N,751.7932558610348,24.931166348413207,0.38293674698795177,25.346433558622127,0.7317400887740624,41.44,0.4825343345952168,1,MEDIUM
ARUNACHAL PRADESH,LOHIT,2026-09-09,0.1,13.6,61.9,93.0,7.3,LD,61.9,N,870.2,D,75.6,N,2315.7806518144666,42.03368715509802,0.3711897590361446,25.679279740780018,0.6806209425336367,32.86,0.49508811317113444,1,MEDIUM
ARUNACHAL PRADESH,LOHIT,2026-09-10,0.0,12.6,61.9,79.1,9.3,NR,61.9,N,870.2,D,75.6,N,110.90575389632798,29.90765377424175,0.3711897590361446,25.579863913290243,0.6478073455321309,30.49,0.4243151413871813,1,MEDIUM
ARUNACHAL PRADESH,LOHIT,2026-09-11,0.0,0.1,61.9,79.1,10.8,NR,61.9,N,870.2,D,75.6,N,1410.2352037007204,25.572773324587335,0.3711897590361446,20.47023643322098,0.6744295982869359,27.365,0.3827922944371632,0,LOW
ARUNACHAL PRADESH,LOHIT,2026-09-12,5.1,5.1,25.2,82.79999999999998,16.1,LD,5.1,LD,875.3,D,80.7,D,1603.2390236186586,33.442774159106094,0.2993373493975904,16.08377951909415,0.6937539554776995,21.779999999999994,0.36362239899211835,0,LOW
ARUNACHAL PRADESH,LOHIT,2026-09-13,0.4,5.5,19.1,83.19999999999999,18.7,LD,61.9,N,875.7,D,81.1,D,309.44863918934556,25.15731857720937,0.287394578313253,18.570082260035182,0.6846264990205415,18.77,0.3029719331139286,0,LOW
ARUNACHAL PRADESH,LOHIT,2026-09-14,0.4,5.9,18.5,83.59999999999998,21.3,LD,0.4,LD,876.0,D,81.4,D,393.83201280658596,41.18025401677789,0.28621987951807226,17.625130276377973,0.6928050866130038,18.779999999999998,0.37402126123015306,0,LOW
ARUNACHAL PRADESH,LOHIT,2026-09-15,9.5,10.3,15.5,91.0,18.6,D,61.9,N,870.2,D,90.9,D,1076.8300823249444,12.377838435473652,0.2803463855421687,17.106305878316274,0.2944118244491085,23.425,0.2779182026673879,0,LOW
ARUNACHAL PRADESH,LOHIT,2026-09-16,1.9,11.8,17.3,85.3,11.6,LD,1.9,LD,887.4,D,92.8,D,2417.268184750795,43.933947349836224,0.28387048192771086,30.746816458216742,0.2879629308967748,20.735,0.39971381753625446,0,LOW
ARUNACHAL PRADESH,LOHIT,2026-09-17,1.7,13.1,19.0,80.89999999999999,8.3,LD,17.2,LD,889.1,D,94.6,D,1510.3042554242134,37.48762207404768,0.2871987951807229,15.235409981557455,0.46667196593766336,20.755,0.3718715885821533,0,LOW
ARUNACHAL PRADESH,LOHIT,2026-09-18,0.8,4.4,19.8,81.69999999999999,7.2,LD,0.8,LD,890.0,D,95.4,D,2335.9068929205173,39.42933447459478,0.2887650602409639,25.231581567017468,0.5665580287292773,18.584999999999997,0.3653596139378295,0,LOW
ARUNACHAL PRADESH,LOHIT,2026-09-19,0.0,2.5,14.7,81.69999999999999,9.7,NR,0.0,NR,890.0,D,95.4,D,2020.6842432517783,24.316313294842846,0.2787801204819277,31.107054527582324,0.7075714323530367,16.554999999999996,0.28173568309770636,0,LOW
ARUNACHAL PRADESH,LOHIT,2026-09-20,0.0,0.8,14.3,39.89999999999999,9.8,NR,0.0,NR,890.0,D,95.4,D,1195.0849238104643,38.488061973503896,0.2779969879518072,21.120903167400172,0.4508246912746075,9.759999999999998,0.29616961253196117,0,LOW
ARUNACHAL PRADESH,LOHIT,2026-09-21,14.7,14.7,28.6,48.1,9.3,E,17.2,LD,887.4,D,110.1,D,1972.6704506678593,17.270963343088205,0.30599397590361443,23.96066751593186,0.4150702459801809,23.185000000000002,0.303085627099018,0,LOW
ARUNACHAL PRADESH,LOWER DIBANG VALLEY,2026-08-19,0.0,0.0,0.0,0.0,12.9,ND,0.0,ND,0.0,ND,0.0,ND,93.70012074361995,35.47792714256701,0.25,26.828322279077714,0.7188689848711176,0.0,0.20767967618918676,0,LOW
ARUNACHAL PRADESH,LOWER DIBANG VALLEY,2026-08-20,0.0,0.0,0.0,0.0,13.4,ND,0.0,ND,0.0,ND,0.0,ND,317.4027920760506,10.618006335560906,0.25,20.39188480919006,0.39960211087239694,0.0,0.0971911392691596,0,LOW
ARUNACHAL PRADESH,LOWER DIBANG VALLEY,2026-08-21,0.0,0.0,0.0,0.0,13.1,ND,0.0,ND,0.0,ND,0.0,ND,2082.100106462704,17.28207663850035,0.25,23.120083791023234,0.742504826088678,0.0,0.126809229504446,0,LOW
ARUNACHAL PRADESH,LOWER DIBANG VALLEY,2026-08-22,0.0,0.0,0.0,0.0,16.3,ND,0.0,ND,0.0,ND,0.0,ND,2002.2018663966462,22.829306534389314,0.25,28.890748455656784,0.3562801298320232,0.0,0.15146358459728584,0,LOW
ARUNACHAL PRADESH,LOWER DIBANG VALLEY,2026-08-23,0.0,0.0,0.0,0.0,22.5,ND,0.0,ND,0.0,ND,0.0,ND,619.9698178177625,17.892788725736875,0.25,27.671046309764478,0.46568411372348606,0.0,0.12952350544771946,0,LOW
ARUNACHAL PRADESH,LOWER DIBANG VALLEY,2026-08-24,0.0,0.0,0.0,0.0,19.0,ND,0.0,ND,0.0,ND,0.0,ND,1350.385496967681,20.480684624967346,0.25,28.74363999537829,0.49064536565583416,0.0,0.14102526499985488,0,LOW
ARUNACHAL PRADESH,LOWER DIBANG VALLEY,2026-08-25,0.0,0.0,0.0,0.0,13.5,ND,0.0,ND,0.0,ND,0.0,ND,1534.7387607150267,37.80418979134792,0.25,31.784782781670152,0.4297062683845857,0.0,0.21801862129487964,0,LOW
ARUNACHAL PRADESH,LOWER DIBANG VALLEY,2026-08-26,0.0,0.0,0.0,0.0,13.8,ND,0.0,ND,0.0,ND,0.0,ND,2175.9604367512275,15.267035685686704,0.25,21.295567073915045,0.2520141483322076,0.0,0.11785349193638535,0,LOW
ARUNACHAL PRADESH,LOWER DIBANG VALLEY,2026-08-27,0.0,0.0,0.0,0.0,21.3,ND,0.0,ND,0.0,ND,0.0,ND,1527.6125354798778,34.811246886182886,0.25,27.70055146990814,0.39130555469274875,0.0,0.20471665282747947,0,LOW
ARUNACHAL PRADESH,LOWER DIBANG VALLEY,2026-08-28,0.0,0.0,0.0,0.0,10.9,ND,0.0,ND,0.0,ND,0.0,ND,1060.800344720517,7.948482764466074,0.25,25.24733764073371,0.45259213532732423,0.0,0.08532659006429366,0,LOW
ARUNACHAL PRADESH,LOWER DIBANG VALLEY,2026-08-29,0.0,0.0,0.0,0.0,9.1,ND,0.0,ND,0.0,ND,0.0,ND,966.7509063475976,35.62956430060243,0.25,26.332281042760336,0.4381749367159976,0.0,0.20835361911378858,0,LOW
ARUNACHAL PRADESH,LOWER DIBANG VALLEY,2026-08-30,0.0,0.0,0.0,0.0,16.9,ND,0.0,ND,0.0,ND,0.0,ND,1093.4111116150991,36.68092971319092,0.25,27.577856382159887,0.7213332978863243,0.0,0.21302635428084854,0,LOW
ARUNACHAL PRADESH,LOWER DIBANG VALLEY,2026-08-31,0.0,0.0,0.0,0.0,13.1,ND,0.0,ND,0.0,ND,0.0,ND,1647.2310126709367,21.06795102009928,0.25,27.74543238808735,0.27842065752188383,0.0,0.14363533786710792,0,LOW
ARUNACHAL PRADESH,LOWER DIBANG VALLEY,2026-09-01,0.0,0.0,0.0,0.0,21.1,ND,0.0,ND,0.0,ND,0.0,ND,2175.352047793196,33.89911292669882,0.25,30.057667538011934,0.4833692197931444,0.0,0.20066272411866143,0,LOW
ARUNACHAL PRADESH,LOWER DIBANG VALLEY,2026-09-02,0.0,0.0,0.0,0.0,13.1,ND,0.0,ND,0.0,ND,0.0,ND,1162.0473610869344,41.60553614980397,0.25,20.93846847901294,0.2725092733476647,0.0,0.23491349399912875,0,LOW
ARUNACHAL PRADESH,LOWER DIBANG VALLEY,2026-09-03,0.0,0.0,0.0,0.0,15.8,ND,0.0,ND,0.0,ND,0.0,ND,657.2069292308274,37.02851894218107,0.25,26.10918305390248,0.8083885396774055,0.0,0.21457119529858254,0,LOW
ARUNACHAL PRADESH,LOWER DIBANG VALLEY,2026-09-04,0.0,0.0,0.0,0.0,12.8,ND,0.0,ND,0.0,ND,0.0,ND,629.8227893440738,20.617860415878397,0.25,19.76493733714655,0.7241256622186578,0.0,0.14163493518168177,0,LOW
ARUNACHAL PRADESH,LOWER DIBANG VALLEY,2026-09-05,0.0,0.0,0.0,0.0,11.5,ND,0.0,ND,0.0,ND,0.0,ND,1877.7349865964436,24.368540571202576,0.25,25.107667986988577,0.839296959542808,0.0,0.15830462476090035,0,LOW
ARUNACHAL PRADESH,LOWER DIBANG VALLEY,2026-09-06,0.0,0.0,0.0,0.0,12.2,ND,0.0,ND,0.0,ND,0.0,ND,2050.5934703885805,36.174301791432214,0.25,27.769977382922775,0.7960963190176111,0.0,0.21077467462858762,0,LOW
ARUNACHAL PRADESH,LOWER DIBANG VALLEY,2026-09-07,0.0,0.0,0.0,0.0,16.1,ND,0.0,ND,0.0,ND,0.0,ND,307.93129564260613,16.703783593964943,0.25,28.447018464747885,0.4394876632696506,0.0,0.12423903819539975,0,LOW
ARUNACHAL PRADESH,LOWER DIBANG VALLEY,2026-09-08,0.0,0.0,0.0,0.0,11.4,ND,0.0,ND,0.0,ND,0.0,ND,213.06919954018647,37.15530961235494,0.25,22.142116550815086,0.6649500473983482,0.0,0.2151347093882442,0,LOW
ARUNACHAL PRADESH,LOWER DIBANG VALLEY,2026-09-09,0.0,0.0,0.0,0.0,10.6,ND,0.0,ND,0.0,ND,0.0,ND,1506.3624762033069,18.122845702437647,0.25,23.648243794423117,0.43393245248704504,0.0,0.13054598089972289,0,LOW
ARUNACHAL PRADESH,LOWER DIBANG VALLEY,2026-09-10,0.0,0.0,0.0,0.0,11.4,ND,0.0,ND,0.0,ND,0.0,ND,408.1244482721108,37.239623295421524,0.25,20.675447469892937,0.7829267127577744,0.0,0.21550943686854013,0,LOW
ARUNACHAL PRADESH,LOWER DIBANG VALLEY,2026-09-11,0.0,0.0,0.0,0.0,14.5,ND,0.0,ND,0.0,ND,0.0,ND,2070.427266618036,8.472017734028935,0.25,17.87361789117372,0.4964517219804048,0.0,0.08765341215123972,0,LOW
ARUNACHAL PRADESH,LOWER DIBANG VALLEY,2026-09-12,0.0,0.0,0.0,0.0,17.8,ND,0.0,ND,0.0,ND,0.0,ND,810.3199511139824,6.775891876423605,0.25,19.428795888273047,0.4755325251425393,0.0,0.08011507500632714,0,LOW
ARUNACHAL PRADESH,LOWER DIBANG VALLEY,2026-09-13,0.0,0.0,0.0,0.0,28.5,ND,0.0,ND,0.0,ND,0.0,ND,402.4862357792995,44.907017894792894,0.25,30.506329083297015,0.79844124654,0.0,0.24958674619907956,0,LOW
ARUNACHAL PRADESH,LOWER DIBANG VALLEY,2026-09-14,0.0,0.0,0.0,0.0,29.7,ND,0.0,ND,0.0,ND,0.0,ND,2306.377657594253,39.77828492938756,0.25,20.25248222095837,0.7520441725719126,0.0,0.2267923774639447,0,LOW
ARUNACHAL PRADESH,LOWER DIBANG VALLEY,2026-09-15,0.0,0.0,0.0,0.0,23.4,ND,0.0,ND,0.0,ND,0.0,ND,455.5527207014315,40.31390013864816,0.25,31.570908670275372,0.8298481320185809,0.0,0.22917288950510295,0,LOW
ARUNACHAL PRADESH,LOWER DIBANG VALLEY,2026-09-16,0.0,0.0,0.0,0.0,20.1,ND,0.0,ND,0.0,ND,0.0,ND,747.5642017279421,43.0511979042647,0.25,19.10512744866149,0.28989285134466813,0.0,0.24133865735228754,0,LOW
ARUNACHAL PRADESH,LOWER DIBANG VALLEY,2026-09-17,0.0,0.0,0.0,0.0,11.8,ND,0.0,ND,0.0,ND,0.0,ND,426.35281822054367,22.532652376579513,0.25,27.29220848717776,0.39600332682331596,0.0,0.1501451216736867,0,LOW
ARUNACHAL PRADESH,LOWER DIBANG VALLEY,2026-09-18,0.0,0.0,0.0,0.0,9.4,ND,0.0,ND,0.0,ND,0.0,ND,332.9506559801197,16.47342218720609,0.25,24.756355990721204,0.4305146487202274,0.0,0.12321520972091596,0,LOW
ARUNACHAL PRADESH,LOWER DIBANG VALLEY,2026-09-19,0.0,0.0,0.0,0.0,12.1,ND,0.0,ND,0.0,ND,0.0,ND,101.81264002427808,10.200999800716119,0.25,26.846790841921575,0.5046112365728572,0.0,0.09533777689207165,0,LOW
ARUNACHAL PRADESH,LOWER DIBANG VALLEY,2026-09-20,0.0,0.0,0.0,0.0,16.7,ND,0.0,ND,0.0,ND,0.0,ND,185.7187524524373,25.04836534153858,0.25,25.947285092356076,0.5338780275691216,0.0,0.16132606818461592,0,LOW
ARUNACHAL PRADESH,LOWER DIBANG VALLEY,2026-09-21,0.0,0.0,0.0,0.0,19.8,ND,0.0,ND,0.0,ND,0.0,ND,477.8716037928391,13.801932819064312,0.25,27.014725921159016,0.4248834568400428,0.0,0.11134192364028583,0,LOW
ARUNACHAL PRADESH,LOWER SUBANSIRI,2026-08-19,6.5,6.5,6.5,6.5,6.7,N,6.5,N,338.8,D,107.3,D,180.7857349365797,42.42203426957279,0.26272590361445786,30.394299823402804,0.724270253887017,6.5,0.2873815154202253,0,LOW
ARUNACHAL PRADESH,LOWER SUBANSIRI,2026-08-20,0.2,6.7,6.7,6.7,9.1,LD,41.6,N,339.0,D,107.5,D,1498.3023494718796,5.160126497711164,0.26311746987951806,24.578981433062182,0.3839464866910339,4.425,0.10707289317268709,0,LOW
ARUNACHAL PRADESH,LOWER SUBANSIRI,2026-08-21,9.2,15.9,15.9,15.9,3.5,LE,41.6,N,338.8,D,116.7,D,1717.7505906587908,10.727869509724863,0.28112951807228914,16.15342930936792,0.6679103879794679,13.555,0.20044603597287358,0,LOW
ARUNACHAL PRADESH,LOWER SUBANSIRI,2026-08-22,4.3,13.7,20.2,20.2,2.7,E,41.6,N,352.4,D,121.0,D,1014.3946192384692,14.859034123337072,0.28954819277108435,19.604032385597293,0.7610609893552585,13.01,0.21660893202246917,0,LOW
ARUNACHAL PRADESH,LOWER SUBANSIRI,2026-08-23,0.0,13.5,20.2,20.2,4.4,NR,0.0,NR,352.4,D,121.0,D,829.078187532521,12.958268463727801,0.28954819277108435,27.039722666948986,0.6122189434957518,11.455,0.19708614494520138,0,LOW
ARUNACHAL PRADESH,LOWER SUBANSIRI,2026-08-24,0.0,4.3,20.2,20.2,4.4,NR,41.6,N,352.4,D,121.0,D,1286.0892807044638,14.031137463188411,0.28954819277108435,23.39926867558645,0.4624953555356925,9.155,0.18547351185846028,0,LOW
ARUNACHAL PRADESH,LOWER SUBANSIRI,2026-08-25,0.0,0.0,20.2,20.2,5.8,NR,41.6,N,338.8,D,121.0,D,2193.762108474791,31.241904202447138,0.28954819277108435,24.325383704534676,0.36273474531799077,8.08,0.25430949968072003,0,LOW
ARUNACHAL PRADESH,LOWER SUBANSIRI,2026-08-26,0.0,0.0,13.7,20.2,6.6,NR,13.6,LD,352.4,D,121.0,D,2135.272485714405,18.10048313252597,0.2768222891566265,25.141867741464957,0.3306077166422176,6.455,0.1817845130500374,0,LOW
ARUNACHAL PRADESH,LOWER SUBANSIRI,2026-08-27,2.5,2.5,16.0,22.7,8.9,LD,2.5,LD,354.9,D,123.5,D,156.51390193134026,29.600975276134932,0.2813253012048193,21.50469764073769,0.696504843489437,8.905,0.2512476757844009,0,LOW
ARUNACHAL PRADESH,LOWER SUBANSIRI,2026-08-28,0.0,2.5,6.8,22.7,3.9,NR,0.0,NR,354.9,D,123.5,D,494.671103511484,40.61031734585165,0.2633132530120482,28.15622392649354,0.5314791985501095,5.73,0.27396285634047535,0,LOW
ARUNACHAL PRADESH,LOWER SUBANSIRI,2026-08-29,0.9,3.4,3.4,23.6,5.9,LD,13.6,LD,355.8,D,124.4,D,630.0249342057703,29.102270621028083,0.2566566265060241,27.300093026241324,0.27779173070042057,5.555,0.22023828085610098,0,LOW
ARUNACHAL PRADESH,LOWER SUBANSIRI,2026-08-30,0.7,1.6,4.1,24.3,4.7,LD,13.6,LD,356.5,D,125.1,D,660.999560788919,32.781311651455255,0.25802710843373494,27.143090007282936,0.8403037041655721,5.3149999999999995,0.235154355257929,0,LOW
ARUNACHAL PRADESH,LOWER SUBANSIRI,2026-08-31,1.5,3.1,5.6,25.8,5.2,LD,13.6,LD,358.0,D,126.6,D,1449.5199967697931,19.620131928854292,0.26096385542168676,27.16027295859406,0.652781909793394,6.57,0.1861858679409481,0,LOW
ARUNACHAL PRADESH,LOWER SUBANSIRI,2026-09-01,27.2,29.4,32.8,53.0,4.0,LE,13.6,LD,352.4,D,27.2,LE,1069.8429429728212,11.389538704908366,0.31421686746987953,30.136086028122214,0.7565095308561863,33.019999999999996,0.3486368631585581,0,LOW
ARUNACHAL PRADESH,LOWER SUBANSIRI,2026-09-02,5.7,34.4,38.5,58.7,5.8,N,38.5,N,390.9,D,32.9,LE,170.67259382260528,17.823362497996243,0.3253765060240964,25.121677250535665,0.5129132027902068,29.025,0.3510105831503921,0,LOW
ARUNACHAL PRADESH,LOWER SUBANSIRI,2026-09-03,1.0,33.9,37.0,53.2,6.0,LD,38.5,N,390.9,D,33.9,LE,965.3546392259503,43.57130594816432,0.3224397590361446,31.440227391448293,0.823263172484815,26.055,0.443705759253814,1,MEDIUM
ARUNACHAL PRADESH,LOWER SUBANSIRI,2026-09-04,1.3,8.0,38.3,54.3,8.0,LD,38.5,N,393.2,D,35.2,E,1333.1947243582113,29.872455378125483,0.32498493975903614,17.026275634640843,0.36971501255447636,20.174999999999997,0.3414527865062645,0,LOW
ARUNACHAL PRADESH,LOWER SUBANSIRI,2026-09-05,0.0,2.3,37.400000000000006,45.1,4.2,NR,38.5,N,393.2,D,35.2,E,299.0961621141041,16.100444777360607,0.32322289156626505,25.743302602095696,0.36108167376328965,16.69,0.25507075606767105,0,LOW
ARUNACHAL PRADESH,LOWER SUBANSIRI,2026-09-06,0.1,1.4,36.8,40.9,3.9,LD,0.1,LD,393.3,D,35.3,N,2091.9734567819714,23.036610686484153,0.3220481927710843,27.187751280908522,0.7842008408622153,15.719999999999999,0.2787547370628883,0,LOW
ARUNACHAL PRADESH,LOWER SUBANSIRI,2026-09-07,0.0,0.1,35.3,40.9,4.8,NR,38.5,N,393.3,D,35.3,N,177.3065728395054,38.420521497239775,0.31911144578313255,23.11274698622411,0.7850302384034369,14.985,0.3413055460293841,0,LOW
ARUNACHAL PRADESH,LOWER SUBANSIRI,2026-09-08,0.0,0.1,8.1,40.9,7.4,NR,0.0,NR,393.3,D,35.3,D,2315.862579094252,31.737742828230942,0.2658584337349398,19.89954256976792,0.5494116912994254,8.184999999999999,0.2525231006095692,0,LOW
ARUNACHAL PRADESH,LOWER SUBANSIRI,2026-09-09,0.5,0.5,2.9,41.4,2.6,LD,2.9,LD,393.8,D,35.8,D,292.82719687069493,27.42611362916673,0.2556777108433735,24.350636696088685,0.32547181321238716,7.234999999999999,0.22455811925903138,0,LOW
ARUNACHAL PRADESH,LOWER SUBANSIRI,2026-09-10,0.4,0.9,2.3,41.8,3.6,LD,2.9,LD,393.8,D,36.2,D,2116.758631414494,40.406515065353645,0.25450301204819276,21.200710564941947,0.43312987492196314,7.209999999999999,0.2818357988567691,0,LOW
ARUNACHAL PRADESH,LOWER SUBANSIRI,2026-09-11,5.1,6.0,6.1,44.4,4.6,N,2.9,LD,399.3,D,41.3,D,2261.500202622662,31.89758288867161,0.26194277108433733,30.45510920815288,0.7024914028206806,11.469999999999999,0.2758466236011474,0,LOW
ARUNACHAL PRADESH,LOWER SUBANSIRI,2026-09-12,0.8,6.3,6.9,45.2,7.7,LD,0.8,LD,400.1,D,42.0,D,2449.9481674371523,30.709189231643816,0.2635090361445783,21.065471013065334,0.757595144800782,10.36,0.26297254305961343,0,LOW
ARUNACHAL PRADESH,LOWER SUBANSIRI,2026-09-13,0.0,5.9,6.8,44.3,2.5,NR,2.9,LD,400.1,D,42.0,D,2014.9634066703043,12.590725488430724,0.2633132530120482,17.987018875936194,0.4585928486468902,9.82,0.1785609211400874,0,LOW
ARUNACHAL PRADESH,LOWER SUBANSIRI,2026-09-14,0.3,1.1,7.1,43.9,0.9,LD,0.3,LD,400.4,D,42.3,D,1959.7199748897558,9.255547320496312,0.26390060240963853,24.7986153828127,0.2867402090901207,8.74,0.15616345740463988,0,LOW
ARUNACHAL PRADESH,LOWER SUBANSIRI,2026-09-15,0.0,0.3,7.1,42.4,7.1,NR,2.9,LD,393.8,D,42.3,D,1624.0840261890917,43.60568468229596,0.26390060240963853,21.731874053466278,0.6494360089436684,8.209999999999999,0.3050559962777436,0,LOW
ARUNACHAL PRADESH,LOWER SUBANSIRI,2026-09-16,0.0,0.3,6.6,15.2,6.3,NR,0.0,NR,400.4,D,42.3,D,1958.541068716416,28.95433480401411,0.26292168674698796,16.630268461614296,0.6936982248629762,4.005,0.2097944714215942,0,LOW
ARUNACHAL PRADESH,LOWER SUBANSIRI,2026-09-17,3.3,3.3,9.5,12.8,5.0,D,6.5,LD,403.6,D,45.6,D,379.65291061221035,21.627336365857165,0.26859939759036144,24.602319966964444,0.5044088055182155,6.2749999999999995,0.19453285140682464,0,LOW
ARUNACHAL PRADESH,LOWER SUBANSIRI,2026-09-18,3.7,7.0,8.1,15.5,3.3,N,3.7,N,407.3,D,49.3,D,1363.3666880717115,28.560832836408704,0.2658584337349398,24.143388989816923,0.5998585669707216,7.395,0.23277700394882858,0,LOW
ARUNACHAL PRADESH,LOWER SUBANSIRI,2026-09-19,0.0,7.0,7.300000000000001,14.2,5.8,NR,0.0,NR,407.3,D,49.3,D,1309.8460319665155,7.472478442868615,0.2642921686746988,17.944350472764317,0.84242289851445,5.705,0.12670130176680178,0,LOW
ARUNACHAL PRADESH,LOWER SUBANSIRI,2026-09-20,0.0,3.7,7.300000000000001,14.2,2.5,NR,0.0,NR,407.3,D,49.3,D,2151.051753100266,37.88509095616427,0.2642921686746988,25.15984887231733,0.3969991596157956,4.88,0.25599269662534996,0,LOW
ARUNACHAL PRADESH,LOWER SUBANSIRI,2026-09-21,0.0,0.0,7.0,14.1,8.2,NR,6.5,LD,400.4,D,49.3,D,1183.8584457041138,13.665821422573439,0.2637048192771084,24.645102555577314,0.5937866162795505,3.8649999999999998,0.14100504888516344,0,LOW
ARUNACHAL PRADESH,PAPUM-PARE,2026-08-19,19.4,19.4,19.4,19.4,6.0,LE,19.4,LE,1338.0,N,261.3,N,993.469265445866,37.18184025271788,0.28798192771084336,28.151414591707045,0.6165762481375855,19.4,0.3610186746134956,0,LOW
ARUNACHAL PRADESH,PAPUM-PARE,2026-08-20,0.6,20.0,20.0,20.0,12.2,LD,74.1,N,1338.6,N,261.9,N,1616.9300145309198,26.375137730544424,0.2891566265060241,21.146688807324786,0.5794643176146779,13.21,0.2691377310117226,0,LOW
ARUNACHAL PRADESH,PAPUM-PARE,2026-08-21,0.0,20.0,20.0,20.0,13.0,NR,74.1,N,1338.0,N,261.9,N,702.8351278770729,16.062880546276112,0.2891566265060241,19.22891190228187,0.7714777347662775,13.0,0.22180982583867456,0,LOW
ARUNACHAL PRADESH,PAPUM-PARE,2026-08-22,6.3,6.9,26.3,26.3,15.2,D,74.1,N,1345.0,N,268.3,N,392.4326068371943,6.2083979296828185,0.3014909638554217,31.170738078503184,0.6130045191532698,14.45,0.19080610698121606,0,LOW
ARUNACHAL PRADESH,PAPUM-PARE,2026-08-23,0.2,6.5,26.5,26.5,19.2,LD,0.2,LD,1345.1,N,268.4,N,1220.7993213581772,37.63333421306423,0.30188253012048194,24.5406978873074,0.554734013434774,12.295,0.3152025753839983,0,LOW
ARUNACHAL PRADESH,PAPUM-PARE,2026-08-24,3.1,9.6,29.6,29.6,15.0,LD,74.1,N,1348.3,N,271.6,D,1071.3789530574682,12.058405658772266,0.3079518072289157,15.461379301031066,0.32380901599670386,15.325,0.2243301892605253,0,LOW
ARUNACHAL PRADESH,PAPUM-PARE,2026-08-25,25.5,28.8,55.1,55.1,17.1,E,74.1,N,1338.0,N,297.1,N,619.7963542957406,7.072204625594938,0.3578765060240964,28.952098629899634,0.6719255195760553,38.165,0.3748240894140248,0,LOW
ARUNACHAL PRADESH,PAPUM-PARE,2026-08-26,0.2,28.8,35.9,55.3,11.3,LD,35.9,LD,1374.0,N,297.3,N,950.4039347820636,35.23510923303523,0.3202861445783133,18.344887035621994,0.32926441689682023,24.54,0.3954352193913828,0,LOW
ARUNACHAL PRADESH,PAPUM-PARE,2026-08-27,0.2,25.9,35.5,55.5,16.2,LD,0.2,LD,1374.1,D,297.4,D,947.6615020743062,19.001728894919154,0.31950301204819276,28.36261739997934,0.2659419360185342,23.744999999999997,0.31746812839138966,0,LOW
ARUNACHAL PRADESH,PAPUM-PARE,2026-08-28,0.0,0.4,35.5,55.5,15.2,ND,0.0,ND,1374.1,D,297.4,D,852.3641328107364,20.573360223666,0.31950301204819276,26.9877612616514,0.5431186978380773,17.299999999999997,0.278550914477735,0,LOW
ARUNACHAL PRADESH,PAPUM-PARE,2026-08-29,0.5,0.7,29.7,56.0,10.9,LD,35.9,LD,1374.6,D,297.9,D,979.686995330976,14.88270349122876,0.3081475903614458,31.469833312473675,0.5934671632886395,16.175,0.24297560625810513,0,LOW
ARUNACHAL PRADESH,PAPUM-PARE,2026-08-30,3.8,4.3,33.300000000000004,59.8,15.6,LD,35.9,LD,1378.4,D,301.7,D,1730.0711963670662,39.36713914787588,0.31519578313253016,31.414848127106946,0.849432436824328,19.7,0.3783105295472177,0,LOW
ARUNACHAL PRADESH,PAPUM-PARE,2026-08-31,55.1,59.4,85.30000000000001,114.9,11.4,LE,35.9,LD,1433.5,N,356.8,N,777.347362699649,16.893181044261283,0.4170030120481928,19.66498061914792,0.6773960766731719,72.695,0.6762259353984971,1,MEDIUM
ARUNACHAL PRADESH,PAPUM-PARE,2026-09-01,50.9,109.8,110.7,165.8,11.3,LE,35.9,LD,1374.0,N,50.9,LE,2374.701920452584,13.407702790040954,0.4667319277108434,28.029642880798114,0.7591541921365463,97.81,0.7529361757201285,2,HIGH
ARUNACHAL PRADESH,PAPUM-PARE,2026-09-02,3.8,109.8,114.3,169.6,21.1,LD,114.3,N,1488.3,N,54.8,LE,2295.052647868536,17.369989053446243,0.47378012048192775,20.386536458258707,0.4578328234184532,82.79499999999999,0.7616341957428221,2,HIGH
ARUNACHAL PRADESH,PAPUM-PARE,2026-09-03,0.0,54.7,114.1,150.2,8.9,NR,114.3,N,1488.3,N,54.8,E,1228.2305493351926,13.12598300669588,0.47338855421686743,25.696364960103104,0.5553488095479805,64.73,0.6140320348705315,1,MEDIUM
ARUNACHAL PRADESH,PAPUM-PARE,2026-09-04,14.5,18.3,128.6,164.1,13.7,N,114.3,N,1502.8,N,69.3,E,854.4849522614876,17.706208832208297,0.5017771084337349,25.161683444228082,0.8345613943971133,66.41499999999999,0.6520671238429492,1,MEDIUM
ARUNACHAL PRADESH,PAPUM-PARE,2026-09-05,11.4,25.9,139.5,175.5,15.4,D,114.3,N,1514.2,N,80.7,N,1361.8152350835078,8.31744891472692,0.523117469879518,15.927239765559799,0.5004331312856658,71.665,0.6519986497952439,1,MEDIUM
ARUNACHAL PRADESH,PAPUM-PARE,2026-09-06,1.0,26.9,136.70000000000002,170.2,15.7,LD,1.0,LD,1515.2,N,81.7,N,2128.97319749538,11.341201164778333,0.5176355421686747,15.088089747201078,0.7343742548814303,66.78,0.6295494715405899,1,MEDIUM
ARUNACHAL PRADESH,PAPUM-PARE,2026-09-07,9.3,21.700000000000003,90.9,179.3,15.6,D,114.3,N,1524.5,N,91.0,N,1648.83898437225,21.682115335845914,0.42796686746987955,15.981988248111762,0.5655934706466976,58.3,0.5971795424917054,1,MEDIUM
ARUNACHAL PRADESH,PAPUM-PARE,2026-09-08,3.6,13.9,43.6,179.8,13.8,LD,3.6,LD,1528.1,N,94.6,N,2020.7599784703398,40.17867422359505,0.33536144578313254,17.1750148080396,0.38437711091803844,42.605000000000004,0.5490832781130006,1,MEDIUM
ARUNACHAL PRADESH,PAPUM-PARE,2026-09-09,5.2,18.1,45.00000000000001,159.5,12.4,D,45.1,D,1533.4,N,99.9,D,1355.1695763610635,7.291629868891434,0.3381024096385542,19.38009235291215,0.5982511823265297,41.52,0.39573929903377814,0,LOW
ARUNACHAL PRADESH,PAPUM-PARE,2026-09-10,0.2,9.0,45.2,159.5,28.6,LD,45.1,D,1533.4,N,100.1,D,1600.6481917056708,13.506988270401227,0.33849397590361446,30.41823879512356,0.38083721702219286,37.545,0.39513089022623477,0,LOW
ARUNACHAL PRADESH,PAPUM-PARE,2026-09-11,0.0,5.400000000000001,30.700000000000003,159.3,17.0,NR,45.1,D,1533.6,D,100.1,D,755.9812547470312,41.33382702166385,0.310105421686747,23.81675548089367,0.2518161939254447,32.92,0.4801880850823952,1,MEDIUM
ARUNACHAL PRADESH,PAPUM-PARE,2026-09-12,81.8,82.0,101.1,241.1,14.8,LE,81.8,LE,1615.4,N,181.9,N,1850.4882476602124,40.60058696639687,0.44793674698795183,28.54715956029341,0.39153760928400594,110.57,0.8700344025815765,2,HIGH
ARUNACHAL PRADESH,PAPUM-PARE,2026-09-13,11.2,93.0,111.3,251.8,16.5,D,45.1,D,1626.7,N,193.2,N,545.8912531580099,32.17803333183765,0.4679066265060241,29.25129978582254,0.36588629941305423,92.765,0.8365948067760389,2,HIGH
ARUNACHAL PRADESH,PAPUM-PARE,2026-09-14,3.5,96.5,105.5,251.5,19.4,LD,3.5,LD,1630.2,N,196.7,N,1752.2554156053206,14.618942163809518,0.45655120481927713,27.4940326760392,0.47255270631966023,89.45,0.7562833172474532,2,HIGH
ARUNACHAL PRADESH,PAPUM-PARE,2026-09-15,4.2,18.9,106.1,200.6,11.5,LD,45.1,D,1533.4,N,200.8,N,2158.7617173984404,21.79242244223143,0.45772590361445786,21.653547115149724,0.7831581422855729,62.809999999999995,0.635742489734195,1,MEDIUM
ARUNACHAL PRADESH,PAPUM-PARE,2026-09-16,28.5,36.2,129.4,178.2,15.8,LE,28.5,LE,1662.9,N,229.3,N,373.6519513887826,13.448839777518602,0.503343373493976,29.685609695296705,0.4827118441592055,78.10499999999999,0.716716643433372,2,HIGH
ARUNACHAL PRADESH,PAPUM-PARE,2026-09-17,37.5,70.2,166.70000000000002,211.9,12.5,LE,129.5,N,1700.4,N,266.8,N,1555.2303643277035,10.14354036500813,0.5763704819277109,27.614845806455648,0.7571125764945946,104.135,0.7603564980078006,2,HIGH
ARUNACHAL PRADESH,PAPUM-PARE,2026-09-18,17.8,83.8,184.5,229.7,10.5,LE,17.8,LE,1718.2,N,284.7,N,282.9845831633398,20.19993578055566,0.6112198795180723,27.63357453788589,0.5833678120789487,107.76,0.8120214682616396,2,HIGH
ARUNACHAL PRADESH,PAPUM-PARE,2026-09-19,0.2,55.5,102.90000000000002,215.4,10.6,LD,0.2,LD,1718.4,N,284.8,N,1828.0032892649958,28.032864202814007,0.451460843373494,30.32676356181468,0.2545688225335402,71.98,0.7275348689722094,2,HIGH
ARUNACHAL PRADESH,PAPUM-PARE,2026-09-20,0.0,18.0,91.70000000000002,204.0,17.2,NR,0.0,NR,1718.4,N,284.8,N,257.0083861176246,19.39730701859221,0.4295331325301205,25.17727903178062,0.3632420277419291,58.025000000000006,0.5853795012491115,1,MEDIUM
ARUNACHAL PRADESH,PAPUM-PARE,2026-09-21,1.2,1.4,89.4,204.2,21.2,LD,129.5,N,1662.9,N,286.1,N,2343.0525656165337,29.43298201863879,0.42503012048192773,23.985765309357003,0.8087668271248218,53.75,0.5986347173459541,1,MEDIUM
ARUNACHAL PRADESH,TAWANG,2026-08-19,7.5,7.5,7.5,7.5,11.7,D,7.5,D,270.2,LD,94.6,D,386.6494285926153,16.850189415172217,0.26468373493975905,30.13276347915028,0.6125040677186311,7.5,0.18124258560578024,0,LOW
ARUNACHAL PRADESH,TAWANG,2026-08-20,0.0,7.5,7.5,7.5,13.4,NR,34.4,D,270.2,LD,94.6,D,2399.256602477247,18.83402111043161,0.26468373493975905,22.725849378791345,0.8077281151433643,4.875,0.17136397760318328,0,LOW
ARUNACHAL PRADESH,TAWANG,2026-08-21,4.9,12.4,12.4,12.4,11.3,D,34.4,D,270.2,LD,99.5,D,2012.1662314084867,36.62694366578438,0.27427710843373493,28.796701832490328,0.4360720121820717,9.775,0.2872608319209164,0,LOW
ARUNACHAL PRADESH,TAWANG,2026-08-22,12.6,17.5,25.0,25.0,4.9,LE,34.4,D,287.7,LD,112.0,D,1504.5209109425675,40.132589235754324,0.2989457831325301,15.915388127561732,0.6799374269696457,18.785,0.3719457647759735,0,LOW
ARUNACHAL PRADESH,TAWANG,2026-08-23,1.3,18.8,26.3,26.3,6.3,LD,1.3,LD,289.0,LD,113.3,D,1967.42905634239,17.881363261242083,0.3014909638554217,15.021929055757477,0.7132150959383559,15.675,0.25141058385359977,0,LOW
ARUNACHAL PRADESH,TAWANG,2026-08-24,0.0,13.9,26.3,26.3,6.5,NR,34.4,D,289.0,LD,113.3,D,1998.0313555085604,27.86063205381105,0.3014909638554217,23.980972323274067,0.8354197616417532,13.995000000000001,0.28379768143239525,0,LOW
ARUNACHAL PRADESH,TAWANG,2026-08-25,0.0,1.3,26.3,26.3,5.5,NR,34.4,D,270.2,LD,113.4,D,2367.766303902459,16.12649135569072,0.3014909638554217,16.251402194878462,0.2609058899013764,10.845,0.20921117968513847,0,LOW
ARUNACHAL PRADESH,TAWANG,2026-08-26,8.1,8.1,26.9,34.4,9.7,N,26.9,D,297.1,LD,121.4,D,670.7892169060086,7.133385668297101,0.3026656626506024,31.60123122870208,0.8213423290739477,16.744999999999997,0.21149743236873697,0,LOW
ARUNACHAL PRADESH,TAWANG,2026-08-27,0.0,8.1,26.9,34.4,6.6,NR,0.0,NR,297.1,LD,121.4,D,1495.6859436278576,34.51428725441632,0.3026656626506024,15.093519958676579,0.48495413056249903,13.91,0.3129990395269948,0,LOW
ARUNACHAL PRADESH,TAWANG,2026-08-28,4.9,13.0,26.9,39.3,6.5,D,4.9,D,302.0,LD,126.3,D,282.870534032783,11.840139329446014,0.3026656626506024,27.20854382047699,0.7527954434469202,17.585,0.23839894161237654,0,LOW
ARUNACHAL PRADESH,TAWANG,2026-08-29,3.1,8.0,17.400000000000002,42.4,4.0,D,26.9,D,305.1,LD,129.4,D,1559.6059650590971,22.028500949876687,0.28406626506024096,19.137539828365753,0.5768277509326503,13.795,0.2529677294456403,0,LOW
ARUNACHAL PRADESH,TAWANG,2026-08-30,0.0,8.0,16.1,42.4,5.6,NR,26.9,D,305.1,LD,129.4,D,469.6636950273326,24.481819735166273,0.2815210843373494,31.448384089624955,0.5887897258200192,12.385,0.2533201040646523,0,LOW
ARUNACHAL PRADESH,TAWANG,2026-08-31,0.0,3.1,16.1,42.4,9.1,NR,26.9,D,305.1,LD,129.4,D,1434.1289981074826,12.378863367164236,0.2815210843373494,21.486208060674233,0.46562673291187007,11.16,0.1908045559191896,0,LOW
ARUNACHAL PRADESH,TAWANG,2026-09-01,0.0,0.0,16.1,42.4,8.5,NR,26.9,D,297.1,LD,0.0,NR,1452.4547593829318,8.78221402653585,0.2815210843373494,15.463818246485708,0.7470835542269185,10.385,0.16929978325730027,0,LOW
ARUNACHAL PRADESH,TAWANG,2026-09-02,0.0,0.0,8.0,42.4,9.1,NR,8.0,LD,305.1,LD,0.0,NR,1191.663624804007,18.920520586842823,0.2656626506024096,15.457908011949307,0.4084081425027,8.36,0.19676488764973626,0,LOW
ARUNACHAL PRADESH,TAWANG,2026-09-03,0.0,0.0,8.0,34.9,8.4,NR,8.0,LD,305.1,LD,0.0,NR,1330.447850007151,43.09143630201274,0.2656626506024096,24.407347319319705,0.5453448317071639,7.234999999999999,0.29617876353459865,0,LOW
ARUNACHAL PRADESH,TAWANG,2026-09-04,2.4,2.4,5.5,37.3,8.6,LD,8.0,LD,307.5,LD,2.4,LD,1921.6123055161404,29.605423599536856,0.2607680722891566,31.77410364353178,0.5861046992604853,8.41,0.2436305372071729,0,LOW
ARUNACHAL PRADESH,TAWANG,2026-09-05,0.6,3.0,3.0,33.0,5.6,LD,8.0,LD,308.1,LD,3.0,LD,2008.1495554545631,20.2564091361161,0.2558734939759036,31.656150095777228,0.695512656056493,6.66,0.1886366876453376,0,LOW
ARUNACHAL PRADESH,TAWANG,2026-09-06,3.9,6.9,6.9,24.3,9.2,D,3.9,D,312.0,LD,6.9,LD,1255.7753781598014,6.556432830968597,0.2635090361445783,20.73364052891752,0.5329812022249223,8.459999999999999,0.14209487839273427,0,LOW
ARUNACHAL PRADESH,TAWANG,2026-09-07,0.0,4.5,6.9,23.0,10.5,NR,8.0,LD,312.0,LD,6.9,LD,1519.0039317304002,29.01093125564327,0.2635090361445783,23.205962036211247,0.6581697393036963,6.3,0.226508810098552,0,LOW
ARUNACHAL PRADESH,TAWANG,2026-09-08,5.3,9.2,12.2,28.3,5.8,N,5.3,N,317.3,LD,12.2,LD,2331.5287774407493,8.690305637414903,0.2738855421686747,16.707748698562874,0.5411764578087852,11.45,0.1749492804136285,0,LOW
ARUNACHAL PRADESH,TAWANG,2026-09-09,0.2,5.499999999999999,12.4,28.5,4.6,LD,12.5,LD,317.5,LD,12.4,LD,343.3472918277509,26.701762841901054,0.27427710843373493,23.877006551859438,0.6455923821751568,8.82,0.23634726607757336,0,LOW
ARUNACHAL PRADESH,TAWANG,2026-09-10,3.7,9.2,16.1,24.1,8.7,D,12.5,LD,317.5,LD,16.1,LD,336.90373645527075,35.07802033086972,0.2815210843373494,25.194927183820646,0.6544860857248889,11.235,0.29222385905894016,0,LOW
ARUNACHAL PRADESH,TAWANG,2026-09-11,1.8,5.699999999999999,15.5,25.9,5.0,LD,12.5,LD,323.0,LD,18.0,LD,264.8870791813826,21.943413931791454,0.2803463855421687,19.268048315392456,0.6756649363175462,9.815,0.22349944110023667,0,LOW
ARUNACHAL PRADESH,TAWANG,2026-09-12,0.2,5.699999999999999,15.1,21.2,8.3,LD,0.2,LD,323.2,LD,18.1,LD,1661.7650483492932,16.976459792660975,0.2795632530120482,25.405945410557955,0.7439798763161956,8.45,0.19154573122990498,0,LOW
ARUNACHAL PRADESH,TAWANG,2026-09-13,0.0,1.9999999999999991,11.2,18.1,4.5,NR,12.5,LD,323.2,LD,18.1,LD,1075.5903369364298,6.895369352703944,0.27192771084337347,30.294776778836315,0.5744335365759503,6.015000000000001,0.12787134670344344,0,LOW
ARUNACHAL PRADESH,TAWANG,2026-09-14,0.0,0.1999999999999991,11.2,18.1,7.7,NR,0.0,NR,323.2,LD,18.1,LD,1947.0874695475159,5.991115006463872,0.27192771084337347,15.016240668199169,0.36596689832193596,5.5649999999999995,0.12064747202490822,0,LOW
ARUNACHAL PRADESH,TAWANG,2026-09-15,0.0,0.0,5.9,18.1,9.2,NR,12.5,LD,317.5,LD,18.1,LD,1694.516962606052,22.20106278582085,0.2615512048192771,18.891874163235055,0.6577845049714333,4.19,0.18082343006076954,0,LOW
ARUNACHAL PRADESH,TAWANG,2026-09-16,3.2,3.1999999999999997,8.9,21.3,4.4,D,3.2,D,326.4,LD,21.3,LD,867.4125079041835,40.333810828118715,0.2674246987951807,18.56863257650695,0.29627085009529713,7.34,0.28502288546621835,0,LOW
ARUNACHAL PRADESH,TAWANG,2026-09-17,0.0,3.1999999999999997,5.2,21.3,7.8,NR,8.9,LD,326.4,LD,21.4,LD,2250.9980410357625,14.762511151727615,0.26018072289156624,17.10606545157506,0.3813730134767104,5.295,0.15535907741857136,0,LOW
ARUNACHAL PRADESH,TAWANG,2026-09-18,2.9,6.1,6.300000000000001,24.2,8.0,LD,2.9,LD,329.3,LD,24.2,LD,1918.203760323098,27.962220231272852,0.2623343373493976,17.823720616530732,0.7252945171988795,7.745,0.23190443590569038,0,LOW
ARUNACHAL PRADESH,TAWANG,2026-09-19,0.0,2.899999999999999,6.1,21.8,6.4,NR,0.0,NR,329.3,LD,24.2,LD,712.8106052299305,32.37223278719047,0.26194277108433733,25.64051327121159,0.5110420865980396,5.52,0.2355793997845835,0,LOW
ARUNACHAL PRADESH,TAWANG,2026-09-20,0.0,2.899999999999999,6.1,21.2,7.5,NR,0.0,NR,329.3,LD,24.2,LD,942.2704435415324,7.433194700054457,0.26194277108433733,16.745804632560926,0.5488265005907302,5.43,0.12409823721381869,0,LOW
ARUNACHAL PRADESH,TAWANG,2026-09-21,4.4,4.4,10.5,21.700000000000003,5.9,D,8.9,LD,326.4,LD,28.6,LD,820.377951500444,11.124015032135084,0.27055722891566264,27.55503735335227,0.842438151090118,8.520000000000001,0.16423221114853873,0,LOW
ARUNACHAL PRADESH,TIRAP,2026-08-19,0.0,0.0,0.0,0.0,15.7,NR,0.0,NR,1569.5,N,285.6,N,436.14853913124915,18.251071736782684,0.25,30.079384039492517,0.39110349150935075,0.0,0.13111587438570083,0,LOW
ARUNACHAL PRADESH,TIRAP,2026-08-20,5.3,5.3,5.3,5.3,13.8,LD,65.8,D,1574.8,N,290.9,N,412.06926272836955,31.803726965942822,0.2603765060240964,30.75199131103227,0.2617316497215607,5.3,0.23117258173573418,0,LOW
ARUNACHAL PRADESH,TIRAP,2026-08-21,0.5,5.8,5.8,5.8,15.9,LD,65.8,D,1569.5,N,291.4,N,2343.512285270573,22.561404489123873,0.26135542168674697,26.222988843434912,0.31682356571070647,3.9450000000000003,0.18064086592474177,0,LOW
ARUNACHAL PRADESH,TIRAP,2026-08-22,6.2,12.0,12.0,12.0,16.3,LD,65.8,D,1581.5,N,297.6,N,1122.8648911369455,34.367802728729814,0.27349397590361446,18.355738980771473,0.39670111579649775,9.969999999999999,0.27845239783296005,0,LOW
ARUNACHAL PRADESH,TIRAP,2026-08-23,4.0,10.7,16.0,16.0,15.4,LD,4.0,LD,1585.5,N,301.6,N,989.133565804654,39.7039146229277,0.2813253012048193,16.450041784178435,0.6855520146378815,10.475,0.30733140035380724,0,LOW
ARUNACHAL PRADESH,TIRAP,2026-08-24,20.0,30.2,36.0,36.0,18.6,N,65.8,D,1605.5,N,321.6,N,1837.729986259576,35.33489106394171,0.3204819277108434,18.944424214718993,0.7154932191908572,28.95,0.4273265222575507,1,MEDIUM
ARUNACHAL PRADESH,TIRAP,2026-08-25,3.5,27.5,39.5,39.5,14.6,LD,65.8,D,1569.5,N,325.1,N,1404.833009869605,44.689888292529965,0.3273343373493976,31.353272158345725,0.5892933724084684,23.900000000000002,0.4343079236706091,1,MEDIUM
ARUNACHAL PRADESH,TIRAP,2026-08-26,0.0,23.5,39.5,39.5,12.1,NR,39.5,LD,1609.0,N,325.0,N,2343.5429677542324,35.174442749265985,0.3273343373493976,31.359868429762106,0.40302783921889684,21.675,0.3761702759172627,0,LOW
ARUNACHAL PRADESH,TIRAP,2026-08-27,0.0,3.5,34.2,39.5,17.2,NR,0.0,NR,1609.0,N,325.1,N,1961.7386600780108,39.08716780029802,0.3169578313253012,21.492621026611815,0.5630451367160942,15.350000000000001,0.3464372795128627,0,LOW
ARUNACHAL PRADESH,TIRAP,2026-08-28,15.0,15.0,48.7,54.5,16.6,N,15.0,N,1624.0,N,340.0,N,1224.455432105124,38.29465433860004,0.3453463855421687,20.53845619865836,0.25897453356036054,29.35,0.4483027763538739,1,MEDIUM
ARUNACHAL PRADESH,TIRAP,2026-08-29,0.0,15.0,42.5,54.5,13.7,NR,39.5,LD,1624.0,N,340.1,N,972.0807100280242,34.21063049120186,0.3332078313253012,23.67017989840411,0.6590805656450778,22.549999999999997,0.37929324392970465,0,LOW
ARUNACHAL PRADESH,TIRAP,2026-08-30,0.0,15.0,38.5,54.5,17.0,NR,39.5,LD,1624.0,N,340.1,D,2467.247285064589,37.07207266623562,0.3253765060240964,19.95869755494581,0.6185785332455007,21.549999999999997,0.3833223519295609,0,LOW
ARUNACHAL PRADESH,TIRAP,2026-08-31,5.5,5.5,24.0,60.0,10.5,D,39.5,LD,1629.5,N,345.5,D,1808.5125782089265,42.387329114696406,0.2969879518072289,31.654261678144575,0.2630779236289261,18.3,0.37812102299639694,0,LOW
ARUNACHAL PRADESH,TIRAP,2026-09-01,5.5,11.0,26.0,65.5,10.9,D,39.5,LD,1609.0,N,5.5,D,2380.4269170094108,24.008295141051704,0.3009036144578313,18.760763630417816,0.7402069801796773,21.0,0.3164493589262392,0,LOW
ARUNACHAL PRADESH,TIRAP,2026-09-02,7.5,18.5,33.5,73.0,11.7,D,33.5,LD,1642.5,N,13.0,D,340.2725141817513,30.531480956501742,0.31558734939759037,21.275425597107066,0.708055921097273,26.575,0.3880840163986524,0,LOW
ARUNACHAL PRADESH,TIRAP,2026-09-03,0.0,13.0,33.5,73.0,9.2,NR,33.5,LD,1642.5,N,13.0,LD,2133.8075140174174,25.597588862910907,0.31558734939759037,22.29930488690303,0.43493424734098785,22.575,0.33766701622248174,0,LOW
ARUNACHAL PRADESH,TIRAP,2026-09-04,21.0,28.5,39.5,88.7,16.1,E,33.5,LD,1663.5,N,34.0,D,1610.8310157784585,39.04147948768292,0.3273343373493976,17.126088392379756,0.6312259903793835,37.655,0.5071690263967158,1,MEDIUM
ARUNACHAL PRADESH,TIRAP,2026-09-05,0.0,21.0,39.5,88.2,18.2,NR,33.5,LD,1663.5,N,34.0,D,348.7081119210258,22.254384114860294,0.3273343373493976,21.50802205509221,0.6108957780789839,28.355,0.36632373985279043,0,LOW
ARUNACHAL PRADESH,TIRAP,2026-09-06,2.5,23.5,42.0,84.5,12.5,LD,2.5,LD,1666.0,N,36.5,D,1491.2320999245906,37.78907084578932,0.3322289156626506,29.564422241733546,0.3359081675361222,29.924999999999997,0.44752747956989747,1,MEDIUM
ARUNACHAL PRADESH,TIRAP,2026-09-07,10.1,12.6,46.6,90.6,10.1,N,33.5,LD,1676.0,N,46.6,D,1730.9360945083495,36.97418300228556,0.3412349397590362,17.386137024764892,0.3659555806686195,31.924999999999997,0.4599512560759302,1,MEDIUM
ARUNACHAL PRADESH,TIRAP,2026-09-08,6.0,18.6,47.1,76.6,10.0,D,6.0,D,1682.0,N,52.6,D,80.14158042707695,43.47544405474362,0.34221385542168675,24.928373164045183,0.6599236817368777,30.014999999999997,0.47543823063388413,1,MEDIUM
ARUNACHAL PRADESH,TIRAP,2026-09-09,47.0,63.1,86.6,120.1,12.2,LE,86.6,N,1729.0,N,99.5,N,1163.079006512279,14.95682797029675,0.41954819277108435,21.912831347020287,0.8101309877620051,71.89,0.6623956289681572,1,MEDIUM
ARUNACHAL PRADESH,TIRAP,2026-09-10,0.0,53.0,86.6,120.1,12.3,NR,86.6,N,1729.0,N,99.6,D,2072.228802430987,33.38478039543649,0.41954819277108435,17.899124343996732,0.5957705924192518,52.91499999999999,0.6091548868007198,1,MEDIUM
ARUNACHAL PRADESH,TIRAP,2026-09-11,0.0,47.0,65.6,120.1,12.1,NR,86.6,N,1729.0,N,99.5,D,773.6296120930201,35.276779905899446,0.37843373493975907,15.209714795636499,0.5906878873357269,46.16499999999999,0.5612663848522668,1,MEDIUM
ARUNACHAL PRADESH,TIRAP,2026-09-12,0.0,0.0,65.6,105.1,19.8,NR,0.0,NR,1729.0,N,99.5,D,1173.4428004064503,42.45113971218663,0.37843373493975907,19.646836159328302,0.6380090168223032,32.165,0.4934423603861367,1,MEDIUM
ARUNACHAL PRADESH,TIRAP,2026-09-13,10.5,10.5,73.6,115.6,19.6,D,86.6,N,1739.5,N,110.0,D,1133.6696113163384,41.27609672222124,0.39409638554216864,16.051092331866034,0.5143469801068773,42.04,0.5616836859314609,1,MEDIUM
ARUNACHAL PRADESH,TIRAP,2026-09-14,47.5,58.0,111.0,163.1,10.7,LE,47.5,LE,1787.0,N,157.5,N,789.7221090341044,27.941034468337932,0.46731927710843374,21.405064012044498,0.28250322610080625,83.34,0.8112060216405264,2,HIGH
ARUNACHAL PRADESH,TIRAP,2026-09-15,23.0,81.0,128.0,180.6,16.3,E,86.6,N,1729.0,N,180.6,N,2300.1826440131076,28.166127434559193,0.5006024096385542,28.773567546888877,0.48790230803481827,87.39,0.8253032705257517,2,HIGH
ARUNACHAL PRADESH,TIRAP,2026-09-16,0.5,71.0,81.5,175.6,10.0,LD,0.5,LD,1810.5,N,181.1,N,1964.1703868072138,11.691649136169175,0.4095632530120482,27.23464943491941,0.7901513260707338,64.64,0.594251164132622,1,MEDIUM
ARUNACHAL PRADESH,TIRAP,2026-09-17,19.0,42.5,100.5,187.1,11.8,LE,81.5,D,1829.5,N,200.0,N,320.9416069404707,43.99850809695084,0.4467620481927711,31.10552309893004,0.7329680802349291,70.465,0.7867634734508264,2,HIGH
ARUNACHAL PRADESH,TIRAP,2026-09-18,11.5,31.0,112.0,198.6,8.5,E,11.5,E,1841.0,N,211.6,N,2492.734911702054,15.200698508137073,0.46927710843373494,22.259262094730175,0.8064541411462393,69.565,0.6568662877137992,1,MEDIUM
ARUNACHAL PRADESH,TIRAP,2026-09-19,0.0,30.5,112.0,177.6,8.7,NR,0.0,NR,1841.0,N,211.5,N,2204.040059553976,33.989448738051685,0.46927710843373494,27.0326237760615,0.34169895107944637,62.265,0.6883801659510339,1,MEDIUM
ARUNACHAL PRADESH,TIRAP,2026-09-20,0.0,11.5,101.5,177.6,9.9,NR,0.0,NR,1841.0,N,211.6,N,745.5756727668954,36.8318001922125,0.44871987951807235,26.310809275734343,0.5535746542232978,54.89,0.6443755538785041,1,MEDIUM
ARUNACHAL PRADESH,TIRAP,2026-09-21,22.5,22.5,76.5,197.6,8.8,LE,81.5,D,1810.5,N,234.0,N,2100.396620169299,22.64862018445524,0.3997740963855422,18.689787153690414,0.6008368928877662,62.265,0.6240758810809668,1,MEDIUM
ARUNACHAL PRADESH,UPPER SIANG,2026-08-19,0.2,0.2,0.2,0.2,10.8,LD,0.2,LD,878.8,D,131.7,N,310.727853084888,13.44774880116232,0.25039156626506026,20.160902588955196,0.37595530599578464,0.19999999999999998,0.1112705152461885,0,LOW
ARUNACHAL PRADESH,UPPER SIANG,2026-08-20,17.0,17.2,17.2,17.2,14.2,E,40.8,D,895.8,D,148.7,N,2497.8065896618846,12.55841536878747,0.2836746987951807,24.007102067761927,0.370582143561382,17.13,0.23455250958230797,0,LOW
ARUNACHAL PRADESH,UPPER SIANG,2026-08-21,0.1,17.3,17.3,17.3,14.9,LD,40.8,D,878.8,D,148.8,D,1680.9276034610155,39.25984003606367,0.28387048192771086,28.543174423100673,0.7192197595856813,11.280000000000001,0.3116001005807324,0,LOW
ARUNACHAL PRADESH,UPPER SIANG,2026-08-22,24.7,41.8,42.0,42.0,28.3,N,40.8,D,920.6,D,173.5,D,1642.8062881190526,25.430259469940594,0.3322289156626506,22.850816485869853,0.6531111502313239,35.894999999999996,0.43511865088601853,1,MEDIUM
ARUNACHAL PRADESH,UPPER SIANG,2026-08-23,3.5,28.3,45.5,45.5,24.6,LD,3.5,LD,924.1,D,177.0,D,271.57978111112527,8.605479281530668,0.33908132530120483,18.871606114983962,0.6383125220890962,26.5,0.2947997541673333,0,LOW
ARUNACHAL PRADESH,UPPER SIANG,2026-08-24,5.7,33.9,51.2,51.2,12.6,D,40.8,D,929.8,D,182.7,D,2247.731827296732,33.68077891051555,0.3502409638554217,31.888916734766287,0.4101924747898089,30.95,0.4401710153513446,1,MEDIUM
ARUNACHAL PRADESH,UPPER SIANG,2026-08-25,0.0,9.2,51.2,51.2,13.1,ND,40.8,D,878.8,D,182.7,D,121.04878285095009,15.006842112201184,0.3502409638554217,16.964839708012363,0.5540616545483241,22.78,0.2989877938374935,0,LOW
ARUNACHAL PRADESH,UPPER SIANG,2026-08-26,0.0,5.7,51.0,51.2,6.5,NR,51.0,D,929.8,D,182.7,D,640.0287422008103,40.05579003003517,0.34984939759036143,31.25011142735257,0.2638419720935967,21.855,0.4036501513580836,1,MEDIUM
ARUNACHAL PRADESH,UPPER SIANG,2026-08-27,0.0,0.0,34.0,51.2,6.7,NR,0.0,NR,929.8,D,182.7,D,400.40359415825577,17.38287144119901,0.316566265060241,28.753786903318307,0.32796763156025677,16.18,0.2558068094918767,0,LOW
ARUNACHAL PRADESH,UPPER SIANG,2026-08-28,7.0,7.0,40.900000000000006,58.2,12.9,D,7.0,D,936.8,D,189.7,D,1953.0814546959355,13.010833203605724,0.3300753012048193,29.261189828233483,0.5609505176564747,23.155,0.28875431599669077,0,LOW
ARUNACHAL PRADESH,UPPER SIANG,2026-08-29,1.1,8.1,17.3,59.3,11.3,LD,51.0,D,937.9,D,190.8,D,535.6003566715998,8.394337742197372,0.28387048192771086,28.51359891255549,0.43580336537914766,15.629999999999999,0.20540143295833427,0,LOW
ARUNACHAL PRADESH,UPPER SIANG,2026-08-30,5.8,13.9,19.6,65.1,7.4,D,51.0,D,943.7,D,196.6,D,2281.063656470669,25.4612454655059,0.2883734939759036,18.538906002178575,0.8294018541379099,20.17,0.31448950922162844,0,LOW
ARUNACHAL PRADESH,UPPER SIANG,2026-08-31,5.1,12.0,19.0,70.2,12.4,LD,51.0,D,948.8,D,201.6,D,1657.8591463523508,23.029503512731495,0.2871987951807229,25.75390041571911,0.5328908339602063,20.064999999999998,0.30269900193988936,0,LOW
ARUNACHAL PRADESH,UPPER SIANG,2026-09-01,22.3,33.2,41.3,92.5,18.1,E,51.0,D,929.8,D,22.3,E,138.59864071200573,35.052485784125714,0.3308584337349397,27.86474681166584,0.3001384938141104,40.305,0.5090186762213766,1,MEDIUM
ARUNACHAL PRADESH,UPPER SIANG,2026-09-02,0.0,27.4,41.3,92.5,12.1,NR,41.3,D,971.1,D,22.3,D,63.30309361531613,23.584103487721457,0.3308584337349397,27.676658465728075,0.26070540835318745,31.049999999999997,0.39213261110883524,0,LOW
ARUNACHAL PRADESH,UPPER SIANG,2026-09-03,0.0,22.3,41.3,92.3,18.8,NR,41.3,D,971.1,D,22.3,D,176.56189668527736,18.752638756974843,0.3308584337349397,19.61661129924932,0.6851547243086028,29.744999999999997,0.36136503175597035,0,LOW
ARUNACHAL PRADESH,UPPER SIANG,2026-09-04,0.6,0.6,34.9,75.89999999999999,15.0,LD,41.3,D,971.7,D,22.9,LD,1534.5166852369327,15.466196625317764,0.31832831325301203,18.079029591982582,0.35290404283018834,20.47,0.27819467810267423,0,LOW
ARUNACHAL PRADESH,UPPER SIANG,2026-09-05,5.5,6.1,39.3,81.3,20.1,LD,41.3,D,977.2,D,28.4,LD,2013.6304366055674,16.125869818798844,0.32694277108433734,20.578090726547337,0.36268742140303545,25.47,0.31846018911800833,0,LOW
ARUNACHAL PRADESH,UPPER SIANG,2026-09-06,2.4,8.5,35.9,59.0,19.3,LD,2.4,LD,979.6,D,30.8,LD,634.4544105371018,42.113916073112556,0.3202861445783133,23.15735616641566,0.5042843335844026,20.79,0.3992996402943061,0,LOW
ARUNACHAL PRADESH,UPPER SIANG,2026-09-07,2.4,10.3,33.2,57.9,10.1,LD,41.3,D,982.0,D,33.2,LD,2131.051665161529,11.603144083512493,0.315,24.754272700082502,0.40843635349207874,20.4,0.25986134270380024,0,LOW
ARUNACHAL PRADESH,UPPER SIANG,2026-09-08,0.4,5.2,11.3,52.6,16.1,LD,0.4,LD,982.4,D,33.6,LD,190.21825337548793,44.527056982286005,0.27212349397590363,29.22815615942573,0.6199462478477137,12.155000000000001,0.33889243533779423,0,LOW
ARUNACHAL PRADESH,UPPER SIANG,2026-09-09,43.1,45.9,54.4,95.7,19.4,LE,54.4,D,1025.5,D,76.7,D,2012.3614414221067,18.07677820768899,0.35650602409638554,28.073581870978472,0.5414155043342583,54.515,0.5399063241354314,1,MEDIUM
ARUNACHAL PRADESH,UPPER SIANG,2026-09-10,0.0,43.5,54.4,95.7,19.6,NR,54.4,D,1025.5,D,76.7,D,2323.098803922087,8.535609416699899,0.35650602409638554,26.494558936330776,0.316870360886338,38.83,0.38579024255463984,0,LOW
ARUNACHAL PRADESH,UPPER SIANG,2026-09-11,0.2,43.3,54.0,95.9,19.7,LD,54.4,D,1025.7,D,76.9,LD,1941.6655778057325,14.9476152315146,0.3557228915662651,19.47931798002693,0.720844508745669,38.78,0.4137753122841229,1,MEDIUM
ARUNACHAL PRADESH,UPPER SIANG,2026-09-12,10.5,10.7,59.0,99.4,14.5,D,10.5,D,1036.2,D,87.4,D,1760.3959207476612,7.336575182184748,0.36551204819277106,23.140968481894035,0.5055153126485488,36.010000000000005,0.36217794976734496,0,LOW
ARUNACHAL PRADESH,UPPER SIANG,2026-09-13,7.4,18.1,64.0,105.7,9.0,N,54.4,D,1043.6,D,94.8,D,2103.0515357056884,36.601190766556634,0.3753012048192771,20.702409860175337,0.6165005917535804,38.97,0.5152822964901888,1,MEDIUM
ARUNACHAL PRADESH,UPPER SIANG,2026-09-14,16.1,34.0,77.7,116.0,14.2,N,16.1,N,1059.7,D,110.9,D,148.37068389031273,25.502116501644217,0.40212349397590363,18.99377905235908,0.252365399519609,50.96,0.5567120865031371,1,MEDIUM
ARUNACHAL PRADESH,UPPER SIANG,2026-09-15,5.0,28.500000000000004,82.3,115.9,21.2,LD,54.4,D,1025.5,D,115.9,D,544.3661712616856,18.479464754672037,0.41112951807228915,15.17417112651915,0.6258400200619223,46.835,0.4979226464442642,1,MEDIUM
ARUNACHAL PRADESH,UPPER SIANG,2026-09-16,26.8,47.900000000000006,66.0,120.4,17.7,E,26.8,E,1091.5,D,142.7,D,356.0630142988255,31.481984185262498,0.37921686746987954,20.77085349970174,0.41970991421856063,55.915000000000006,0.6139981928487532,1,MEDIUM
ARUNACHAL PRADESH,UPPER SIANG,2026-09-17,66.2,98.0,132.2,186.6,17.6,LE,66.0,D,1157.7,D,208.9,D,1286.100925972817,30.22586103801281,0.5088253012048193,19.353976551148566,0.5466224459259961,108.71,0.8361022204099097,2,HIGH
ARUNACHAL PRADESH,UPPER SIANG,2026-09-18,32.0,125.0,164.0,218.6,13.5,LE,32.0,LE,1189.7,D,240.9,N,1875.710914405669,42.59488356910361,0.5710843373493976,24.722339558435884,0.4286323622927738,116.24000000000001,0.9035274611103401,2,HIGH
ARUNACHAL PRADESH,UPPER SIANG,2026-09-19,0.5,98.70000000000002,154.0,218.5,8.2,LD,0.5,LD,1190.2,D,241.4,D,1593.5290192121768,43.450420669935184,0.5515060240963856,16.059130094823107,0.8477564467853457,96.125,0.9034141855745446,2,HIGH
ARUNACHAL PRADESH,UPPER SIANG,2026-09-20,0.8,33.30000000000001,147.4,213.8,9.0,LD,0.8,LD,1191.0,D,242.2,D,2135.271194416741,32.22735102661621,0.5385843373493976,19.598833144073417,0.3885053888269741,77.525,0.8030940405241042,2,HIGH
ARUNACHAL PRADESH,UPPER SIANG,2026-09-21,4.9,6.200000000000014,136.20000000000002,216.3,16.8,LD,66.0,D,1091.5,D,247.1,D,430.27183148067263,37.712637089766744,0.5166566265060242,15.76108132980306,0.7977157608935539,69.76,0.7677840704960326,2,HIGH
ARUNACHAL PRADESH,UPPER SUBANSIRI,2026-08-19,0.0,0.0,0.0,0.0,7.5,NR,0.0,NR,269.1,LD,52.5,D,1849.8216752411458,36.69700401340714,0.25,25.904104376728412,0.8007799790979501,0.0,0.21309779561514286,0,LOW
ARUNACHAL PRADESH,UPPER SUBANSIRI,2026-08-20,4.6,4.6,4.6,4.6,6.0,D,0.0,NR,273.7,LD,57.1,D,522.951652628815,24.65214130799599,0.25900602409638557,24.659222495666622,0.5026003917606205,4.6,0.19412815680128015,0,LOW
ARUNACHAL PRADESH,UPPER SUBANSIRI,2026-08-21,1.2,5.8,5.8,5.8,5.9,LD,0.0,NR,269.1,LD,58.3,D,713.3589407286106,33.17833152133667,0.26135542168674697,20.737160392266045,0.4324018693140137,4.1899999999999995,0.2295721344810005,0,LOW
ARUNACHAL PRADESH,UPPER SUBANSIRI,2026-08-22,0.0,5.8,5.8,5.8,9.3,NR,0.0,NR,274.9,LD,58.3,D,1789.2665083391946,8.130360307342809,0.26135542168674697,17.504688207404243,0.4786213281392747,3.77,0.11525651593287221,0,LOW
ARUNACHAL PRADESH,UPPER SUBANSIRI,2026-08-23,0.0,1.2,5.8,5.8,7.9,NR,0.0,NR,274.9,LD,58.3,LD,2451.50172300177,35.32084332601228,0.26135542168674697,31.2846371570685,0.8436034524350787,2.62,0.22791263725145355,0,LOW
ARUNACHAL PRADESH,UPPER SUBANSIRI,2026-08-24,0.0,0.0,5.8,5.8,8.2,ND,0.0,NR,274.9,LD,58.3,LD,1548.2818346438205,43.473320287694705,0.26135542168674697,24.934671605606425,0.6212777364025637,2.32,0.26200922387691516,0,LOW
ARUNACHAL PRADESH,UPPER SUBANSIRI,2026-08-25,0.0,0.0,5.8,5.8,11.0,ND,0.0,NR,269.1,LD,58.3,LD,183.52577172867421,8.398990125029538,0.26135542168674697,26.544927231725154,0.5768681426923832,2.32,0.10612331204284772,0,LOW
ARUNACHAL PRADESH,UPPER SUBANSIRI,2026-08-26,2.2,2.2,8.0,8.0,6.9,LD,8.0,LD,277.1,LD,60.5,LD,1559.9569763224554,38.44463138367418,0.2656626506024096,24.03292880558068,0.2715507288036564,4.5200000000000005,0.2561896661769616,0,LOW
ARUNACHAL PRADESH,UPPER SUBANSIRI,2026-08-27,0.0,2.2,3.4000000000000004,8.0,8.6,ND,0.0,ND,277.1,LD,60.5,LD,153.75885137140938,42.31920106597085,0.2566566265060241,28.711065209985485,0.7587058182382154,2.6,0.257934247438546,0,LOW
ARUNACHAL PRADESH,UPPER SUBANSIRI,2026-08-28,0.2,2.4000000000000004,2.4000000000000004,8.2,4.1,LD,0.2,LD,277.3,LD,60.7,LD,2216.156992848702,14.047555592082483,0.2546987951807229,30.238460842318062,0.3002832734843194,2.5,0.13117870873997664,0,LOW
ARUNACHAL PRADESH,UPPER SUBANSIRI,2026-08-29,0.0,0.2,2.4000000000000004,8.2,8.1,NR,8.0,LD,277.3,LD,60.7,LD,1788.4667984965208,25.99244750436815,0.2546987951807229,21.506079241159707,0.2781834202206288,1.88,0.17985138565396905,0,LOW
ARUNACHAL PRADESH,UPPER SUBANSIRI,2026-08-30,0.0,0.2,2.4000000000000004,8.2,5.1,NR,8.0,LD,277.3,LD,60.7,LD,474.16322373513293,42.11432901851954,0.2546987951807229,26.73043030792038,0.4149148516707952,1.88,0.25150419238353083,0,LOW
ARUNACHAL PRADESH,UPPER SUBANSIRI,2026-08-31,11.2,11.2,13.6,19.4,4.1,LE,8.0,LD,288.5,LD,71.9,LD,274.71646426928527,43.409040180918716,0.2766265060240964,18.908087237288747,0.5354731630345109,13.03,0.34105595343890216,0,LOW
ARUNACHAL PRADESH,UPPER SUBANSIRI,2026-09-01,20.2,31.4,33.8,39.6,6.4,LE,8.0,LD,277.1,LD,20.2,LE,499.6564107567815,10.115295374092653,0.31617469879518073,26.081535801754654,0.7871733760026403,29.31,0.3169419576979524,0,LOW
ARUNACHAL PRADESH,UPPER SUBANSIRI,2026-09-02,0.0,31.4,31.6,39.6,6.3,NR,31.6,D,308.7,LD,20.2,LE,2451.0665899077717,18.960169022218025,0.3118674698795181,21.785645709601397,0.7240472794497032,21.69,0.3011202958521744,0,LOW
ARUNACHAL PRADESH,UPPER SUBANSIRI,2026-09-03,0.0,20.2,31.6,39.6,7.9,NR,31.6,D,308.7,LD,20.2,N,1173.4735740233,32.925785646034264,0.3118674698795181,15.115287189822185,0.3685792867035058,18.89,0.3432476894592098,0,LOW
ARUNACHAL PRADESH,UPPER SUBANSIRI,2026-09-04,12.4,12.4,43.8,47.4,10.3,E,31.6,D,321.1,D,32.6,N,1970.9983234364495,13.862339975437212,0.33575301204819274,31.243973763184552,0.4732477170563659,25.5,0.3103757691051515,0,LOW
ARUNACHAL PRADESH,UPPER SUBANSIRI,2026-09-05,0.0,12.4,43.8,46.2,6.0,NR,31.6,D,321.1,LD,32.6,N,1609.2004381640534,17.990825145379233,0.33575301204819274,29.76350627415822,0.7181441587713296,20.98,0.2965324843980772,0,LOW
ARUNACHAL PRADESH,UPPER SUBANSIRI,2026-09-06,0.0,12.4,43.8,46.2,8.1,NR,0.0,NR,321.1,LD,32.6,D,1452.4122173986616,5.931642400187731,0.33575301204819274,19.944221355882483,0.5662554684814585,20.98,0.24293611664167053,0,LOW
ARUNACHAL PRADESH,UPPER SUBANSIRI,2026-09-07,0.0,0.0,32.6,46.2,4.3,NR,31.6,D,321.1,LD,32.6,D,405.56912392937176,11.140867237247956,0.3138253012048193,31.96187434195863,0.35469516521444755,15.080000000000002,0.21968201332472947,0,LOW
ARUNACHAL PRADESH,UPPER SUBANSIRI,2026-09-08,0.0,0.0,12.400000000000004,46.2,5.3,NR,0.0,NR,321.1,LD,32.6,D,2367.759911217333,27.493179776709752,0.27427710843373493,20.39117046746108,0.487633121607,10.030000000000001,0.24848247341529814,0,LOW
ARUNACHAL PRADESH,UPPER SUBANSIRI,2026-09-09,0.0,0.0,12.400000000000004,46.2,4.0,NR,12.4,LD,321.1,LD,32.6,D,788.2894496610589,31.12360265216731,0.27427710843373493,22.800351169804273,0.6255614827058241,10.030000000000001,0.26461768619510956,0,LOW
ARUNACHAL PRADESH,UPPER SUBANSIRI,2026-09-10,0.0,0.0,12.400000000000004,44.0,6.2,NR,12.4,LD,321.1,LD,32.6,D,1466.1421787284783,30.95647324383348,0.27427710843373493,29.47140344496509,0.8339354048853008,9.700000000000001,0.26152458007785284,0,LOW
ARUNACHAL PRADESH,UPPER SUBANSIRI,2026-09-11,0.0,0.0,0.0,44.0,12.0,NR,12.4,LD,321.1,LD,32.6,D,1764.451064243212,36.13441883112867,0.25,20.178137972576693,0.6470872329138454,6.6,0.25760359196492066,0,LOW
ARUNACHAL PRADESH,UPPER SUBANSIRI,2026-09-12,0.6,0.6,0.6000000000000035,44.4,7.2,LD,0.6,LD,321.7,LD,33.2,LD,1640.6212303510067,21.61125654955166,0.25117469879518073,22.6591848345875,0.2597170973388382,7.17,0.19735076800500023,0,LOW
ARUNACHAL PRADESH,UPPER SUBANSIRI,2026-09-13,0.0,0.6,0.6000000000000035,44.4,5.3,NR,12.4,LD,321.7,LD,33.2,LD,2354.45630375402,15.93962864964622,0.25117469879518073,26.314981841095346,0.673004965979517,6.96,0.17064788187356494,0,LOW
ARUNACHAL PRADESH,UPPER SUBANSIRI,2026-09-14,0.0,0.6,0.6000000000000035,44.4,4.5,NR,0.0,NR,321.7,LD,33.2,LD,413.67552530414207,5.6232280017009995,0.25117469879518073,17.21794843113128,0.40051888447433825,6.96,0.12479721232714173,0,LOW
ARUNACHAL PRADESH,UPPER SUBANSIRI,2026-09-15,0.6,0.6,1.2000000000000035,33.8,6.5,LD,12.4,LD,321.1,LD,33.7,LD,1295.4642091950082,13.265193042095476,0.25234939759036146,22.179956267759202,0.7672953485282888,5.73,0.1502361994616661,0,LOW
ARUNACHAL PRADESH,UPPER SUBANSIRI,2026-09-16,2.7,3.3000000000000003,3.900000000000004,16.3,13.2,LD,2.7,LD,325.0,LD,36.5,LD,1039.8842573148768,17.49551248808149,0.2576355421686747,20.25996893514765,0.48033394493568315,5.190000000000001,0.16624888836963808,0,LOW
ARUNACHAL PRADESH,UPPER SUBANSIRI,2026-09-17,6.4,9.7,10.300000000000004,22.700000000000003,6.7,N,3.9,LD,331.4,LD,42.8,LD,1211.7133872324143,12.128274259218621,0.27016566265060243,26.505163199701904,0.36976902265258016,10.645,0.18375183613851026,0,LOW
ARUNACHAL PRADESH,UPPER SUBANSIRI,2026-09-18,15.6,24.700000000000003,25.90000000000001,38.3,10.4,E,15.6,E,347.0,LD,58.4,D,342.0829391844743,5.80577885986409,0.3007078313253012,17.31147963102632,0.5307683119061406,23.855000000000004,0.2558438616733058,0,LOW
ARUNACHAL PRADESH,UPPER SUBANSIRI,2026-09-19,0.3,22.3,25.6,26.200000000000003,6.8,LD,0.3,LD,347.3,LD,58.8,D,378.53179418827506,11.297904346607663,0.30012048192771085,18.956435144715936,0.4031187845890033,16.01,0.22426258955515566,0,LOW
ARUNACHAL PRADESH,UPPER SUBANSIRI,2026-09-20,0.0,15.9,25.6,26.200000000000003,7.8,NR,0.0,NR,347.3,LD,58.8,LD,731.2850871640806,31.643982142702892,0.30012048192771085,27.093395463792206,0.3914928930987103,14.305,0.30254634012334436,0,LOW
ARUNACHAL PRADESH,UPPER SUBANSIRI,2026-09-21,0.0,0.3,25.6,26.200000000000003,12.0,NR,3.9,LD,325.0,LD,58.8,LD,796.5262792140367,30.18341665890383,0.30012048192771085,17.65581428530995,0.5939570804640958,10.405000000000001,0.2682785618735869,0,LOW
ARUNACHAL PRADESH,WEST KAMENG,2026-08-19,6.4,6.4,6.4,6.4,14.4,D,6.4,D,367.4,LD,100.8,LD,1098.3628735193074,42.4273455759217,0.2625301204819277,22.174327458078125,0.7104077625105276,6.3999999999999995,0.2866537498279313,0,LOW
ARUNACHAL PRADESH,WEST KAMENG,2026-08-20,5.3,11.7,11.7,11.7,16.6,LD,21.5,LD,372.8,LD,106.1,LD,1546.9194902397394,36.92673165589237,0.2729066265060241,27.11897227557452,0.7509726244959254,9.459999999999999,0.28607565007140423,0,LOW
ARUNACHAL PRADESH,WEST KAMENG,2026-08-21,6.9,18.6,18.6,18.6,16.4,D,21.5,LD,367.4,LD,113.0,LD,1604.8413376747444,27.710244673647647,0.2864156626506024,28.012962535310088,0.48860192228223465,14.504999999999999,0.28374652817124324,0,LOW
ARUNACHAL PRADESH,WEST KAMENG,2026-08-22,0.9,13.1,19.5,19.5,12.8,LD,21.5,LD,380.5,LD,113.9,LD,1058.936696634647,10.502253899728453,0.2881777108433735,16.612980037418364,0.2900822581581636,11.39,0.18543348867355866,0,LOW
ARUNACHAL PRADESH,WEST KAMENG,2026-08-23,0.7,8.5,20.2,20.2,12.1,LD,0.7,LD,381.2,LD,114.6,LD,1051.5186181003078,27.562872757006275,0.28954819277108435,29.48392536013113,0.540384999079332,10.45,0.25483773890335254,0,LOW
ARUNACHAL PRADESH,WEST KAMENG,2026-08-24,1.1,2.7,21.3,21.3,13.9,LD,21.5,LD,382.4,LD,115.8,LD,583.1898904075568,7.463802436567231,0.29170180722891564,27.307529119209427,0.5102688862170315,9.58,0.15974299185623264,0,LOW
ARUNACHAL PRADESH,WEST KAMENG,2026-08-25,0.8,2.6000000000000005,22.1,22.1,16.1,LD,21.5,LD,367.4,LD,116.5,LD,1491.3503086020703,22.235395896434113,0.29326807228915663,20.768008007786335,0.36818736895182363,9.77,0.2270609794229659,0,LOW
ARUNACHAL PRADESH,WEST KAMENG,2026-08-26,15.4,17.3,31.1,37.5,9.9,E,31.1,LD,398.5,LD,131.9,LD,826.7502327272329,20.610345157887817,0.31088855421686745,27.98464848961408,0.787686940686472,23.115000000000002,0.3184076893760854,0,LOW
ARUNACHAL PRADESH,WEST KAMENG,2026-08-27,0.9,17.099999999999998,26.7,38.4,11.1,LD,0.9,LD,399.3,LD,132.7,LD,138.34659397954107,22.112552374517666,0.30227409638554215,27.381080710791203,0.8344889518124133,17.025,0.2799873947265867,0,LOW
ARUNACHAL PRADESH,WEST KAMENG,2026-08-28,4.0,20.300000000000004,23.800000000000004,42.400000000000006,10.8,LD,4.0,LD,403.3,LD,136.7,LD,1075.0801081843078,16.193036735791488,0.29659638554216866,25.215150850642555,0.2810483128198489,18.785000000000004,0.2650778741469554,0,LOW
ARUNACHAL PRADESH,WEST KAMENG,2026-08-29,15.4,20.3,38.3,57.8,10.1,E,31.1,LD,418.7,LD,152.1,LD,1211.6250539709172,32.43321790495295,0.32498493975903614,24.494179947899354,0.7274478279144594,28.71,0.41362148406384874,1,MEDIUM
ARUNACHAL PRADESH,WEST KAMENG,2026-08-30,0.9,20.3,38.50000000000001,58.7,13.6,LD,31.1,LD,419.6,LD,153.0,LD,602.702527100317,38.637778691951176,0.3253765060240964,27.489959311292953,0.6374299347649233,23.82,0.40644832069666115,1,MEDIUM
ARUNACHAL PRADESH,WEST KAMENG,2026-08-31,10.4,26.7,47.8,69.10000000000001,12.3,N,31.1,LD,430.0,LD,163.4,LD,1452.5219361491834,35.7406797039591,0.3435843373493976,31.987418328992728,0.4068617548995448,32.63,0.4599600128536222,1,MEDIUM
ARUNACHAL PRADESH,WEST KAMENG,2026-09-01,16.9,28.2,63.9,86.0,10.7,E,31.1,LD,398.5,LD,16.9,E,1436.1411560582062,30.11008383163521,0.375105421686747,24.83538823837005,0.6310936709696877,41.839999999999996,0.5068343396586504,1,MEDIUM
ARUNACHAL PRADESH,WEST KAMENG,2026-09-02,7.5,34.8,56.0,93.5,10.6,D,56.1,D,454.5,LD,24.5,N,1769.90534372041,26.533791973320533,0.35963855421686747,28.748203819958214,0.3271859150100847,39.35,0.47011218786587766,1,MEDIUM
ARUNACHAL PRADESH,WEST KAMENG,2026-09-03,18.4,42.8,73.5,105.5,13.3,E,56.1,D,454.5,LD,42.9,E,1637.4737813929646,6.243367200321215,0.39390060240963853,27.65265319436491,0.29164390497849835,51.34,0.47217948298344636,1,MEDIUM
ARUNACHAL PRADESH,WEST KAMENG,2026-09-04,0.8,26.7,70.3,101.0,9.6,LD,56.1,D,473.8,LD,43.7,N,1648.4609884765273,33.91735994767685,0.3876355421686747,29.548742834575037,0.8460934450313563,39.68,0.510877751866929,1,MEDIUM
ARUNACHAL PRADESH,WEST KAMENG,2026-09-05,0.3,19.5,55.2,94.4,12.2,LD,56.1,D,474.1,LD,44.0,D,824.7246719689056,26.799317583139896,0.3580722891566265,31.22692264353035,0.631821915075196,32.94,0.42532608180395454,1,MEDIUM
ARUNACHAL PRADESH,WEST KAMENG,2026-09-06,9.2,10.3,63.49999999999999,102.7,13.5,D,9.2,D,483.3,LD,53.2,D,1979.208943865587,15.829642026555476,0.3743222891566265,18.282414526833858,0.40193357471994007,37.074999999999996,0.40927204903236447,1,MEDIUM
ARUNACHAL PRADESH,WEST KAMENG,2026-09-07,0.5,9.999999999999998,53.6,102.5,13.6,LD,56.1,D,483.8,LD,53.8,D,1395.4037398192147,18.113681554137667,0.3549397590361446,17.812813818716975,0.5200203735422595,31.45,0.37548474888472505,0,LOW
ARUNACHAL PRADESH,WEST KAMENG,2026-09-08,0.8,10.5,37.5,102.2,6.0,LD,0.8,LD,484.6,LD,54.6,D,1106.9745781907307,42.424271458789654,0.3234186746987952,24.967981083053317,0.8200529093787042,27.61,0.4498785510236833,1,MEDIUM
ARUNACHAL PRADESH,WEST KAMENG,2026-09-09,0.2,1.5,30.2,101.6,6.9,LD,30.3,LD,484.9,LD,54.8,D,1583.73057830559,29.97448980468908,0.3091265060240964,22.638016069070574,0.5132350410320858,23.235,0.3605283581161209,0,LOW
ARUNACHAL PRADESH,WEST KAMENG,2026-09-10,0.5,1.5,12.3,86.7,8.4,LD,30.3,LD,484.9,LD,55.3,D,933.6104694031229,24.036497386301132,0.2740813253012048,24.702285779625875,0.7902667192014065,16.630000000000003,0.2800864588802138,0,LOW
ARUNACHAL PRADESH,WEST KAMENG,2026-09-11,0.4,1.1,11.9,86.19999999999999,12.0,LD,30.3,LD,485.8,LD,55.7,D,1306.2111492865577,29.836869588336306,0.27329819277108436,28.566726486253646,0.771285518787077,16.319999999999997,0.30350139859070735,0,LOW
ARUNACHAL PRADESH,WEST KAMENG,2026-09-12,3.0,3.9,14.6,85.19999999999999,11.6,LD,3.0,LD,488.8,LD,58.7,D,1854.9289367814397,21.54969299942628,0.2785843373493976,30.83914616083719,0.45649378965450593,18.455,0.2829325169332272,0,LOW
ARUNACHAL PRADESH,WEST KAMENG,2026-09-13,11.6,15.0,17.0,81.4,13.0,N,30.3,LD,500.4,LD,70.4,D,2221.687072473084,23.807290928120647,0.2832831325301205,22.09606902837549,0.6676054024462614,24.27,0.3353213335205318,0,LOW
ARUNACHAL PRADESH,WEST KAMENG,2026-09-14,2.0,16.6,18.5,82.5,12.8,LD,2.0,LD,502.4,LD,72.4,D,2306.5901333732195,16.612370268306815,0.28621987951807226,27.204854974241616,0.6462991022695554,21.85,0.28669566028624394,0,LOW
ARUNACHAL PRADESH,WEST KAMENG,2026-09-15,0.1,13.7,17.8,72.19999999999999,13.6,LD,30.3,LD,484.9,LD,72.5,D,1283.900666698593,22.59413202366578,0.28484939759036143,18.34558619330396,0.7127271223719052,18.74,0.2908572922998439,0,LOW
ARUNACHAL PRADESH,WEST KAMENG,2026-09-16,0.2,2.3,17.8,55.5,10.0,LD,0.2,LD,502.8,LD,72.8,LD,1324.6740311143942,32.42368929751642,0.28484939759036143,24.0873831390269,0.4695574985604912,13.419999999999998,0.29665438765809893,0,LOW
ARUNACHAL PRADESH,WEST KAMENG,2026-09-17,11.9,12.2,29.200000000000003,59.9,16.4,D,17.9,LD,514.7,LD,84.7,D,2009.6825063713993,6.597677003458768,0.30716867469879516,15.37068122226884,0.28134189909887963,23.5,0.25812721521303994,0,LOW
ARUNACHAL PRADESH,WEST KAMENG,2026-09-18,5.5,17.6,34.300000000000004,47.0,11.9,D,5.5,D,520.3,LD,90.2,D,820.404194773293,36.80109629184619,0.3171536144578313,23.56375964126265,0.3526235446675066,21.950000000000003,0.3833222932617093,0,LOW
ARUNACHAL PRADESH,WEST KAMENG,2026-09-19,0.6,18.000000000000004,31.9,46.8,9.1,LD,0.6,LD,520.9,LD,90.8,D,2101.586787745418,16.319181634452512,0.31245481927710844,24.270719805133496,0.6199322126042555,19.705,0.2753625807883964,0,LOW
ARUNACHAL PRADESH,WEST KAMENG,2026-09-20,0.1,6.2,20.4,46.6,8.7,LD,0.1,LD,521.0,LD,91.0,LD,1260.6470339676873,32.302391737299985,0.28993975903614455,27.50257070823163,0.7150601121384121,13.675,0.2989495073476738,0,LOW
ARUNACHAL PRADESH,WEST KAMENG,2026-09-21,0.0,0.7,18.4,37.400000000000006,9.9,NR,17.9,LD,502.8,LD,91.0,LD,333.84897462140754,30.709012587202402,0.28602409638554216,26.04124143351886,0.7036291807213576,10.385,0.26765282371434573,0,LOW
ARUNACHAL PRADESH,WEST SIANG,2026-08-19,0.0,0.0,0.0,0.0,16.0,NR,0.0,NR,521.3,LD,140.2,D,226.54491032871206,31.105121965652213,0.25,21.092744483198626,0.6002089510690184,0.0,0.18824498651400984,0,LOW
ARUNACHAL PRADESH,WEST SIANG,2026-08-20,0.0,0.0,0.0,0.0,16.6,NR,36.8,LD,521.3,LD,140.2,D,2112.8833670466847,29.325156650232117,0.25,15.097425312123063,0.3008548874289355,0.0,0.18033402955658723,0,LOW
ARUNACHAL PRADESH,WEST SIANG,2026-08-21,0.0,0.0,0.0,0.0,10.4,NR,36.8,LD,521.3,LD,140.2,D,186.14139642185086,43.364073522781396,0.25,16.96325985159013,0.2603731763114875,0.0,0.24272921565680622,0,LOW
ARUNACHAL PRADESH,WEST SIANG,2026-08-22,0.0,0.0,0.0,0.0,27.8,NR,36.8,LD,521.3,LD,140.2,D,737.498018527457,25.333766507815632,0.25,31.54203110979669,0.7192850543932436,0.0,0.16259451781251394,0,LOW
ARUNACHAL PRADESH,WEST SIANG,2026-08-23,0.0,0.0,0.0,0.0,13.4,NR,0.0,NR,521.3,LD,140.2,D,868.6185992287873,34.29276462061406,0.25,30.679663691360197,0.5796258605139176,0.0,0.20241228720272914,0,LOW
ARUNACHAL PRADESH,WEST SIANG,2026-08-24,0.0,0.0,0.0,0.0,18.1,NR,36.8,LD,521.3,LD,140.2,D,473.8363907194048,33.21797324938311,0.25,20.52658377237947,0.7196272616389047,0.0,0.1976354366639249,0,LOW
ARUNACHAL PRADESH,WEST SIANG,2026-08-25,21.2,21.2,21.2,21.2,12.2,LE,36.8,LD,521.3,LD,161.5,D,819.0387560148736,14.450703091133214,0.29150602409638554,19.40049997870609,0.3476730768876333,21.2,0.2735160835089896,0,LOW
ARUNACHAL PRADESH,WEST SIANG,2026-08-26,4.2,25.4,25.4,25.4,9.1,D,25.5,LD,546.8,LD,165.7,D,1869.5967884764598,16.332233567473025,0.2997289156626506,22.419076992730638,0.4944539024626861,17.979999999999997,0.2605897038434493,0,LOW
ARUNACHAL PRADESH,WEST SIANG,2026-08-27,1.5,26.9,26.9,26.9,10.9,LD,1.5,LD,548.3,LD,167.2,D,85.97296672217338,21.960683926278715,0.3026656626506024,26.72898050340524,0.8015015722467839,18.009999999999998,0.28640605260059987,0,LOW
ARUNACHAL PRADESH,WEST SIANG,2026-08-28,0.0,5.7,26.9,26.9,8.5,NR,0.0,NR,548.3,LD,167.2,D,2076.5748900756817,16.10791721852837,0.3026656626506024,21.06607043518555,0.3529587947482994,12.184999999999999,0.21890724566534608,0,LOW
ARUNACHAL PRADESH,WEST SIANG,2026-08-29,0.0,1.5,26.9,26.9,10.1,NR,25.5,LD,548.3,LD,167.2,D,2148.5426577576677,19.66972395719839,0.3026656626506024,16.143995411429643,0.2869161422875266,11.134999999999998,0.22725924273349066,0,LOW
ARUNACHAL PRADESH,WEST SIANG,2026-08-30,0.0,0.0,26.9,26.9,16.0,NR,25.5,LD,548.3,LD,167.2,D,962.0408543192931,20.63842455713224,0.3026656626506024,21.84751657155474,0.642080430269049,10.759999999999998,0.22889377333901018,0,LOW
ARUNACHAL PRADESH,WEST SIANG,2026-08-31,7.5,7.5,34.4,34.4,11.8,D,25.5,LD,555.8,LD,174.7,D,426.35160269855527,29.154582437533758,0.31734939759036146,19.43001290618434,0.6067218043730538,18.259999999999998,0.323096218790254,0,LOW
ARUNACHAL PRADESH,WEST SIANG,2026-09-01,14.7,22.2,27.9,49.1,11.4,E,25.5,LD,546.8,LD,14.7,E,1522.058999465448,13.795601709402465,0.3046234939759036,20.523810190590602,0.82121830351464,25.035000000000004,0.30054145228619256,0,LOW
ARUNACHAL PRADESH,WEST SIANG,2026-09-02,1.9,24.1,25.6,51.0,11.7,LD,25.5,LD,572.3,LD,16.6,D,343.1977618689911,37.17167463506749,0.30012048192771085,17.770273178384176,0.7938810526329254,20.74,0.3729448828758715,0,LOW
ARUNACHAL PRADESH,WEST SIANG,2026-09-03,0.0,16.599999999999998,24.1,51.0,13.7,NR,25.5,LD,572.3,LD,16.6,D,944.0524346417186,22.501454270860183,0.297183734939759,26.200281180576006,0.6996582341323425,17.825,0.28639549348432797,0,LOW
ARUNACHAL PRADESH,WEST SIANG,2026-09-04,0.0,1.9,24.1,51.0,12.7,NR,25.5,LD,572.3,LD,16.6,LD,2398.1514932073824,33.249764467329875,0.297183734939759,23.952725865168823,0.2614943427269513,14.149999999999999,0.3079918681611657,0,LOW
ARUNACHAL PRADESH,WEST SIANG,2026-09-05,0.2,0.2,24.3,51.2,11.3,LD,25.5,LD,572.5,LD,16.7,LD,2488.887957829911,8.257699249632715,0.2975753012048193,19.604672994021023,0.5382321810439361,13.875,0.19503574537978696,0,LOW
ARUNACHAL PRADESH,WEST SIANG,2026-09-06,0.0,0.2,24.3,51.2,21.0,NR,0.0,NR,572.5,LD,16.7,LD,1941.6569838187347,23.798615764974677,0.2975753012048193,24.415662182206106,0.7876611619222232,13.805,0.26360793510772534,0,LOW
ARUNACHAL PRADESH,WEST SIANG,2026-09-07,0.0,0.2,16.8,51.2,7.5,NR,25.5,LD,572.5,LD,16.7,LD,811.8556993058772,6.128781287093132,0.28289156626506023,23.376033401843046,0.5101906528686864,11.93,0.16878456346936754,0,LOW
ARUNACHAL PRADESH,WEST SIANG,2026-09-08,0.0,0.0,2.1,51.2,11.1,NR,0.0,NR,572.5,LD,16.7,LD,1734.7793704569267,32.03639967262259,0.25411144578313255,28.531572561622475,0.8272874317677967,8.205,0.25164350972641614,0,LOW
ARUNACHAL PRADESH,WEST SIANG,2026-09-09,0.0,0.0,0.2,30.0,11.8,NR,0.2,LD,572.5,LD,16.7,LD,1778.245595435831,18.748403079882785,0.25039156626506026,31.25173257878343,0.6414927883863895,4.55,0.16581032127973155,0,LOW
ARUNACHAL PRADESH,WEST SIANG,2026-09-10,0.0,0.0,0.2,25.8,14.7,NR,0.2,LD,572.5,LD,16.7,LD,1000.2121531509418,42.97011256423315,0.25039156626506026,17.221398652637152,0.3156742765256765,3.92,0.26897541037016653,0,LOW
ARUNACHAL PRADESH,WEST SIANG,2026-09-11,0.0,0.0,0.2,24.3,15.0,NR,0.2,LD,572.5,LD,16.7,LD,1620.1771547360906,17.964968584056777,0.25039156626506026,30.02652914143571,0.55556324511201,3.695,0.15623895388842635,0,LOW
ARUNACHAL PRADESH,WEST SIANG,2026-09-12,0.0,0.0,0.0,24.3,10.7,NR,0.0,NR,572.5,LD,16.7,LD,76.2827301904068,27.552235920709073,0.25,26.981547950843336,0.6673702813870885,3.645,0.19841461030131075,0,LOW
ARUNACHAL PRADESH,WEST SIANG,2026-09-13,2.3,2.3,2.3,26.6,23.0,LD,0.2,LD,574.8,LD,19.1,LD,562.1912635754916,15.295503027784587,0.25450301204819276,26.77341027006438,0.2892213833437724,5.945,0.16122178404896204,0,LOW
ARUNACHAL PRADESH,WEST SIANG,2026-09-14,0.0,2.3,2.3,26.6,22.5,NR,0.0,NR,574.8,LD,19.1,LD,1336.46634226979,29.80450515789361,0.25450301204819276,21.36311525142203,0.4567897192424605,5.140000000000001,0.21997290904770406,0,LOW
ARUNACHAL PRADESH,WEST SIANG,2026-09-15,2.1,4.4,4.4,21.2,19.5,LD,0.2,LD,572.5,LD,21.2,LD,451.1906954328249,23.681694005329383,0.2586144578313253,20.846439322903656,0.6802486378323918,6.115,0.20052679821781882,0,LOW
ARUNACHAL PRADESH,WEST SIANG,2026-09-16,10.6,12.7,15.0,17.1,22.0,D,10.6,D,587.5,LD,31.8,LD,456.4718262975074,19.825130460225317,0.27936746987951805,15.095871241982788,0.34424281738422047,13.2,0.2379975347856026,0,LOW
ARUNACHAL PRADESH,WEST SIANG,2026-09-17,21.9,34.599999999999994,36.9,37.1,12.5,LE,15.0,LD,609.4,LD,53.6,LD,2098.945511848083,13.147573963207195,0.3222439759036145,31.697482868834232,0.4590039389623135,31.105,0.3444168620025431,0,LOW
ARUNACHAL PRADESH,WEST SIANG,2026-09-18,3.9,36.4,40.8,41.0,12.0,LD,3.9,LD,613.3,LD,57.5,LD,2473.3758565748335,9.460853758858212,0.32987951807228916,25.31059915034183,0.6639461934803403,26.814999999999998,0.2990045335963447,0,LOW
ARUNACHAL PRADESH,WEST SIANG,2026-09-19,0.0,25.8,40.8,41.0,11.9,NR,0.0,NR,613.3,LD,57.5,LD,1412.1250986696987,9.795165358266932,0.32987951807228916,21.83958660670673,0.7153245411184683,22.799999999999997,0.27189493983996016,0,LOW
ARUNACHAL PRADESH,WEST SIANG,2026-09-20,0.0,3.9,38.5,40.8,13.2,NR,0.0,NR,613.3,LD,57.5,LD,2105.720840660198,44.96160070022213,0.3253765060240964,24.244069972167036,0.5611070762952524,16.72,0.38398694749237905,0,LOW
ARUNACHAL PRADESH,WEST SIANG,2026-09-21,0.0,0.0,38.5,40.8,21.1,NR,15.0,LD,587.5,LD,57.5,LD,2476.2880775993676,21.492429074289387,0.3253765060240964,15.688959579636462,0.8241145166200058,15.745,0.2727354240189042,0,LOW
ASSAM,BAJALI,2026-08-19,1.1,1.1,1.1,1.1,8.9,LD,1.1,LD,933.8,N,115.5,D,396.909926993498,5.077188314933578,0.2521536144578313,17.95206623995837,0.8051985152793979,1.1,0.08083036678088475,0,LOW
ASSAM,BAJALI,2026-08-20,3.2,4.300000000000001,4.300000000000001,4.300000000000001,8.9,LD,3.2,LD,937.0,N,118.7,D,1148.2017524731602,43.11715162504057,0.2584186746987952,25.597118724377843,0.5340622323446711,3.9150000000000005,0.27119872825524627,0,LOW
ASSAM,BAJALI,2026-08-21,48.7,53.0,53.0,53.0,11.8,LE,48.7,LE,985.7,N,167.5,N,1011.8031538127037,5.799196969192506,0.3537650602409639,23.74244940462154,0.3461646460667934,51.495000000000005,0.4632822175298475,1,MEDIUM
ASSAM,BAJALI,2026-08-22,0.0,51.9,53.0,53.0,10.3,NR,0.0,NR,985.7,N,167.5,N,246.1207449331533,21.743445022181348,0.3537650602409639,28.38027198976976,0.7137589383303751,34.175,0.4107899437369715,1,MEDIUM
ASSAM,BAJALI,2026-08-23,0.0,48.7,53.0,53.0,7.6,NR,0.0,NR,985.7,N,167.5,N,1900.558923347124,33.699103438826235,0.3537650602409639,26.19862573757073,0.39588374523588643,33.375,0.45822848519223985,1,MEDIUM
ASSAM,BAJALI,2026-08-24,6.5,6.5,59.5,59.5,9.7,D,6.5,D,992.2,N,174.0,N,1112.7586169403528,41.58396977487047,0.3664909638554217,25.22440649164958,0.755692785999463,27.699999999999996,0.45539932799886135,1,MEDIUM
ASSAM,BAJALI,2026-08-25,1.0,7.5,60.5,60.5,13.5,LD,1.0,LD,993.2,N,175.0,D,1199.8509887664832,33.51545165728404,0.3684487951807229,28.859516973190328,0.602286604693059,26.425,0.4108500754010813,1,MEDIUM
ASSAM,BAJALI,2026-08-26,0.0,7.5,59.4,60.5,13.1,NR,0.0,NR,993.2,N,175.0,D,419.14878584243843,23.54503019600047,0.3662951807228916,16.16047279438231,0.48645580383864795,25.8,0.3616550259134994,0,LOW
ASSAM,BAJALI,2026-08-27,0.0,1.0,56.2,60.5,7.8,NR,0.0,NR,993.2,N,175.0,D,493.2702979656269,43.977681559364136,0.36003012048192773,26.74507553933185,0.5838300151495265,23.375,0.43394258948673925,1,MEDIUM
ASSAM,BAJALI,2026-08-28,5.8,5.8,13.3,66.3,9.1,D,5.8,D,999.0,N,180.7,D,2272.4038742827265,6.572775321330817,0.276039156626506,27.165042125913264,0.5696852610747563,16.75,0.2037161403604345,0,LOW
ASSAM,BAJALI,2026-08-29,0.0,5.8,13.3,66.3,6.2,NR,0.0,NR,999.0,D,180.7,D,159.39026798698325,44.47568810152032,0.276039156626506,19.677780344560187,0.8048397075399506,14.719999999999999,0.3577155706274139,0,LOW
ASSAM,BAJALI,2026-08-30,0.0,5.8,13.3,66.3,10.7,NR,0.0,NR,999.0,D,180.7,D,620.4880981120803,38.975662068337556,0.276039156626506,18.326043820285705,0.3786178298569377,14.719999999999999,0.33327101047993496,0,LOW
ASSAM,BAJALI,2026-08-31,42.2,42.2,49.0,108.5,10.1,LE,42.2,LE,1041.2,N,223.0,D,765.5453592705944,42.15720068505436,0.34593373493975904,18.635492082751988,0.8068950715310058,53.845,0.6400441272325612,1,MEDIUM
ASSAM,BAJALI,2026-09-01,14.9,57.1,62.9,123.4,6.7,LE,14.9,LE,1056.2,N,14.9,LE,1250.9839788838867,15.190896963901466,0.3731475903614458,18.3683946783439,0.2688046248759133,53.72500000000001,0.5247820018300794,1,MEDIUM
ASSAM,BAJALI,2026-09-02,23.7,80.80000000000001,86.6,147.1,4.5,LE,23.7,LE,1079.8,N,38.6,LE,1486.79067388625,10.69832289137079,0.41954819277108435,23.904297245361107,0.711521968919846,72.21000000000001,0.645748026998192,1,MEDIUM
ASSAM,BAJALI,2026-09-03,0.0,38.6,86.6,146.0,8.8,NR,0.0,NR,1079.8,N,38.6,LE,1258.560440834133,31.532611174908002,0.41954819277108435,17.305647293219085,0.801800878426939,53.199999999999996,0.6029528356979528,1,MEDIUM
ASSAM,BAJALI,2026-09-04,13.5,37.2,94.3,156.29999999999998,11.3,E,13.5,E,1093.3,N,52.1,LE,256.08256966436096,25.6343775194448,0.4346234939759036,26.20785964412896,0.4864313145919177,61.045,0.6356267729832392,1,MEDIUM
ASSAM,BAJALI,2026-09-05,5.8,19.3,100.1,113.4,10.1,D,5.8,D,1099.2,N,57.9,E,646.9852624364981,25.92671842977518,0.4459789156626506,16.78633040212908,0.29384031219716034,48.89,0.552627444745159,1,MEDIUM
ASSAM,BAJALI,2026-09-06,5.0,24.3,105.1,118.4,14.6,LD,5.0,LD,1104.1,N,62.9,N,2116.7915426682257,41.9847671393287,0.4557680722891566,15.457123885274356,0.732800518896226,51.86,0.6471071601682107,1,MEDIUM
ASSAM,BAJALI,2026-09-07,0.0,10.8,62.9,118.4,8.1,NR,0.0,NR,1104.1,N,62.9,N,1612.0923161722246,29.80323626613049,0.3731475903614458,20.42793412157981,0.755718913415041,36.185,0.46480326109145925,1,MEDIUM
ASSAM,BAJALI,2026-09-08,0.0,5.0,48.0,111.9,8.9,NR,0.0,NR,1104.1,N,62.9,N,1640.4151728289721,17.442553404183595,0.34397590361445785,18.2616153034617,0.4517544327930721,30.035,0.3602313470020837,0,LOW
ASSAM,BAJALI,2026-09-09,0.0,0.0,24.3,110.9,7.7,NR,0.0,NR,1104.1,N,62.9,D,1691.9979756108196,21.00266225671504,0.2975753012048193,31.8072549419714,0.5611559714115437,22.71,0.3146042004982975,0,LOW
ASSAM,BAJALI,2026-09-10,0.5,0.5,24.8,111.4,12.4,LD,0.5,LD,1104.6,N,63.4,D,1919.1123966468463,10.33983340367405,0.29855421686746986,20.150937110492695,0.7356814408060897,23.21,0.270970707031783,0,LOW
ASSAM,BAJALI,2026-09-11,0.4,0.9,11.7,111.8,9.5,LD,0.4,LD,1105.0,N,63.8,D,192.36578021754596,12.692561611027573,0.2729066265060241,18.775089462433733,0.36522578635007175,20.06,0.2538629934587875,0,LOW
ASSAM,BAJALI,2026-09-12,10.9,11.8,16.8,116.9,11.4,N,10.9,N,1115.9,N,74.7,D,948.1905430849004,10.73400280838154,0.28289156626506023,18.345086999486647,0.6273854538347621,28.5,0.30726620235954727,0,LOW
ASSAM,BAJALI,2026-09-13,0.4,11.7,12.2,117.3,9.3,LD,0.4,LD,1116.3,D,75.1,D,1371.8422163911127,37.41165364845418,0.2738855421686747,21.355499381659335,0.5083783957094914,23.71,0.389917247038851,0,LOW
ASSAM,BAJALI,2026-09-14,5.1,16.4,17.299999999999997,122.4,6.8,D,5.1,D,1121.5,D,80.2,D,879.2183840784488,33.19493871888476,0.28387048192771086,25.299431220636823,0.3546494513525581,28.57,0.4077869176567843,1,MEDIUM
ASSAM,BAJALI,2026-09-15,0.0,5.5,17.299999999999997,80.2,15.4,NR,0.0,NR,1121.5,D,80.2,D,2118.973239553607,26.213800704434075,0.28387048192771086,28.293069675786803,0.7488641243505757,17.729999999999997,0.29955555633127506,0,LOW
ASSAM,BAJALI,2026-09-16,0.0,5.1,17.299999999999997,65.3,13.8,NR,0.0,NR,1121.5,D,80.2,D,1232.30264603887,19.97471334510283,0.28387048192771086,21.197796211632163,0.44480849931995603,15.395,0.25519606425755725,0,LOW
ASSAM,BAJALI,2026-09-17,5.7,5.7,22.5,47.3,11.8,D,5.7,D,1127.1,D,85.9,D,1933.1375941754789,31.739771612974018,0.2940512048192771,25.64150666072742,0.8106556693930097,16.14,0.31482735674285955,0,LOW
ASSAM,BAJALI,2026-09-18,2.2,7.9,24.3,49.5,10.8,LD,2.2,LD,1129.4,D,88.2,D,2137.4380163588644,37.51621390783044,0.2975753012048193,23.195018270749586,0.5913603218918813,16.245,0.3419530783963688,0,LOW
ASSAM,BAJALI,2026-09-19,1.2,9.1,14.599999999999998,37.2,6.7,LD,1.2,LD,1130.6,D,89.4,D,1286.7391331135702,40.24932862686836,0.2785843373493976,29.390420886307773,0.558705988830843,11.924999999999999,0.3195343840133136,0,LOW
ASSAM,BAJALI,2026-09-20,0.0,3.4000000000000004,14.199999999999998,31.4,6.7,NR,0.0,NR,1130.6,D,89.4,D,2278.402997484807,26.880649128253342,0.2778012048192771,24.673710211693397,0.5039835665316155,9.11,0.23991255835441838,0,LOW
ASSAM,BAJALI,2026-09-21,5.1,6.3,14.2,31.5,8.0,D,0.0,NR,1130.6,D,94.5,D,1488.4536543156025,37.79540487278803,0.2778012048192771,19.9281584219447,0.4904025339137832,11.634999999999998,0.306406006873206,0,LOW
ASSAM,BAKSA,2026-08-19,0.6,0.6,0.6,0.6,8.3,LD,0.6,LD,1076.1,D,140.4,D,2133.1720321426183,25.452238136507802,0.25117469879518073,26.96098337203035,0.7407797649022623,0.6,0.16762928677421363,0,LOW
ASSAM,BAKSA,2026-08-20,0.0,0.6,0.6,0.6,14.3,NR,32.5,D,1076.1,D,140.4,D,884.4474491992345,23.981203567515635,0.25117469879518073,28.94109629639093,0.6565005096916756,0.39,0.15959570433572626,0,LOW
ASSAM,BAKSA,2026-08-21,10.8,11.4,11.4,11.4,15.3,D,32.5,D,933.8,N,151.3,D,1272.1015484021389,39.61727422488401,0.27231927710843373,22.912491164987408,0.7142140786740534,11.190000000000001,0.3102374627170293,0,LOW
ASSAM,BAKSA,2026-08-22,0.1,10.9,11.5,11.5,15.0,LD,32.5,D,1087.0,D,151.3,D,1351.9570504612154,20.45495745058656,0.27251506024096384,31.782353060999423,0.5026504957667252,7.359999999999999,0.1978329412540331,0,LOW
ASSAM,BAKSA,2026-08-23,3.0,13.9,14.5,14.5,15.9,LD,3.0,LD,1090.0,D,154.3,D,307.2003039453729,20.83650716162809,0.2783885542168675,29.944646946252327,0.40686233482164125,10.325,0.22182058452609957,0,LOW
ASSAM,BAKSA,2026-08-24,4.9,8.0,19.4,19.4,17.5,LD,32.5,D,1094.9,D,159.3,D,1026.4536414187746,17.196453811396644,0.28798192771084336,18.348229384313356,0.3021191311169092,11.475,0.2157517142104824,0,LOW
ASSAM,BAKSA,2026-08-25,0.2,8.1,19.6,19.6,20.0,LD,32.5,D,933.8,N,159.5,D,2297.4772977516063,25.748069131784668,0.2883734939759036,28.374849826656035,0.7159935939904268,9.935,0.24286909917975985,0,LOW
ASSAM,BAKSA,2026-08-26,0.0,5.1000000000000005,19.0,19.6,13.5,NR,59.5,D,1095.1,D,159.5,D,1595.5389888936188,26.79400134757843,0.2871987951807229,25.21617115394602,0.49916585831062243,8.965,0.24037426376017806,0,LOW
ASSAM,BAKSA,2026-08-27,0.0,0.2,19.0,19.6,9.8,NR,0.0,NR,1095.1,D,159.5,D,484.8911269705703,31.418445812418277,0.2871987951807229,24.09179206273319,0.5555341552580098,7.74,0.25220271931623484,0,LOW
ASSAM,BAKSA,2026-08-28,6.9,6.9,15.1,26.5,11.1,D,6.9,D,1102.0,D,166.3,D,880.1963072435321,22.22009240438282,0.2795632530120482,23.736955971852662,0.5316059411182272,11.89,0.2393509532091172,0,LOW
ASSAM,BAKSA,2026-08-29,0.0,6.9,15.0,26.5,6.6,NR,59.5,D,1102.0,D,166.3,D,519.4273736736145,13.713491675343974,0.27936746987951805,29.507989427301293,0.5086827138215442,9.45,0.18412664179982066,0,LOW
ASSAM,BAKSA,2026-08-30,0.0,6.9,12.0,26.5,10.1,NR,59.5,D,1102.0,D,166.4,D,110.81667290650273,39.67368249655503,0.27349397590361446,25.384837411358625,0.6603397462407099,8.7,0.29298895808831615,0,LOW
ASSAM,BAKSA,2026-08-31,39.2,39.2,46.3,65.7,18.1,LE,59.5,D,1141.2,D,205.6,D,2322.2781233348655,18.840034689520575,0.34064759036144576,24.14100174591347,0.6152404694551652,44.95,0.47200354549775614,1,MEDIUM
ASSAM,BAKSA,2026-09-01,5.5,44.7,51.6,71.2,8.4,D,59.5,D,993.2,N,5.5,D,1148.107954229335,41.91773679360699,0.35102409638554216,15.830618414886834,0.8332322791865833,36.68,0.5177462499831669,1,MEDIUM
ASSAM,BAKSA,2026-09-02,3.2,47.900000000000006,54.8,74.4,7.2,D,86.6,E,1150.0,D,8.8,D,803.4609274309261,13.29413332105823,0.357289156626506,22.621148785895475,0.333342344589539,37.955,0.4008639849380436,1,MEDIUM
ASSAM,BAKSA,2026-09-03,0.0,8.7,54.8,73.80000000000001,9.8,NR,86.6,E,1079.8,N,8.8,LD,1516.2691193164546,27.40229904944922,0.357289156626506,30.43670655477363,0.59411158793963,26.945,0.38515209735757727,0,LOW
ASSAM,BAKSA,2026-09-04,4.1,7.3,52.0,77.9,11.9,LD,86.6,E,1154.1,D,12.9,LD,67.9204179178883,26.464603741178088,0.35180722891566263,27.09952439885852,0.2879440980413884,27.945,0.38701032482981196,0,LOW
ASSAM,BAKSA,2026-09-05,1.1,5.199999999999999,53.1,68.2,16.2,LD,86.6,E,1155.2,D,14.0,LD,731.1541611719939,38.14591391707981,0.353960843373494,15.866217626954608,0.7347510512249199,25.19,0.4197364648738736,1,MEDIUM
ASSAM,BAKSA,2026-09-06,0.0,5.199999999999999,53.1,68.10000000000001,20.8,NR,0.0,NR,1155.2,D,14.0,LD,1772.4319909622868,10.554055470033191,0.353960843373494,30.02786879656772,0.6197867999506559,24.79,0.29425712379986746,0,LOW
ASSAM,BAKSA,2026-09-07,0.0,1.1,13.9,65.10000000000001,16.0,NR,86.6,E,1155.2,D,14.0,LD,1602.7359440196942,41.397486916698455,0.27721385542168675,29.05334276340992,0.5070272895955228,13.515,0.3356874282317003,0,LOW
ASSAM,BAKSA,2026-09-08,0.3,0.3,8.7,60.50000000000001,18.2,LD,0.3,LD,1155.6,D,14.3,LD,2455.424571479212,26.25712688688281,0.2670331325301205,24.293631596681976,0.7313413927863677,11.430000000000001,0.25151111664030734,0,LOW
ASSAM,BAKSA,2026-09-09,0.0,0.3,5.5,60.3,10.4,NR,24.3,LD,1155.6,D,14.3,LD,1569.876388662208,28.444375356574657,0.2607680722891566,15.380892908098785,0.5230015650949469,10.495,0.25332000078568445,0,LOW
ASSAM,BAKSA,2026-09-10,0.0,0.3,5.5,60.3,12.4,NR,24.3,LD,1104.1,N,14.3,LD,1219.8893903879452,25.406651731910685,0.2607680722891566,24.56130350657461,0.3866716571880683,10.495,0.239819006898289,0,LOW
ASSAM,BAKSA,2026-09-11,0.0,0.0,1.4,60.3,15.4,NR,24.3,LD,1155.6,D,14.3,LD,1915.5097798008187,6.440996273450659,0.25274096385542166,15.928013848749243,0.533500456666202,9.395,0.1460874206843282,0,LOW
ASSAM,BAKSA,2026-09-12,14.0,14.0,14.3,67.4,16.1,N,14.0,N,1169.6,D,28.3,LD,2263.15328631193,24.883626472263924,0.2779969879518072,20.446442313837167,0.2924990779824035,22.085,0.3234859253709349,0,LOW
ASSAM,BAKSA,2026-09-13,0.0,14.0,14.3,67.4,10.0,NR,24.3,LD,1169.6,D,28.3,LD,1815.7050694599614,15.54198650707962,0.2779969879518072,25.691463521346563,0.7887166657836324,17.185000000000002,0.2470690017083013,0,LOW
ASSAM,BAKSA,2026-09-14,2.1,16.1,16.400000000000002,69.5,13.1,LD,2.1,LD,1171.6,D,30.4,LD,2409.86749769598,18.70752721511326,0.28210843373493977,30.519522425996964,0.6885750248406767,19.285,0.2769168708858549,0,LOW
ASSAM,BAKSA,2026-09-15,0.0,2.1,16.1,30.3,18.2,NR,24.3,LD,1104.1,N,30.4,LD,1965.9126683085342,30.964063967485597,0.2815210843373494,21.08252583341114,0.7061894717290166,9.095,0.2586982124388532,0,LOW
ASSAM,BAKSA,2026-09-16,4.5,6.6,20.6,29.3,17.1,LD,4.5,LD,1176.1,D,34.9,LD,2173.66352374172,24.907885178964236,0.2903313253012048,29.620404309018706,0.7746959824110653,12.77,0.2597178033234458,0,LOW
ASSAM,BAKSA,2026-09-17,35.1,39.6,55.7,61.2,12.8,LE,17.4,LD,1211.2,D,70.0,LD,329.5549743999111,8.728728506698417,0.3590512048192771,30.61213717680878,0.7249435532890501,45.29,0.43316666002306403,1,MEDIUM
ASSAM,BAKSA,2026-09-18,20.6,60.2,76.30000000000001,81.8,14.5,E,20.6,E,1231.8,D,90.6,LD,1844.4130823347798,7.921650990470357,0.39938253012048197,15.357745967774344,0.5091115541520639,53.605000000000004,0.49686657217383084,1,MEDIUM
ASSAM,BAKSA,2026-09-19,1.7,57.400000000000006,64.0,79.4,14.3,LD,1.7,LD,1233.5,D,92.3,LD,1128.217313842053,12.426307824694813,0.3753012048192771,19.070273241793036,0.3211818409152698,42.855000000000004,0.4355079161879083,1,MEDIUM
ASSAM,BAKSA,2026-09-20,0.0,22.3,64.0,78.3,13.4,NR,0.0,NR,1233.5,D,92.3,LD,1405.1043159076244,12.635405862888947,0.3753012048192771,27.06765908686748,0.4740188679885716,33.32,0.36852756231258943,0,LOW
ASSAM,BAKSA,2026-09-21,0.0,1.7,61.900000000000006,78.3,20.5,NR,17.4,LD,1121.5,D,92.3,LD,1652.550903231774,29.332030278854596,0.3711897590361446,27.86633173235232,0.8104508286278334,27.645000000000003,0.4014943044837881,1,MEDIUM
ASSAM,BARPETA,2026-08-19,0.0,0.0,0.0,0.0,11.1,NR,0.0,NR,774.7,D,126.5,D,2426.047035928645,12.112578561821712,0.25,21.67108645368992,0.8194542947388278,0.0,0.1038336824969854,0,LOW
ASSAM,BARPETA,2026-08-20,0.0,0.0,0.0,0.0,28.8,NR,20.9,LD,774.7,D,126.5,D,2462.2162995074805,40.268776930990825,0.25,26.164828417138533,0.7107225193142773,0.0,0.2289723419155148,0,LOW
ASSAM,BARPETA,2026-08-21,12.6,12.6,12.6,12.6,17.2,D,20.9,LD,1076.1,D,139.1,D,756.1592014453679,13.390426424536525,0.2746686746987952,25.4066964951546,0.3726583498428325,12.6,0.20418580251569834,0,LOW
ASSAM,BARPETA,2026-08-22,0.0,12.6,12.6,12.6,8.0,NR,20.9,LD,787.3,D,139.1,D,1847.6960687228946,8.645257817055306,0.2746686746987952,27.57617434721802,0.3666699150784964,8.19,0.1516874928245932,0,LOW
ASSAM,BARPETA,2026-08-23,0.0,12.6,12.6,12.6,15.1,ND,0.0,ND,787.3,D,139.1,D,1887.459667941408,40.02984065438588,0.2746686746987952,27.21719327166707,0.7778629065284322,8.19,0.29117452765717355,0,LOW
ASSAM,BARPETA,2026-08-24,0.0,0.0,12.6,12.6,6.8,NR,20.9,LD,787.3,D,139.1,D,898.9075102169695,16.81310304306932,0.2746686746987952,16.459803565836143,0.3351495538066749,5.04,0.16555426185126682,0,LOW
ASSAM,BARPETA,2026-08-25,2.3,2.3,14.9,14.9,28.7,LD,20.9,LD,1076.1,D,141.4,LD,353.4809484173415,22.01690519334943,0.27917168674698795,17.690253075981037,0.6004824863994935,7.34,0.2059638135687163,0,LOW
ASSAM,BARPETA,2026-08-26,0.0,2.3,14.9,14.9,19.0,NR,19.0,LD,789.6,D,141.4,LD,150.3200527000134,43.361055360497694,0.27917168674698795,17.25636150340837,0.47695100936744067,6.535,0.2950933742876327,0,LOW
ASSAM,BARPETA,2026-08-27,0.0,2.3,14.9,14.9,18.4,NR,0.0,NR,789.6,D,141.4,LD,1954.4906624464875,42.774768766310956,0.27917168674698795,30.852161187327923,0.4312066047767059,6.535,0.2924876560912472,0,LOW
ASSAM,BARPETA,2026-08-28,0.0,0.0,2.3,14.9,4.8,NR,0.0,NR,789.6,D,141.4,LD,1249.7643674514195,33.596675570596716,0.25450301204819276,30.530225022000817,0.6564292154061883,2.8099999999999996,0.22023239558828359,0,LOW
ASSAM,BARPETA,2026-08-29,0.0,0.0,2.3,14.9,16.1,NR,19.0,LD,789.6,D,141.4,LD,2464.573415262569,7.757558069302188,0.25450301204819276,28.55600858314849,0.8257414459911626,2.8099999999999996,0.10539187336030789,0,LOW
ASSAM,BARPETA,2026-08-30,0.0,0.0,2.3,14.9,11.0,NR,19.0,LD,789.6,D,141.4,LD,1189.18496767445,28.733605016455897,0.25450301204819276,16.98421553149131,0.7165802429441791,2.8099999999999996,0.19861874868099105,0,LOW
ASSAM,BARPETA,2026-08-31,42.6,42.6,44.9,57.5,24.8,LE,19.0,LD,832.2,D,184.0,LD,2445.8965987309084,44.56311740169031,0.3379066265060241,24.76261498863296,0.5416975558609324,45.410000000000004,0.5890563527309617,1,MEDIUM
ASSAM,BARPETA,2026-09-01,9.8,52.400000000000006,52.400000000000006,67.3,9.6,N,19.0,LD,1095.1,D,9.8,N,1058.3612053754468,42.876649136959216,0.35259036144578315,18.182920643527474,0.5144269049213298,39.725,0.5440082754331304,1,MEDIUM
ASSAM,BARPETA,2026-09-02,4.2,56.6,56.6,71.5,8.0,D,54.9,D,846.2,D,14.0,D,1994.5212688719328,9.240099700797714,0.3608132530120482,21.262526938499644,0.7945985129934321,40.495000000000005,0.40164113221728404,1,MEDIUM
ASSAM,BARPETA,2026-09-03,0.0,14.0,56.6,71.5,11.0,NR,54.9,D,1150.0,D,14.0,D,257.8072171639885,20.838692123614745,0.3608132530120482,19.54055170283602,0.5968642590842523,28.375,0.3668700015341414,0,LOW
ASSAM,BARPETA,2026-09-04,0.0,4.2,56.6,71.5,8.3,NR,54.9,D,846.2,D,14.0,LD,1410.8811898375216,17.621469836113572,0.3608132530120482,29.091826685286918,0.547983413839717,25.925,0.33512197390322895,0,LOW
ASSAM,BARPETA,2026-09-05,0.0,0.0,56.6,58.9,14.2,NR,54.9,D,846.2,D,14.0,LD,2015.0464781150242,10.189124276196221,0.3608132530120482,17.455673791827646,0.6597015217188538,22.985,0.28115021267984086,0,LOW
ASSAM,BARPETA,2026-09-06,0.0,0.0,56.6,58.9,24.7,NR,0.0,NR,846.2,D,14.0,LD,2315.519084688727,32.79193244995044,0.3608132530120482,25.985045866371287,0.39229229027771584,22.985,0.38160713789652634,0,LOW
ASSAM,BARPETA,2026-09-07,0.0,0.0,14.0,58.9,14.6,NR,54.9,D,846.2,D,14.0,LD,2065.328572012708,15.95393457440947,0.27740963855421685,31.726209284194837,0.2882412925449278,12.334999999999999,0.21423999569654842,0,LOW
ASSAM,BARPETA,2026-09-08,0.0,0.0,4.2,58.9,35.9,NR,0.0,NR,846.2,LD,14.0,LD,140.57828164287685,18.794632125011912,0.25822289156626504,26.67992791531177,0.7630668642912064,9.885,0.20557870683739501,0,LOW
ASSAM,BARPETA,2026-09-09,0.0,0.0,0.0,56.6,13.8,NR,5.5,LD,846.2,LD,14.0,LD,963.1207362014987,8.614355068056717,0.25,16.346969313118315,0.6143570204196741,8.49,0.14875305664907854,0,LOW
ASSAM,BARPETA,2026-09-10,0.0,0.0,0.0,56.6,7.8,ND,5.5,LD,1155.6,D,14.0,LD,169.3112571689356,24.918702351146624,0.25,30.433441533362924,0.3489262607350413,8.49,0.22121682235170037,0,LOW
ASSAM,BARPETA,2026-09-11,0.0,0.0,0.0,56.6,19.5,NR,5.5,LD,846.2,LD,14.0,LD,317.7416132306671,11.32671454608226,0.25,25.932354520723134,0.42882875590044833,8.49,0.1608079876625254,0,LOW
ASSAM,BARPETA,2026-09-12,0.0,0.0,0.0,56.6,14.1,ND,0.0,ND,846.2,LD,14.0,LD,1704.4987902353362,22.283616943179567,0.25,22.75728665328846,0.8439601075537184,8.49,0.20950533164962454,0,LOW
ASSAM,BARPETA,2026-09-13,10.0,10.0,10.0,66.6,6.5,E,5.5,LD,856.2,LD,24.0,LD,1797.4825809636604,10.73368888413206,0.26957831325301207,26.214772135199016,0.6306541794781932,18.49,0.2333094578827665,0,LOW
ASSAM,BARPETA,2026-09-14,0.0,10.0,10.0,66.6,11.9,NR,0.0,NR,856.2,LD,24.0,LD,1945.6156727414846,43.15399559800583,0.26957831325301207,29.943753618034826,0.6316672845802734,14.989999999999998,0.35247219293202053,0,LOW
ASSAM,BARPETA,2026-09-15,0.0,10.0,10.0,24.0,12.3,NR,5.5,LD,1155.6,D,24.0,LD,2170.368542736374,10.799301327885704,0.26957831325301207,23.111162874559238,0.2932981979252332,8.6,0.16316302781454892,0,LOW
ASSAM,BARPETA,2026-09-16,1.2,1.2,11.2,15.4,13.7,LD,1.2,LD,857.4,LD,25.2,LD,1861.6070977674492,25.875486154025328,0.27192771084337347,24.032465207807896,0.831395040546359,5.83,0.21090982404818426,0,LOW
ASSAM,BARPETA,2026-09-17,44.6,45.8,55.8,55.8,19.0,LE,20.5,LD,902.1,D,69.8,LD,2012.1354006612485,12.879193012759501,0.3592469879518072,22.69160578670521,0.7856697337352324,49.379999999999995,0.4807819097313244,1,MEDIUM
ASSAM,BARPETA,2026-09-18,15.8,61.60000000000001,71.60000000000001,71.60000000000001,10.6,E,15.8,E,917.9,D,85.6,LD,169.96108906703415,8.05447213890437,0.39018072289156625,16.234054247502307,0.5786694653579323,49.57000000000001,0.4668786609018635,1,MEDIUM
ASSAM,BARPETA,2026-09-19,4.2,64.60000000000001,75.80000000000001,75.80000000000001,13.2,LD,4.2,LD,922.1,D,89.8,LD,624.6111185811815,13.092344753683927,0.39840361445783135,28.380192157765094,0.4356333498705241,47.94000000000001,0.4793046833896284,1,MEDIUM
ASSAM,BARPETA,2026-09-20,0.0,20.0,65.80000000000001,75.80000000000001,15.9,NR,0.0,NR,922.1,D,89.8,LD,1573.6495447693521,7.1909642956174435,0.3788253012048193,17.14899964191126,0.6688331370316549,32.82000000000001,0.3414737896540203,0,LOW
ASSAM,BARPETA,2026-09-21,0.0,4.2,65.80000000000001,75.80000000000001,27.6,NR,20.5,LD,1176.1,D,89.8,LD,2152.4069963308166,10.575895324839554,0.3788253012048193,21.707690174901273,0.7500246366831215,28.870000000000005,0.3283854440762432,0,LOW
ASSAM,BISWANATH,2026-08-19,0.6,0.6,0.6,0.6,13.1,LD,0.6,LD,1245.2,N,274.6,N,61.02530610216485,24.73936631052868,0.25117469879518073,21.575988375331395,0.7216728458939521,0.6,0.16446096754763978,0,LOW
ASSAM,BISWANATH,2026-08-20,25.3,25.9,25.9,25.9,12.3,LE,25.3,LE,1270.5,N,299.9,N,1310.841888185057,31.072620842302968,0.3007078313253012,19.760693465474546,0.8362284232287273,25.689999999999998,0.38121007821303105,0,LOW
ASSAM,BISWANATH,2026-08-21,35.4,61.3,61.3,61.3,15.3,LE,35.4,LE,1305.8,N,335.3,N,1709.3541284427731,8.493592602871338,0.37001506024096387,21.84262114020511,0.6321132392001655,52.23499999999999,0.48377769854628133,1,MEDIUM
ASSAM,BISWANATH,2026-08-22,26.7,87.4,88.0,88.0,16.8,E,26.7,E,1332.5,N,362.0,N,122.53785836510237,22.64074495617074,0.422289156626506,25.506154876501284,0.4427352589353192,66.395,0.6579583621892022,1,MEDIUM
ASSAM,BISWANATH,2026-08-23,0.7,62.8,88.7,88.7,13.8,LD,0.7,LD,1333.2,N,362.7,N,1033.3211160058004,28.249880914134078,0.42365963855421684,20.2935843075311,0.5487565678411201,51.425,0.5765434003853236,1,MEDIUM
ASSAM,BISWANATH,2026-08-24,11.9,39.3,100.6,100.6,17.6,D,11.9,D,1345.2,N,374.6,N,2244.3054593900574,14.36902704844246,0.4469578313253012,17.932702940870698,0.7397903007703699,54.23,0.5394879794405371,1,MEDIUM
ASSAM,BISWANATH,2026-08-25,1.7,14.3,102.3,102.3,15.9,LD,1.7,LD,1346.9,N,376.3,N,1695.4513816968538,19.883136460641015,0.4502861445783133,29.779247678623534,0.4092055523292264,45.089999999999996,0.4995643648932722,1,MEDIUM
ASSAM,BISWANATH,2026-08-26,4.7,18.3,106.4,107.0,14.2,LD,4.7,LD,1351.6,N,381.0,N,632.2629902334634,7.873394789344346,0.45831325301204817,31.504155047571302,0.3888449529663949,48.870000000000005,0.47471487530321166,1,MEDIUM
ASSAM,BISWANATH,2026-08-27,19.0,25.4,100.1,126.0,16.8,N,19.0,N,1370.6,N,400.0,N,2139.313767598186,13.805243209323796,0.4459789156626506,22.795925005897452,0.6849007481958824,56.925,0.555980678455922,1,MEDIUM
ASSAM,BISWANATH,2026-08-28,21.2,44.9,85.9,147.2,11.7,LE,21.2,LE,1391.8,N,421.2,N,902.6769873533101,23.670117036757603,0.4181777108433735,20.559335109857958,0.5166564559092465,62.2,0.6318336503811068,1,MEDIUM
ASSAM,BISWANATH,2026-08-29,22.9,63.1,82.1,170.1,11.2,LE,22.9,LE,1414.7,N,444.1,N,2140.6944443029456,44.61768715701289,0.41073795180722894,15.807195322229898,0.7399422371138336,69.83,0.7777879973065046,2,HIGH
ASSAM,BISWANATH,2026-08-30,0.8,44.89999999999999,82.2,170.9,15.4,LD,0.8,LD,1415.5,N,444.9,N,782.4119452413186,44.850602517565335,0.41093373493975904,15.626476190370903,0.33621015169539337,57.69,0.6923994600187798,1,MEDIUM
ASSAM,BISWANATH,2026-08-31,10.3,34.0,80.60000000000001,181.2,14.9,D,10.3,D,1425.8,N,455.2,N,1496.284614663715,44.184867244971514,0.4078012048192771,21.678993925971834,0.45141787788964405,59.435,0.7012422783285476,2,HIGH
ASSAM,BISWANATH,2026-09-01,0.7,11.799999999999995,79.60000000000001,181.9,15.6,LD,0.7,LD,1426.5,N,0.7,LD,1022.5031659821935,21.9234554520131,0.4058433734939759,30.81411431111642,0.41085994395406067,50.38,0.537420056509827,1,MEDIUM
ASSAM,BISWANATH,2026-09-02,10.2,21.2,85.1,192.1,10.9,N,10.2,N,1436.8,N,11.0,D,723.3213743499142,8.2272151365866,0.41661144578313253,27.422045237826595,0.6687208888397641,58.959999999999994,0.5398095192069717,1,MEDIUM
ASSAM,BISWANATH,2026-09-03,24.3,35.2,90.4,215.8,12.6,LE,24.3,LE,1461.1,N,35.3,N,2222.0660273210797,17.94293748997334,0.4269879518072289,20.937580120803176,0.7055975279959896,72.275,0.6798972055119802,1,MEDIUM
ASSAM,BISWANATH,2026-09-04,5.7,40.2,74.90000000000002,196.2,20.2,LD,5.7,LD,1466.7,N,40.9,D,509.60452075175374,14.508575014839092,0.3966415662650603,31.456789228095037,0.5236016175319338,60.2,0.5725641614879228,1,MEDIUM
ASSAM,BISWANATH,2026-09-05,4.0,34.0,56.00000000000001,164.8,17.0,LD,4.0,LD,1470.7,N,44.9,D,257.7883985276196,5.565062996394183,0.35963855421686747,22.28888435534742,0.5368176258393613,48.620000000000005,0.44294014620160604,1,MEDIUM
ASSAM,BISWANATH,2026-09-06,3.4,13.099999999999996,58.60000000000001,141.5,12.7,LD,3.4,LD,1474.1,N,48.3,D,887.7209994368679,8.809344411535015,0.36472891566265064,19.70547664756898,0.32921912967347766,40.34,0.39940586389886207,0,LOW
ASSAM,BISWANATH,2026-09-07,0.4,7.799999999999996,48.70000000000001,141.20000000000002,14.5,LD,0.4,LD,1474.4,N,48.6,D,1808.2159117218405,23.127677401962643,0.3453463855421687,22.248005160314072,0.6710968562878314,35.44500000000001,0.4243034803089965,1,MEDIUM
ASSAM,BISWANATH,2026-09-08,27.9,31.7,75.9,157.20000000000002,17.6,E,27.9,E,1502.3,N,76.5,D,2028.2074346418901,18.58649855217188,0.39859939759036145,18.596234858725158,0.8453905801595484,60.245000000000005,0.5914003290106533,1,MEDIUM
ASSAM,BISWANATH,2026-09-09,24.2,52.5,89.9,179.70000000000002,14.1,LE,24.2,LE,1526.5,N,100.7,D,2496.921256663574,12.214148865379322,0.4260090361445783,30.055859093413527,0.7167531044990856,71.025,0.6453374549561884,1,MEDIUM
ASSAM,BISWANATH,2026-09-10,0.1,52.2,65.7,175.1,13.2,LD,0.1,LD,1526.5,N,100.7,D,776.087039677354,33.643998826349886,0.3786295180722892,21.139946277100734,0.38386739391257685,55.775,0.6224925762491271,1,MEDIUM
ASSAM,BISWANATH,2026-09-11,3.2,27.5,63.2,159.3,16.3,LD,3.2,LD,1529.7,N,103.9,D,1049.4577802716412,19.284623835864743,0.37373493975903616,26.185472396403462,0.6238736437565413,47.69,0.5001116518856598,1,MEDIUM
ASSAM,BISWANATH,2026-09-12,32.4,35.7,91.6,170.5,10.8,LE,32.4,LE,1562.1,N,136.3,D,385.2121311725844,39.074714229861776,0.4293373493975904,21.61380238006178,0.4269740863985517,68.74,0.7491093005803586,2,HIGH
ASSAM,BISWANATH,2026-09-13,0.2,35.8,88.39999999999999,147.8,10.5,LD,0.2,LD,1562.3,N,136.5,D,1458.4362275764322,14.639086410524694,0.4230722891566265,30.329434105387364,0.26810593174976977,53.29,0.5292163159835179,1,MEDIUM
ASSAM,BISWANATH,2026-09-14,0.2,32.8,88.2,147.2,12.1,LD,0.2,LD,1562.5,N,136.8,D,2494.071091294147,26.53573960346499,0.4226807228915663,25.920472779165713,0.3578937133935001,52.4,0.5756733054524824,1,MEDIUM
ASSAM,BISWANATH,2026-09-15,0.4,0.8,60.7,137.3,12.0,LD,0.4,LD,1563.0,N,137.2,D,1767.1584747956133,12.365568685967299,0.36884036144578314,23.30028213478209,0.31155614335830484,36.11,0.38590690942876404,0,LOW
ASSAM,BISWANATH,2026-09-16,2.8,3.4,39.3,139.39999999999998,11.1,LD,2.8,LD,1565.8,N,140.0,D,1508.2714590127607,24.81202465543368,0.32694277108433734,17.246430476082754,0.3675595321409165,32.565,0.4075969597832826,1,MEDIUM
ASSAM,BISWANATH,2026-09-17,15.5,18.7,54.7,144.7,8.9,LE,15.5,LE,1581.3,N,155.5,D,1011.3042776583953,11.098660359135447,0.3570933734939759,30.332583268487475,0.727362652869402,45.48,0.44466133227966737,1,MEDIUM
ASSAM,BISWANATH,2026-09-18,16.1,34.400000000000006,67.60000000000001,136.5,13.4,E,16.1,E,1597.3,N,171.5,D,2292.481962699609,11.463144974860878,0.38234939759036146,24.295886760620107,0.425699280418259,51.61,0.4949912342346925,1,MEDIUM
ASSAM,BISWANATH,2026-09-19,2.6,34.2,37.80000000000001,133.39999999999998,8.3,LD,2.6,LD,1599.9,N,174.1,D,1267.4456605193561,29.488935081680626,0.32400602409638557,19.845900540344097,0.7042239705670671,38.92,0.4730571276936034,1,MEDIUM
ASSAM,BISWANATH,2026-09-20,1.9,20.6,39.50000000000001,131.29999999999998,6.4,LD,1.9,LD,1601.8,N,176.0,D,379.1989376170007,15.55144168703067,0.3273343373493976,29.92475716088397,0.8193175329056624,35.385,0.3866015830743414,0,LOW
ASSAM,BISWANATH,2026-09-21,1.6,6.1,40.90000000000001,129.5,6.4,LD,1.9,LD,1601.8,N,177.6,D,945.177234837877,11.894689062569892,0.3300753012048193,15.925487265704932,0.5945638690406647,31.735000000000003,0.3449017027888516,0,LOW
ASSAM,BONGAIGAON,2026-08-19,0.0,0.0,0.0,0.0,5.5,NR,0.0,NR,1047.3,D,224.5,N,214.5583386770289,42.190730005402926,0.25,20.33930759460272,0.5412453652060327,0.0,0.23751435557956857,0,LOW
ASSAM,BONGAIGAON,2026-08-20,0.0,0.0,0.0,0.0,22.0,NR,48.5,LD,1047.3,D,224.5,D,544.8486423375148,6.720130029602043,0.25,24.12608282043651,0.7000763053541582,0.0,0.07986724457600908,0,LOW
ASSAM,BONGAIGAON,2026-08-21,35.4,35.4,35.4,35.4,20.4,LE,48.5,LD,774.7,D,259.9,N,93.2885134497849,27.605924507835486,0.31930722891566266,20.77684371273598,0.308254083935854,35.4,0.43867847280693884,1,MEDIUM
ASSAM,BONGAIGAON,2026-08-22,0.2,35.6,35.6,35.6,25.8,LD,48.5,LD,1082.9,D,260.1,D,1160.5357954254005,26.93055367333061,0.3196987951807229,23.104482341440583,0.5069272524909311,23.21,0.34893615722624055,0,LOW
ASSAM,BONGAIGAON,2026-08-23,0.0,35.6,35.6,35.6,20.6,ND,0.0,ND,1082.9,D,260.1,D,1604.623649131903,15.024354976122392,0.3196987951807229,19.493376289626724,0.5492947569592364,23.14,0.2955211682317337,0,LOW
ASSAM,BONGAIGAON,2026-08-24,4.5,4.7,40.1,40.1,30.5,LD,48.5,LD,1087.4,D,264.6,D,891.0665328283241,23.110869804512713,0.3285090361445783,17.21141254585925,0.7486307862390266,18.79,0.3022419397558985,0,LOW
ASSAM,BONGAIGAON,2026-08-25,0.0,4.5,40.1,40.1,25.5,NR,48.5,LD,774.7,D,264.6,D,1079.935340187929,8.509511323305418,0.3285090361445783,15.626520356486479,0.7385305961387796,17.165,0.22577352313128018,0,LOW
ASSAM,BONGAIGAON,2026-08-26,0.5,5.0,40.6,40.6,22.2,LD,14.9,LD,1087.9,D,265.1,D,2400.062718469211,33.85080583695542,0.3294879518072289,17.679991603506412,0.7589592159099887,17.665,0.3421583557389479,0,LOW
ASSAM,BONGAIGAON,2026-08-27,0.0,0.5,40.6,40.6,13.4,NR,0.0,NR,1087.9,D,265.1,D,1892.309647858543,13.867885935072927,0.3294879518072289,31.2000907384218,0.668723756720621,16.365000000000002,0.2440865863640681,0,LOW
ASSAM,BONGAIGAON,2026-08-28,0.0,0.5,5.2,40.6,12.1,NR,0.0,NR,1087.9,D,265.1,D,1375.0987605151306,12.735414393062236,0.26018072289156624,24.781853266724553,0.5683334843109026,7.515,0.16216092642475366,0,LOW
ASSAM,BONGAIGAON,2026-08-29,0.0,0.0,5.0,40.6,8.9,NR,14.9,LD,1087.9,D,265.1,D,747.1251440239719,17.595139131100122,0.25978915662650603,23.312322129725175,0.7467275928060293,7.34,0.182435013934623,0,LOW
ASSAM,BONGAIGAON,2026-08-30,0.0,0.0,5.0,40.6,14.4,NR,14.9,LD,1087.9,D,265.1,D,2247.6421569938384,41.09479681052568,0.25978915662650603,21.533505268197047,0.7739694491531618,7.34,0.2868779369542922,0,LOW
ASSAM,BONGAIGAON,2026-08-31,56.5,56.5,57.0,97.1,19.7,LE,14.9,LD,1144.4,D,321.6,D,625.9879363576157,36.858665931341704,0.36159638554216866,27.043142481717553,0.5382907555952883,62.714999999999996,0.6828010642603668,1,MEDIUM
ASSAM,BONGAIGAON,2026-09-01,7.7,64.2,64.7,104.8,7.9,N,14.9,LD,789.6,D,7.7,N,847.0896897658588,42.8756916453503,0.376671686746988,17.401411090403588,0.841397144733263,50.64,0.6265585273152305,1,MEDIUM
ASSAM,BONGAIGAON,2026-09-02,13.5,77.7,77.7,118.3,9.1,E,56.6,D,1165.6,D,21.1,E,2277.208795336224,31.078493841323418,0.40212349397590363,19.69420775009528,0.7748908749875072,61.32,0.6552814361473255,1,MEDIUM
ASSAM,BONGAIGAON,2026-09-03,0.0,21.2,77.7,118.3,16.7,NR,56.6,D,846.2,D,21.1,D,1347.3780354484272,31.516860441283505,0.40212349397590363,26.150336034283796,0.5562817992528448,42.47,0.5229772476660407,1,MEDIUM
ASSAM,BONGAIGAON,2026-09-04,0.6,14.1,78.3,118.9,20.0,LD,56.6,D,1166.2,D,21.8,LD,1868.6789760740428,24.20123997704868,0.40329819277108436,23.144094197948874,0.2915725572082638,41.144999999999996,0.4812614729690187,1,MEDIUM
ASSAM,BONGAIGAON,2026-09-05,1.9,2.5,80.2,85.39999999999999,19.7,LD,56.6,D,1168.1,D,23.6,LD,1497.3247457012271,41.20745293467902,0.40701807228915665,28.091573162304506,0.38469523052313775,34.15,0.5077691942869873,1,MEDIUM
ASSAM,BONGAIGAON,2026-09-06,0.0,2.5,80.2,85.2,25.1,NR,0.0,NR,1168.1,D,23.6,LD,1650.9260620732632,25.435085970813162,0.40701807228915665,30.250867347263103,0.7158391476257708,33.455,0.4327198928948022,1,MEDIUM
ASSAM,BONGAIGAON,2026-09-07,0.0,1.9,23.7,85.2,15.0,NR,56.6,D,1168.1,D,23.6,LD,783.4890642113227,19.20240283180099,0.29640060240963856,28.997334053301152,0.31669255419921083,19.18,0.28122692629570123,0,LOW
ASSAM,BONGAIGAON,2026-09-08,0.0,0.0,16.0,80.7,13.8,NR,0.0,NR,1168.1,D,23.6,LD,641.3615509853241,30.615000396706606,0.2813253012048193,18.131531142432443,0.531880039791558,16.105,0.3070339176664332,0,LOW
ASSAM,BONGAIGAON,2026-09-09,3.2,3.2,5.7,83.9,14.1,LD,0.0,NR,1171.3,D,26.9,LD,840.1062505632299,26.845579736038538,0.26115963855421687,16.554994003958633,0.6129113152628365,15.93,0.2850014285716121,0,LOW
ASSAM,BONGAIGAON,2026-09-10,0.0,3.2,5.7,83.4,22.6,NR,0.0,NR,846.2,LD,26.9,LD,430.83183200438503,9.960792612395819,0.26115963855421687,17.880490209265826,0.7770080970223091,14.735,0.20144696372150347,0,LOW
ASSAM,BONGAIGAON,2026-09-11,0.0,3.2,5.1000000000000005,83.4,18.5,NR,0.0,NR,1171.3,D,26.9,LD,2192.070194962478,20.709016556497183,0.25998493975903614,28.320021757203918,0.7582683177360879,14.585,0.24791358600079882,0,LOW
ASSAM,BONGAIGAON,2026-09-12,23.0,23.0,26.2,106.4,16.1,E,23.0,E,1194.3,D,49.9,LD,743.9549864627795,17.5330164437792,0.3012951807228916,30.53512852137608,0.7085667526358397,36.31,0.39678873730691594,0,LOW
ASSAM,BONGAIGAON,2026-09-13,79.5,102.5,105.7,185.9,17.2,LE,0.0,NR,1273.8,D,129.4,D,1425.6490163152423,38.87335100044527,0.45694277108433734,30.732630750965576,0.4946165455667194,107.76,0.8641590031077353,2,HIGH
ASSAM,BONGAIGAON,2026-09-14,0.8,103.3,106.5,186.7,13.7,LD,0.8,LD,1274.6,D,130.2,D,1990.3373415963665,20.15370227892435,0.4585090361445783,20.069668419297575,0.33534955260537824,80.735,0.7562804133565237,2,HIGH
ASSAM,BONGAIGAON,2026-09-15,0.0,80.3,106.5,130.20000000000002,9.9,NR,0.0,NR,846.2,LD,130.2,D,1970.3690679704982,37.86220930555571,0.4585090361445783,29.285803426230494,0.6517895857347087,66.23,0.7316781363833078,2,HIGH
ASSAM,BONGAIGAON,2026-09-16,6.7,7.5,110.0,129.2,17.8,LD,6.7,LD,1281.3,D,136.9,D,1124.0463335312725,22.695583756037824,0.46536144578313254,24.116004095375644,0.3587731734930836,51.099999999999994,0.5578832986757172,1,MEDIUM
ASSAM,BONGAIGAON,2026-09-17,51.4,58.1,161.4,167.1,15.0,LE,11.2,LD,1332.6,D,188.2,D,1216.8304060374778,35.1400225378244,0.5659939759036146,28.987461421919523,0.5867886900451695,97.93,0.8693766731266092,2,HIGH
ASSAM,BONGAIGAON,2026-09-18,20.4,78.5,181.8,187.5,17.0,E,20.4,E,1353.0,D,208.6,D,2487.019284890811,10.411277140447597,0.6059337349397591,24.32220232046002,0.8384069094780066,100.34,0.7674590898343856,2,HIGH
ASSAM,BONGAIGAON,2026-09-19,5.2,77.0,164.0,192.1,16.3,LD,5.2,LD,1358.2,D,213.8,D,1702.7638185986089,41.986008786338495,0.5710843373493976,17.480184736245008,0.5801858654843648,90.88499999999999,0.9008213509647174,2,HIGH
ASSAM,BONGAIGAON,2026-09-20,0.0,25.6,84.5,190.2,17.3,NR,0.0,NR,1358.2,D,213.8,D,2045.8641856388126,24.22239563195673,0.41543674698795185,16.346732368242655,0.6373341203562685,56.05499999999999,0.5899744314181714,1,MEDIUM
ASSAM,BONGAIGAON,2026-09-21,0.0,5.2,83.7,190.2,17.9,NR,11.2,LD,857.4,LD,213.8,D,2261.2572245871183,15.391929825052255,0.4138704819277108,31.272725536558774,0.6565452831497043,50.754999999999995,0.5126672808042678,1,MEDIUM
ASSAM,CACHAR,2026-08-19,23.8,23.8,23.8,23.8,5.1,LE,23.8,LE,537.6,D,140.3,N,1979.595098761881,14.659584254592275,0.29659638554216866,22.238643459336842,0.7482330146053029,23.8,0.29398010059099056,0,LOW
ASSAM,CACHAR,2026-08-20,16.7,40.5,40.5,40.5,10.3,LE,75.6,D,554.3,D,157.0,N,503.6893951362406,15.603091542998877,0.3292921686746988,20.958850963254402,0.5109884068642292,32.17,0.3643249993419905,0,LOW
ASSAM,CACHAR,2026-08-21,33.6,74.1,74.1,74.1,15.8,LE,75.6,D,1245.2,N,190.6,N,1427.318297657052,19.668966916718706,0.39507530120481926,21.057152441061277,0.5485059406314986,59.925,0.593227392972936,1,MEDIUM
ASSAM,CACHAR,2026-08-22,0.2,50.50000000000001,74.3,74.3,9.2,LD,75.6,D,588.0,D,190.8,N,299.64068542063495,33.70078130702467,0.3954668674698795,21.441884995083022,0.355583208354754,42.415000000000006,0.530960519199205,1,MEDIUM
ASSAM,CACHAR,2026-08-23,0.0,33.800000000000004,74.3,74.3,10.0,NR,0.0,NR,588.0,D,190.7,N,1649.6592100817961,42.984121716031744,0.3954668674698795,31.06494607420375,0.6188079326425012,38.17,0.541986292843712,1,MEDIUM
ASSAM,CACHAR,2026-08-24,0.0,0.2,74.3,74.3,9.7,NR,75.6,D,588.0,D,190.8,N,2390.606099060137,31.761497204945286,0.3954668674698795,16.06597798585399,0.4274548037946335,29.77,0.43228192085355044,1,MEDIUM
ASSAM,CACHAR,2026-08-25,0.0,0.0,74.3,74.3,11.8,NR,75.6,D,1245.2,N,190.7,N,1306.1935575352727,26.88665083776403,0.3954668674698795,17.024041885499084,0.5545748493332197,29.72,0.41025982961352003,1,MEDIUM
ASSAM,CACHAR,2026-08-26,0.0,0.0,50.50000000000001,74.3,5.8,NR,106.4,N,588.0,D,190.7,D,1110.7826075260296,22.943912320685385,0.34887048192771086,28.424075763191436,0.7099343161059386,23.770000000000003,0.3410404912858668,0,LOW
ASSAM,CACHAR,2026-08-27,0.5,0.5,34.300000000000004,74.8,6.2,LD,0.5,LD,588.5,D,191.2,D,137.81474097449978,38.12777868150466,0.3171536144578313,24.33996135278236,0.26054194280919196,20.095,0.3760070754213934,0,LOW
ASSAM,CACHAR,2026-08-28,11.4,11.9,12.1,86.2,7.8,E,11.4,E,599.9,D,202.7,D,2401.4475797065897,38.986288097842795,0.27368975903614456,17.185124885336183,0.5883493159506239,22.92,0.39124996904587483,0,LOW
ASSAM,CACHAR,2026-08-29,3.5,15.4,15.4,89.7,6.7,D,106.4,N,603.4,D,206.1,D,302.35657611888905,16.721506977312742,0.28015060240963857,15.585822325231717,0.35406701038641386,22.380000000000003,0.2897415951950338,0,LOW
ASSAM,CACHAR,2026-08-30,0.2,15.1,15.6,89.9,9.2,LD,106.4,N,603.6,D,206.3,D,150.643778596875,43.136809946137205,0.2805421686746988,18.811983920746865,0.4176300038703122,21.23,0.3990307851006494,0,LOW
ASSAM,CACHAR,2026-08-31,37.6,41.3,53.2,127.5,9.7,LE,106.4,N,641.2,D,243.9,N,652.8631981870992,20.804614528255282,0.3541566265060241,19.433782541074606,0.2708279680521988,55.91,0.5614955576640274,1,MEDIUM
ASSAM,CACHAR,2026-09-01,2.0,39.8,55.2,129.5,7.5,LD,106.4,N,1351.6,N,2.0,LD,210.54956310003695,37.00312276766111,0.3580722891566265,15.241621502768913,0.35167765611154134,43.875,0.548557012362971,1,MEDIUM
ASSAM,CACHAR,2026-09-02,1.4,41.0,56.6,130.9,4.1,LD,85.2,N,644.6,D,3.4,LD,1165.0387139088177,43.67279512328933,0.3608132530120482,18.67353915173229,0.841977635972291,44.525000000000006,0.583377589397882,1,MEDIUM
ASSAM,CACHAR,2026-09-03,0.8,4.2,56.900000000000006,107.9,10.9,LD,85.2,N,1436.8,N,4.2,LD,1314.4151130799253,33.14632403422445,0.36140060240963856,27.551421928190795,0.8491136567195872,31.740000000000002,0.445654084753536,1,MEDIUM
ASSAM,CACHAR,2026-09-04,0.0,2.2,45.50000000000001,91.2,6.2,NR,85.2,N,645.3,D,4.2,LD,815.7963751200306,11.462029058047749,0.33908132530120483,29.54237272382906,0.6819087519337885,25.605000000000004,0.30112120874439524,0,LOW
ASSAM,CACHAR,2026-09-05,0.0,0.8,42.00000000000001,57.6,8.2,NR,85.2,N,645.3,D,4.2,LD,174.85318230847082,28.445478206957233,0.3322289156626506,30.270009106085205,0.6171141128627161,19.340000000000003,0.33061246758185103,0,LOW
ASSAM,CACHAR,2026-09-06,13.2,13.2,55.0,70.6,7.5,LE,13.2,LE,658.5,D,17.4,LD,323.4209022106054,9.751084923823136,0.35768072289156627,21.62853855494024,0.716204171859559,32.26,0.3446347851725209,0,LOW
ASSAM,CACHAR,2026-09-07,0.0,13.2,17.4,70.6,6.3,NR,85.2,N,658.5,D,17.4,LD,992.0357260753239,36.56568159475705,0.28406626506024096,20.43003334036048,0.787932563311097,18.24,0.3492353678064213,0,LOW
ASSAM,CACHAR,2026-09-08,7.8,21.0,23.2,78.39999999999999,9.4,N,7.8,N,666.3,D,25.1,D,198.29470452501351,16.25260695495532,0.29542168674698793,31.997634419534087,0.5615830357392448,25.54,0.3132177987514821,0,LOW
ASSAM,CACHAR,2026-09-09,7.0,14.8,28.8,85.39999999999999,8.3,N,89.7,N,673.3,D,32.1,D,1760.5648277442879,32.80859292240074,0.3063855421686747,28.078787665667008,0.27117039965062073,26.16,0.3934084612761874,0,LOW
ASSAM,CACHAR,2026-09-10,2.0,16.8,30.0,87.39999999999999,7.0,LD,89.7,N,1526.5,N,34.2,D,557.2003267357893,41.40358696520796,0.30873493975903615,24.134985375428425,0.6756374923480316,25.509999999999998,0.42744891830125736,1,MEDIUM
ASSAM,CACHAR,2026-09-11,0.0,9.0,30.0,86.89999999999999,8.7,NR,89.7,N,675.3,D,34.1,LD,790.0753435199143,12.240394026806896,0.30873493975903615,19.33111435571974,0.8407615012434535,22.784999999999997,0.27842687493283086,0,LOW
ASSAM,CACHAR,2026-09-12,1.2,3.2,31.2,76.7,6.3,LD,1.2,LD,676.6,D,35.4,LD,1015.6081540863388,20.714313544046668,0.3110843373493976,20.46219269904678,0.4048317735831768,20.525,0.3004625651296716,0,LOW
ASSAM,CACHAR,2026-09-13,2.8,4.0,20.8,76.0,4.7,D,89.7,N,679.3,D,38.1,LD,1070.6936010194122,30.88475152294265,0.2907228915662651,23.76119393009958,0.52807933927666,18.58,0.32773964523473564,0,LOW
ASSAM,CACHAR,2026-09-14,1.0,5.0,21.8,76.8,12.5,LD,1.0,LD,680.3,D,39.1,LD,54.0687338032613,21.786343712380045,0.29268072289156627,24.21540963644276,0.4667646406307687,18.57,0.2876226219756726,0,LOW
ASSAM,CACHAR,2026-09-15,0.0,3.8,14.0,39.2,11.4,NR,89.7,N,1526.5,N,39.1,LD,324.572408946809,11.99275766498861,0.27740963855421685,15.232536952652524,0.48428049653791805,10.33,0.18235485881376087,0,LOW
ASSAM,CACHAR,2026-09-16,0.0,1.0,7.0,37.2,11.2,NR,0.0,NR,680.3,D,39.1,LD,2163.773181165151,6.16286456675188,0.2637048192771084,31.309801449615065,0.6828399963252141,7.58,0.13411735274214173,0,LOW
ASSAM,CACHAR,2026-09-17,3.8,3.8,8.8,39.6,10.8,LD,39.3,D,684.1,D,42.9,LD,53.02100315417493,21.263925748078517,0.2672289156626506,24.785306204976578,0.47704263385363,10.420000000000002,0.222164899010452,0,LOW
ASSAM,CACHAR,2026-09-18,0.0,3.8,8.8,38.8,10.0,NR,0.0,NR,684.1,D,42.9,LD,1295.010021741544,30.968361063276816,0.2672289156626506,25.015690154955266,0.8146504752752359,8.969999999999999,0.2549686084427011,0,LOW
ASSAM,CACHAR,2026-09-19,5.8,9.6,13.4,44.6,7.2,D,5.8,D,689.9,D,48.7,LD,1249.27991594266,27.959368326099543,0.2762349397590361,18.595009273814927,0.7237950722581362,14.469999999999999,0.28256832465592546,0,LOW
ASSAM,CACHAR,2026-09-20,0.8,6.6,11.4,45.4,6.1,LD,0.8,LD,690.7,D,49.5,LD,866.0806944760627,11.249649590425697,0.27231927710843373,28.00478203962121,0.2665882150526171,11.59,0.1870079900954579,0,LOW
ASSAM,CACHAR,2026-09-21,1.0,7.6,11.4,33.2,5.1,LD,39.3,D,1565.8,N,50.5,LD,1106.7511993588016,23.027737754695465,0.27231927710843373,27.533496841561327,0.7411293292202348,10.08,0.2286006055493993,0,LOW
ASSAM,CHARAIDEO,2026-08-19,0.0,0.0,0.0,0.0,22.7,NR,0.0,NR,1699.7,N,377.4,E,1962.4237869401315,19.778841847250114,0.25,16.61768554788099,0.7137144534631952,0.0,0.13790596376555608,0,LOW
ASSAM,CHARAIDEO,2026-08-20,96.4,96.4,96.4,96.4,13.1,LE,96.4,LE,1796.1,E,473.8,LE,2110.949080226643,15.968096091735994,0.43873493975903616,25.114904328418646,0.5598962370287401,96.4,0.7587163039150783,2,HIGH
ASSAM,CHARAIDEO,2026-08-21,5.8,102.2,102.2,102.2,14.1,D,5.8,D,1801.9,E,479.6,E,687.8539313673626,34.17084975441557,0.4500903614457832,26.18929367060796,0.5480904380478482,68.46000000000001,0.7294707484047993,2,HIGH
ASSAM,CHARAIDEO,2026-08-22,5.7,107.9,107.9,107.9,14.3,LD,5.7,LD,1807.6,E,485.3,E,840.1015803709381,17.38608120108737,0.46125000000000005,29.204658967755915,0.751316142080172,72.13000000000001,0.6832419868919558,1,MEDIUM
ASSAM,CHARAIDEO,2026-08-23,0.0,11.5,107.9,107.9,19.9,NR,0.0,NR,1807.6,N,485.3,E,644.0829899194151,26.605678093321167,0.46125000000000005,18.50355004160108,0.504871173497821,46.035,0.5383655283828713,1,MEDIUM
ASSAM,CHARAIDEO,2026-08-24,0.0,5.7,107.9,107.9,33.2,NR,0.0,NR,1807.6,N,485.3,E,1225.6653313501097,41.92894141078466,0.46125000000000005,29.9197915457089,0.34567740597597907,44.585,0.596141806714077,1,MEDIUM
ASSAM,CHARAIDEO,2026-08-25,42.4,42.4,150.3,150.3,20.4,LE,42.4,LE,1850.0,N,527.7,E,1723.9829762640916,26.571039290143297,0.5442620481927711,22.845178219029126,0.4377392997094196,85.56,0.8269459175947467,2,HIGH
ASSAM,CHARAIDEO,2026-08-26,7.4,49.8,157.70000000000002,157.70000000000002,13.9,D,7.4,D,1857.4,N,535.1,E,609.2195448853803,29.68091640642243,0.5587500000000001,16.64090152819596,0.40912144201449363,78.12,0.8000473637454727,2,HIGH
ASSAM,CHARAIDEO,2026-08-27,0.0,49.8,61.3,157.70000000000002,6.4,NR,0.0,NR,1857.4,N,535.1,E,860.3025680344233,7.929839446702056,0.37001506024096387,16.79556076568489,0.6586354177908702,51.43,0.47553880005045324,1,MEDIUM
ASSAM,CHARAIDEO,2026-08-28,0.0,7.4,55.5,157.70000000000002,8.3,NR,0.0,NR,1857.4,N,535.1,E,2329.4423130934188,12.125365749669452,0.3586596385542169,18.36267571244388,0.35732401002450714,39.38,0.4060926192819887,1,MEDIUM
ASSAM,CHARAIDEO,2026-08-29,0.0,0.0,49.8,157.70000000000002,9.0,NR,0.0,NR,1857.4,N,535.1,E,168.99476012504726,9.038047971924538,0.34750000000000003,19.806762001750243,0.6368634618596842,36.105000000000004,0.36681424544971714,0,LOW
ASSAM,CHARAIDEO,2026-08-30,0.0,0.0,49.8,157.70000000000002,19.7,NR,0.0,NR,1857.4,N,535.1,N,1178.8855328369373,35.592517934233605,0.34750000000000003,23.438898675816596,0.529580168358257,36.105000000000004,0.48483411194886855,1,MEDIUM
ASSAM,CHARAIDEO,2026-08-31,0.0,0.0,49.8,157.70000000000002,15.4,NR,0.0,NR,1857.4,N,535.1,N,1793.3172019121057,38.436843236673695,0.34750000000000003,27.728770361657517,0.7537965576470691,36.105000000000004,0.4974755577374912,1,MEDIUM
ASSAM,CHARAIDEO,2026-09-01,82.6,82.6,90.0,240.3,10.3,LE,82.6,LE,1940.0,N,82.6,LE,418.61232831581145,12.458211727783105,0.4262048192771084,18.17434033433035,0.5409992459304808,108.105,0.7406107937566799,2,HIGH
ASSAM,CHARAIDEO,2026-09-02,28.6,111.2,111.2,268.9,10.0,LE,28.6,LE,1968.6,N,111.2,LE,166.06634901343054,13.770870036923641,0.467710843373494,31.87508050649212,0.8078823607416298,105.945,0.7547460355054705,2,HIGH
ASSAM,CHARAIDEO,2026-09-03,0.0,111.2,111.2,268.9,20.7,NR,0.0,NR,1968.6,N,111.2,LE,388.6031605144003,17.928291579711313,0.467710843373494,17.745872840095313,0.7902814767313526,95.935,0.7732234645845268,2,HIGH
ASSAM,CHARAIDEO,2026-09-04,6.4,35.0,117.6,178.9,13.6,D,6.4,D,1975.0,N,117.6,LE,2301.116824150173,28.643104678153417,0.4802409638554217,25.189425451276506,0.3611725474624137,67.225,0.7021372605607077,2,HIGH
ASSAM,CHARAIDEO,2026-09-05,11.2,17.6,128.79999999999998,184.3,8.5,E,11.2,E,1986.2,N,128.8,LE,72.68646546175236,29.87184775200078,0.5021686746987952,30.791987409812776,0.6616998114111301,68.16499999999999,0.7186787019123536,2,HIGH
ASSAM,CHARAIDEO,2026-09-06,0.0,17.6,128.79999999999998,178.6,18.0,NR,0.0,NR,1986.2,N,128.8,E,511.38883828781195,32.470158341658305,0.5021686746987952,29.152626188906062,0.3787748494724651,63.38999999999999,0.696218493624857,1,MEDIUM
ASSAM,CHARAIDEO,2026-09-07,22.6,33.800000000000004,151.4,201.2,14.1,LE,22.6,LE,2008.8,N,151.4,LE,126.64460660902915,41.207710248538504,0.5464156626506025,26.014116428273717,0.7439825837382745,84.39,0.8924285114125139,2,HIGH
ASSAM,CHARAIDEO,2026-09-08,0.0,22.600000000000005,68.80000000000001,201.2,9.4,NR,0.0,NR,2008.8,N,151.4,E,321.042195527398,16.801605619861526,0.3846987951807229,27.163380945445276,0.6314338927219414,53.03,0.5293010552676427,1,MEDIUM
ASSAM,CHARAIDEO,2026-09-09,0.0,22.600000000000005,40.2,158.79999999999998,10.1,ND,0.0,ND,2008.8,N,151.4,E,1569.365752239326,31.350359568271028,0.32870481927710843,17.281495653991193,0.42647061656899066,39.519999999999996,0.4865431730786258,1,MEDIUM
ASSAM,CHARAIDEO,2026-09-10,0.0,0.0,40.2,151.39999999999998,18.6,ND,0.0,ND,2008.8,N,151.4,N,642.0153264107602,27.388913831107686,0.32870481927710843,15.16427191392422,0.39947417703010385,32.76,0.42079102900758714,1,MEDIUM
ASSAM,CHARAIDEO,2026-09-11,0.0,0.0,33.800000000000004,151.39999999999998,15.9,NR,0.0,NR,2008.8,N,151.4,N,1444.5695235551582,17.233489616502684,0.31617469879518073,22.380529334126336,0.507746593027258,31.159999999999997,0.3617543498310948,0,LOW
ASSAM,CHARAIDEO,2026-09-12,0.0,0.0,22.6,151.39999999999998,25.1,NR,0.0,NR,2008.8,N,151.4,N,1495.978687777009,41.29660746374694,0.29424698795180726,16.52182174775115,0.7304337828766786,28.36,0.44437398448469106,1,MEDIUM
ASSAM,CHARAIDEO,2026-09-13,0.0,0.0,22.6,151.39999999999998,23.4,NR,0.0,NR,2008.8,N,151.4,D,2131.1165660699585,8.819336478368701,0.29424698795180726,21.081793552518015,0.7276969654236709,28.36,0.30003055788301003,0,LOW
ASSAM,CHARAIDEO,2026-09-14,0.0,0.0,0.0,151.39999999999998,30.1,NR,0.0,NR,2008.8,N,151.4,D,61.616412634091105,33.48004107328206,0.25,18.80362749068554,0.27002573533296126,22.709999999999997,0.3605441572198537,0,LOW
ASSAM,CHARAIDEO,2026-09-15,0.0,0.0,0.0,151.39999999999998,25.3,NR,0.0,NR,2008.8,N,151.4,D,2140.7551753887983,34.11494852090408,0.25,30.577894280472627,0.43137232928254005,22.709999999999997,0.36336596809817384,0,LOW
ASSAM,CHARAIDEO,2026-09-16,0.0,0.0,0.0,68.80000000000001,26.3,NR,0.0,NR,2008.8,N,151.4,D,1566.8417617460864,41.61306110759846,0.25,29.96095198313698,0.5037105780818305,10.320000000000002,0.3084475027040052,0,LOW
ASSAM,CHARAIDEO,2026-09-17,28.6,28.600000000000005,28.6,68.80000000000001,10.1,LE,28.6,LE,2037.4,N,180.0,D,448.7215409571461,25.743223694054144,0.30599397590361443,28.922028425027143,0.6013492080665459,34.63,0.422253098178327,1,MEDIUM
ASSAM,CHARAIDEO,2026-09-18,0.0,28.600000000000005,28.6,68.80000000000001,18.3,NR,0.0,NR,2037.4,N,180.0,D,1943.6966009314458,17.864893528769837,0.30599397590361443,27.13705307303779,0.3397162052888194,24.620000000000005,0.3159455987882455,0,LOW
ASSAM,CHARAIDEO,2026-09-19,0.0,28.600000000000005,28.6,62.400000000000006,15.3,NR,0.0,NR,2037.4,N,180.0,D,2145.9542773869352,38.10962679440082,0.30599397590361443,17.619222794768458,0.45116981231735487,23.660000000000004,0.3990849292708214,0,LOW
ASSAM,CHARAIDEO,2026-09-20,0.0,0.0,28.6,51.2,13.2,NR,0.0,NR,2037.4,N,180.0,D,672.9455351976854,35.832411273295705,0.30599397590361443,15.822246245385577,0.7813582123407752,14.83,0.3260754070507987,0,LOW
ASSAM,CHARAIDEO,2026-09-21,1.8,1.8000000000000036,30.4,53.0,16.0,LD,0.0,NR,2037.4,N,181.8,D,2301.044518211568,25.012624576778816,0.3095180722891566,26.116093583529775,0.5359285080481897,16.63,0.2915121513465938,0,LOW
ASSAM,CHIRANG,2026-08-19,9.7,9.7,9.7,9.7,7.4,E,9.7,E,1052.7,D,222.9,N,1163.4207042317116,35.71429502535244,0.2689909638554217,25.918388331976686,0.6964859356260636,9.7,0.28161322574671893,0,LOW
ASSAM,CHIRANG,2026-08-20,0.9,10.6,10.6,10.6,12.5,LD,13.7,LD,1053.5,D,223.8,N,1528.3899131166377,15.715024083090432,0.2707530120481928,21.280212840826177,0.5408671038978039,7.205,0.17531022819701014,0,LOW
ASSAM,CHIRANG,2026-08-21,0.0,10.6,10.6,10.6,13.0,NR,13.7,LD,1047.3,D,223.8,D,2462.3913573632267,28.580253216138715,0.2707530120481928,23.03567332940515,0.5289895458402781,6.89,0.23024554781277476,0,LOW
ASSAM,CHIRANG,2026-08-22,0.0,0.9,10.6,10.6,16.9,NR,13.7,LD,1053.5,D,223.8,D,935.7633926660384,39.60733819151502,0.2707530120481928,23.315539600045817,0.6231553150501024,4.465,0.2619836061542635,0,LOW
ASSAM,CHIRANG,2026-08-23,0.0,0.0,10.6,10.6,16.7,NR,0.0,NR,1053.5,D,223.8,D,2042.2403972592765,17.7193801846605,0.2707530120481928,19.078778256690608,0.4056187073137705,4.24,0.16310130955395374,0,LOW
ASSAM,CHIRANG,2026-08-24,9.8,9.8,20.4,20.4,21.8,D,13.7,LD,1063.4,D,233.6,D,830.0778386797261,24.341999297229727,0.28993975903614455,20.34083240242896,0.39988125958375,14.04,0.26616956930881414,0,LOW
ASSAM,CHIRANG,2026-08-25,0.8,10.6,21.2,21.2,18.2,LD,13.7,LD,1047.3,D,234.4,D,2008.073129491653,43.04179416691558,0.29150602409638554,22.112622429279526,0.8436123129349654,11.41,0.33086177324379384,0,LOW
ASSAM,CHIRANG,2026-08-26,2.0,12.6,13.5,23.2,16.9,LD,40.6,LD,1066.2,D,236.4,D,1521.7981012134742,36.928473678869466,0.2764307228915663,25.254043508497027,0.7713952055915333,10.705,0.2956552855815544,0,LOW
ASSAM,CHIRANG,2026-08-27,0.0,2.8,12.6,23.2,11.6,NR,0.0,NR,1066.2,D,236.4,D,580.0714533022335,40.48156081322211,0.2746686746987952,31.24892650229567,0.6926529378697868,7.33,0.28705712577022247,0,LOW
ASSAM,CHIRANG,2026-08-28,0.0,2.0,12.6,23.2,8.9,NR,0.0,NR,1066.2,D,236.4,D,1064.3639297836291,20.409882435617853,0.2746686746987952,24.15423836182368,0.33228672343331994,7.13,0.19642523677063742,0,LOW
ASSAM,CHIRANG,2026-08-29,0.5,0.5,13.1,23.7,10.3,LD,40.6,LD,1066.7,D,237.0,D,828.2073041907261,44.86021038538235,0.27564759036144576,27.429786462234425,0.26813482671086,7.129999999999999,0.3052891441243431,0,LOW
ASSAM,CHIRANG,2026-08-30,1.9,2.4,15.0,25.6,14.1,LD,40.6,LD,1068.6,D,238.8,D,241.3655630468915,11.102624187352518,0.27936746987951805,28.719018740724405,0.35524750251825576,8.855,0.1682851084055272,0,LOW
ASSAM,CHIRANG,2026-08-31,21.1,23.5,26.3,46.7,17.2,E,40.6,LD,1089.6,D,259.9,D,123.09518674425884,25.75082332865236,0.3014909638554217,16.92963806224541,0.812638578704512,26.84,0.36590474120055766,0,LOW
ASSAM,CHIRANG,2026-09-01,54.0,77.0,79.5,100.7,13.4,LE,40.6,LD,1087.9,D,54.0,LE,898.8727057475933,24.170935291849975,0.4056475903614458,26.103119348416996,0.7397738621493927,73.13,0.7093985597521316,2,HIGH
ASSAM,CHIRANG,2026-09-02,9.1,84.19999999999999,86.6,109.8,10.4,N,77.7,N,1152.7,D,63.0,LE,96.63366215284212,36.93728763200538,0.41954819277108435,23.195882244325215,0.5638456074931458,62.35499999999999,0.6921768823084582,1,MEDIUM
ASSAM,CHIRANG,2026-09-03,0.9,64.0,87.5,101.0,10.4,LD,77.7,N,1165.6,D,63.9,LE,455.44500607534883,41.344710900600475,0.42131024096385544,24.73132601821417,0.8312683548210263,53.339999999999996,0.6479116781311921,1,MEDIUM
ASSAM,CHIRANG,2026-09-04,4.3,14.3,91.8,104.4,10.3,D,77.7,N,1157.9,D,68.2,E,1826.6991360846284,34.24557507632239,0.4297289156626506,15.653087908073758,0.3379492617413806,43.69,0.5493149728193163,1,MEDIUM
ASSAM,CHIRANG,2026-09-05,0.1,5.3,91.4,104.5,8.6,LD,77.7,N,1158.0,D,68.3,E,1784.8235274247904,30.07264944521211,0.4289457831325301,30.405667521305546,0.5854902640036221,39.885,0.5035122381086787,1,MEDIUM
ASSAM,CHIRANG,2026-09-06,0.0,4.4,89.5,104.5,9.7,NR,0.0,NR,1158.0,D,68.3,N,1859.5219468205876,22.09716763394015,0.4252259036144579,31.19733054278265,0.3599332758392259,39.15,0.46208689780458345,1,MEDIUM
ASSAM,CHIRANG,2026-09-07,0.0,0.1,68.4,104.5,4.7,NR,77.7,N,1158.0,D,68.3,N,827.0252692684479,25.413036683029368,0.3839156626506024,15.0591927026384,0.4338571628825835,32.8,0.4233364073773177,1,MEDIUM
ASSAM,CHIRANG,2026-09-08,0.9,0.9,15.3,95.6,6.4,LD,0.9,LD,1158.9,D,69.3,N,2230.547669938354,25.372012528992872,0.2799548192771084,18.617457064705686,0.8140810113779353,18.705,0.30197523704630075,0,LOW
ASSAM,CHIRANG,2026-09-09,0.0,0.9,6.2,94.8,7.3,NR,5.8,LD,1158.9,D,69.3,N,1504.8848426696966,5.8147389473751065,0.2621385542168675,18.06330095305215,0.77096710992921,15.995,0.1921897478006304,0,LOW
ASSAM,CHIRANG,2026-09-10,4.8,5.7,10.1,97.6,9.1,D,5.8,LD,1171.3,D,74.1,N,358.76453727923496,25.121832193107107,0.2697740963855422,28.282176793757472,0.3110792713783517,20.27,0.30997334104245566,0,LOW
ASSAM,CHIRANG,2026-09-11,3.9,8.7,9.7,101.5,9.0,D,5.8,LD,1167.6,D,77.9,D,402.11072056605866,39.238832006965,0.2689909638554217,25.167361004900947,0.39972628333656307,21.189999999999998,0.3791113118317597,0,LOW
ASSAM,CHIRANG,2026-09-12,0.0,8.7,9.6,101.5,11.1,NR,0.0,NR,1167.6,D,77.9,D,1748.0837959777687,33.37096044568993,0.26879518072289155,18.01467227604444,0.6067044817492304,19.799999999999997,0.34309294071624663,0,LOW
ASSAM,CHIRANG,2026-09-13,6.7,10.6,16.3,107.7,10.5,D,5.8,LD,1174.3,D,84.6,D,473.71264428309127,36.82834488500019,0.28191265060240966,28.837506240420627,0.2868116724044946,25.225,0.39972023912498256,0,LOW
ASSAM,CHIRANG,2026-09-14,3.6,10.3,19.9,109.4,14.1,LD,3.6,LD,1177.9,D,88.2,D,1292.867118876006,20.61939959074084,0.288960843373494,21.009072820697725,0.5800507884108623,25.22,0.3290545100772354,0,LOW
ASSAM,CHIRANG,2026-09-15,0.0,10.3,19.0,88.3,12.6,NR,5.8,LD,1171.3,D,88.2,D,2479.8474660253414,26.158929476518324,0.2871987951807229,22.83456689698274,0.6006948614764064,20.57,0.32020424637644646,0,LOW
ASSAM,CHIRANG,2026-09-16,17.7,21.3,36.7,52.0,14.2,E,17.7,E,1195.5,D,105.9,D,59.81863159668177,6.339342759884019,0.3218524096385542,21.58421229045097,0.4245803087982757,28.495,0.29549093785789016,0,LOW
ASSAM,CHIRANG,2026-09-17,58.2,75.9,90.1,101.1,17.4,LE,110.0,N,1253.8,D,164.1,N,90.62051464901447,20.319917686773742,0.4264006024096385,23.863463509500903,0.42587378807507403,77.035,0.7242455151995598,2,HIGH
ASSAM,CHIRANG,2026-09-18,18.7,94.6,104.9,118.9,9.5,LE,18.7,LE,1272.5,D,182.9,N,2483.057225729741,23.97664179570576,0.4553765060240964,23.16242197008833,0.3874475612620425,74.255,0.7264932324176913,2,HIGH
ASSAM,CHIRANG,2026-09-19,0.8,77.7,105.7,115.4,10.0,LD,0.8,LD,1273.3,D,183.7,N,1482.3651436287055,15.208355983963266,0.45694277108433734,19.667928045261526,0.8114058221176257,63.44,0.6108102986981012,1,MEDIUM
ASSAM,CHIRANG,2026-09-20,0.0,19.5,99.0,115.3,17.6,NR,0.0,NR,1273.3,D,183.7,N,360.92944002035716,6.249639159625993,0.4438253012048193,22.217452637395283,0.4833226844194465,46.92,0.450712405204359,1,MEDIUM
ASSAM,CHIRANG,2026-09-21,0.0,0.8,95.4,115.3,11.7,NR,110.0,N,1281.3,D,183.7,D,2248.3903893975294,32.616324351158084,0.43677710843373496,30.441731547523105,0.6011614378683342,41.345,0.5267820606411568,1,MEDIUM
ASSAM,DARRANG,2026-08-19,0.0,0.0,0.0,0.0,12.8,NR,0.0,NR,875.4,N,150.1,D,2206.931735312846,22.40351003395373,0.25,23.549200320147165,0.43094474455210874,0.0,0.149571155706461,0,LOW
ASSAM,DARRANG,2026-08-20,12.2,12.2,12.2,12.2,10.7,N,44.0,D,887.6,N,162.3,D,1363.6910121228693,21.62712772448937,0.2738855421686747,30.578568977180385,0.6715984026489425,12.2,0.23778787825566577,0,LOW
ASSAM,DARRANG,2026-08-21,17.5,29.7,29.7,29.7,14.1,E,44.0,D,537.6,D,179.8,D,1573.3904731588536,14.999470161140355,0.3081475903614458,24.3521598129054,0.31086476263518553,25.43,0.3094100463640124,0,LOW
ASSAM,DARRANG,2026-08-22,7.7,37.4,37.4,37.4,12.0,D,44.0,D,912.7,N,187.5,D,719.3086191771471,26.513215959920686,0.32322289156626505,28.0698939854907,0.29298492585679836,27.005,0.37481469281069435,0,LOW
ASSAM,DARRANG,2026-08-23,9.7,34.9,47.1,47.1,11.0,N,9.7,N,922.4,N,197.2,D,173.77325611141262,22.52107125082926,0.34221385542168675,19.99105226421512,0.6965702563491318,30.96,0.38903811443205916,0,LOW
ASSAM,DARRANG,2026-08-24,2.5,19.9,49.6,49.6,12.1,LD,44.0,D,924.9,N,199.7,D,1506.6906417826176,23.95937892116364,0.34710843373493977,28.437029330754932,0.6860007749892099,25.689999999999998,0.3588757901565618,0,LOW
ASSAM,DARRANG,2026-08-25,8.6,20.8,58.2,58.2,12.5,D,44.0,D,537.6,D,208.3,D,772.1502233467694,28.23485393745528,0.3639457831325301,19.493467420744754,0.40900080168439734,31.490000000000002,0.42255382798301594,1,MEDIUM
ASSAM,DARRANG,2026-08-26,16.0,27.1,74.19999999999999,74.19999999999999,12.0,E,50.4,D,949.5,N,224.2,D,1675.8715643178623,5.252985889589414,0.39527108433734937,15.332349517930542,0.463028027634813,42.05499999999999,0.4019227430945675,1,MEDIUM
ASSAM,DARRANG,2026-08-27,1.4,26.0,63.39999999999999,75.6,13.2,LD,1.4,LD,950.9,N,225.6,D,2098.800683264373,41.3078361415369,0.37412650602409636,17.732392034020783,0.8243563007996934,34.17999999999999,0.5018506930515451,1,MEDIUM
ASSAM,DARRANG,2026-08-28,2.5,19.9,48.39999999999999,78.1,9.6,LD,2.5,LD,953.4,N,228.2,D,94.49333259019194,7.84349587780325,0.3447590361445783,15.368098875544627,0.3125981769971886,29.664999999999992,0.3150903009574867,0,LOW
ASSAM,DARRANG,2026-08-29,0.0,3.9,40.7,78.1,10.8,NR,50.4,D,953.4,D,228.2,D,1509.498747980032,23.03698989263978,0.32968373493975905,31.100064912154288,0.3598882399280026,22.865,0.33117127630121473,0,LOW
ASSAM,DARRANG,2026-08-30,0.0,2.5,31.0,78.1,13.2,NR,50.4,D,953.4,D,228.2,D,616.637322232788,13.294915009575256,0.31069277108433735,31.9996093471008,0.5080230189839399,20.089999999999996,0.26431101302175253,0,LOW
ASSAM,DARRANG,2026-08-31,19.9,19.9,48.39999999999999,98.0,11.1,LE,50.4,D,973.3,D,248.1,D,2191.0268198643134,25.951294774795013,0.3447590361445783,27.95791448153185,0.4192593436333151,38.739999999999995,0.4602028977056519,1,MEDIUM
ASSAM,DARRANG,2026-09-01,24.4,44.3,64.19999999999999,122.4,7.7,LE,50.4,D,588.0,D,24.4,LE,671.4780410764798,16.209204351885514,0.3756927710843373,16.83817878377699,0.6394051291793243,54.02499999999999,0.5319534929032692,1,MEDIUM
ASSAM,DARRANG,2026-09-02,17.8,62.1,66.0,140.2,12.9,E,56.6,N,1015.6,N,42.2,LE,1546.3868264267749,39.400259922504155,0.37921686746987954,30.282072825655042,0.6643610337680106,59.285,0.6731921672678052,1,MEDIUM
ASSAM,DARRANG,2026-09-03,0.4,42.6,65.0,140.6,10.8,LD,56.6,N,644.6,D,42.6,E,1406.1750582195482,20.85439335849681,0.37725903614457834,27.644195115523775,0.5658328503340571,48.129999999999995,0.5109269695925339,1,MEDIUM
ASSAM,DARRANG,2026-09-04,11.0,29.200000000000003,73.5,139.4,11.4,N,56.6,N,1027.0,N,53.7,E,1020.6079251451598,30.550222230737493,0.39390060240963853,20.648156761835494,0.6167183808416619,50.435,0.5737644061006597,1,MEDIUM
ASSAM,DARRANG,2026-09-05,0.1,11.5,73.6,122.0,12.4,LD,56.6,N,1027.1,N,53.8,N,1710.1708708194953,14.955189125915158,0.39409638554216864,23.538724500751847,0.5100524992122069,39.61,0.42739505543799433,1,MEDIUM
ASSAM,DARRANG,2026-09-06,0.5,11.6,74.1,114.79999999999998,8.1,LD,0.5,LD,1027.6,N,54.2,N,1828.135605052813,5.7762460197607,0.39507530120481926,26.249908801453472,0.7062323522350996,38.81999999999999,0.38116903917941847,0,LOW
ASSAM,DARRANG,2026-09-07,14.8,15.4,69.0,119.9,9.9,E,56.6,N,1042.4,N,69.1,N,1438.9975985324977,21.166181424531043,0.3850903614457831,15.40885808644561,0.27525909870776183,44.265,0.4863518584612895,1,MEDIUM
ASSAM,DARRANG,2026-09-08,1.7,17.0,46.3,119.1,12.1,LD,1.7,LD,1044.2,N,70.8,N,1908.1344811026474,26.459459582331604,0.34064759036144576,23.52619550569822,0.43773480199352854,34.285,0.42990995072180815,1,MEDIUM
ASSAM,DARRANG,2026-09-09,4.4,20.9,32.9,114.9,10.2,D,28.8,D,1048.6,D,75.2,D,2459.3718361826973,23.381886050470012,0.31441265060240964,27.450722365334748,0.6606580248369365,32.224999999999994,0.3963132338852183,0,LOW
ASSAM,DARRANG,2026-09-10,0.6,6.7,33.1,99.5,14.9,LD,28.8,D,673.3,D,75.9,D,1077.2173503569725,43.4805745527544,0.3148042168674699,18.199831322237657,0.44778706472522944,25.085,0.434866916887517,1,MEDIUM
ASSAM,DARRANG,2026-09-11,0.0,5.0,22.1,98.1,11.4,NR,28.8,D,1049.2,D,75.9,D,1310.7284771195507,33.27356695384113,0.29326807228915663,22.544439749148662,0.2971211682657697,21.49,0.3595910887088609,0,LOW
ASSAM,DARRANG,2026-09-12,6.1,6.699999999999999,28.1,101.7,9.8,D,6.1,D,1055.3,D,81.9,D,80.55120095597243,44.826792025015806,0.30501506024096386,24.053012196143865,0.4570080570800652,26.09,0.4460500327842418,1,MEDIUM
ASSAM,DARRANG,2026-09-13,0.5,6.6,28.1,102.2,9.7,LD,28.8,D,1055.8,D,82.4,D,2000.269962960427,16.802403612558876,0.30501506024096386,27.504611323306946,0.676896863073198,24.18,0.3078938932544879,0,LOW
ASSAM,DARRANG,2026-09-14,1.8,8.4,15.099999999999996,104.0,10.1,LD,1.8,LD,1057.6,D,84.3,D,1324.5636642626848,36.56213118428586,0.2795632530120482,31.39571308348283,0.32319091915199066,22.104999999999997,0.37584608672410386,0,LOW
ASSAM,DARRANG,2026-09-15,6.8,9.1,20.2,90.9,11.8,D,28.8,D,673.3,D,91.0,D,1049.5055043833847,27.222338701864555,0.28954819277108435,29.420684316072958,0.6847788185269927,23.339999999999996,0.34512873829667057,0,LOW
ASSAM,DARRANG,2026-09-16,13.0,21.6,28.799999999999997,79.5,11.1,N,13.0,N,1077.3,D,104.0,D,280.4763095690197,29.470414177939976,0.3063855421686747,25.565813143909153,0.7152734298145453,29.074999999999996,0.3993331718982825,0,LOW
ASSAM,DARRANG,2026-09-17,13.7,33.5,41.89999999999999,75.39999999999999,8.9,E,7.0,LD,1091.0,D,117.7,D,2229.6582331047234,44.43412801769311,0.33203313253012046,24.92189147219176,0.6311804466536193,34.955,0.512846313394763,1,MEDIUM
ASSAM,DARRANG,2026-09-18,3.6,30.3,45.49999999999999,78.6,12.0,LD,3.6,LD,1094.6,D,121.3,D,1017.7677380993632,31.159487990044678,0.33908132530120483,25.2541737822354,0.3965404291348865,32.0,0.43421160531990843,1,MEDIUM
ASSAM,DARRANG,2026-09-19,0.0,17.299999999999997,39.39999999999999,67.6,9.3,NR,0.0,NR,1094.6,D,121.3,D,1722.3249156125898,40.95267569347671,0.32713855421686744,24.268036925216155,0.7331772143170368,24.314999999999998,0.4206146245734328,1,MEDIUM
ASSAM,DARRANG,2026-09-20,0.0,3.6,38.89999999999999,67.5,8.5,NR,0.0,NR,1094.6,D,121.3,D,415.9666831019694,34.030009388769884,0.32615963855421687,16.009168964401702,0.3786655010670792,20.75,0.3642609790281395,0,LOW
ASSAM,DARRANG,2026-09-21,8.9,8.9,46.0,75.89999999999999,8.3,N,7.0,LD,680.3,D,130.2,D,2405.7965923755296,10.095444868990002,0.34006024096385545,26.871038707999485,0.7934925713028103,28.224999999999998,0.31390331139071825,0,LOW
ASSAM,DHEMAJI,2026-08-19,0.8,0.8,0.8,0.8,5.2,LD,0.8,LD,334.7,D,74.5,D,487.18231646348573,32.9769484128925,0.251566265060241,27.177725602203253,0.6739874194852493,0.7999999999999999,0.2025751863547238,0,LOW
ASSAM,DHEMAJI,2026-08-20,0.2,1.0,1.0,1.0,5.3,LD,105.6,N,335.0,D,74.8,D,538.8778826037515,24.37262354741928,0.2519578313253012,23.712166158539468,0.28283195598823585,0.7200000000000001,0.16384228394376177,0,LOW
ASSAM,DHEMAJI,2026-08-21,18.1,19.1,19.1,19.1,10.1,LE,105.6,N,1699.7,N,92.9,D,2154.508008366399,41.751919719293696,0.287394578313253,29.796589291843233,0.7295722711969979,18.75,0.3765832730132802,0,LOW
ASSAM,DHEMAJI,2026-08-22,22.8,41.1,41.900000000000006,41.900000000000006,8.7,LE,105.6,N,375.9,D,115.8,D,2285.8277231477314,37.27337788761821,0.3320331325301205,26.431425646863534,0.5538601242159444,35.015,0.4814480861241667,1,MEDIUM
ASSAM,DHEMAJI,2026-08-23,0.0,40.9,41.900000000000006,41.900000000000006,4.4,NR,0.0,NR,375.9,D,115.8,D,569.7611484320885,9.165387504289008,0.3320331325301205,21.16529918356929,0.5215893377878309,26.985000000000003,0.29933283824630136,0,LOW
ASSAM,DHEMAJI,2026-08-24,6.7,29.5,48.6,48.6,4.2,LE,105.6,N,382.6,D,122.5,D,1201.0121760283284,10.356625746142338,0.3451506024096386,15.334804011176782,0.5023067156190921,29.159999999999997,0.32274139569450133,0,LOW
ASSAM,DHEMAJI,2026-08-25,0.0,6.7,48.6,48.6,3.7,NR,105.6,N,1699.7,N,122.5,D,1847.062516178933,7.784440071944223,0.3451506024096386,16.005747990460563,0.6139780398645501,21.115000000000002,0.2540117809747846,0,LOW
ASSAM,DHEMAJI,2026-08-26,0.0,6.7,47.8,48.6,3.6,NR,157.7,E,382.6,D,122.5,D,2201.996047836464,24.729794989784697,0.3435843373493976,20.980570447910367,0.6847471004697767,20.915,0.3275867869429057,0,LOW
ASSAM,DHEMAJI,2026-08-27,0.8,0.8,48.400000000000006,49.400000000000006,9.2,LD,0.8,LD,383.4,D,123.3,D,978.6791028413977,8.23087036829412,0.34475903614457837,22.85579052837761,0.7875859694347364,19.990000000000002,0.24790518618965707,0,LOW
ASSAM,DHEMAJI,2026-08-28,0.0,0.8,30.3,49.400000000000006,6.7,NR,0.0,NR,383.4,D,123.3,D,1316.6977427811016,33.947133462987765,0.3093222891566265,17.836809031643227,0.41376688776833515,15.185,0.3208904196509734,0,LOW
ASSAM,DHEMAJI,2026-08-29,39.2,40.0,46.7,88.60000000000001,5.0,LE,157.7,E,422.6,D,162.4,N,1867.2052057733506,27.094343258017307,0.3414307228915663,18.218581209184745,0.6284657637462543,48.684999999999995,0.535447209589863,1,MEDIUM
ASSAM,DHEMAJI,2026-08-30,0.0,39.2,46.7,88.60000000000001,8.7,NR,157.7,E,422.6,D,162.4,N,1841.2831427993488,38.4354007021257,0.3414307228915663,18.91359309924872,0.661805566880878,34.765,0.4867116131092536,1,MEDIUM
ASSAM,DHEMAJI,2026-08-31,2.6,41.8,42.6,91.2,5.7,D,157.7,E,425.2,D,165.0,N,1968.252318563908,16.19183154685265,0.33340361445783134,28.268726772796633,0.6548782838721355,35.69,0.39283387070473086,0,LOW
ASSAM,DHEMAJI,2026-09-01,14.0,16.6,56.6,105.2,7.2,LE,157.7,E,1857.4,N,14.0,LE,1446.3378556717396,25.76563136644563,0.3608132530120482,28.111893296180114,0.545800388669782,38.980000000000004,0.4642978858276502,1,MEDIUM
ASSAM,DHEMAJI,2026-09-02,70.5,87.1,127.1,175.7,4.2,LE,111.2,E,509.7,D,84.5,LE,306.3069871716993,9.699187436421774,0.49884036144578314,21.50996275203424,0.48461352892222065,104.57999999999998,0.7428755720065867,2,HIGH
ASSAM,DHEMAJI,2026-09-03,4.8,89.3,131.1,179.7,3.0,LE,111.2,E,1968.6,N,89.3,LE,2264.734562651198,40.38440010601122,0.506671686746988,17.93019448693473,0.707427290240255,83.735,0.8771935991953281,2,HIGH
ASSAM,DHEMAJI,2026-09-04,4.8,80.1,135.9,184.3,9.3,D,111.2,E,519.3,D,94.1,LE,2170.652721336519,12.000198491593533,0.5160692771084338,16.885442546078977,0.4300058824244808,83.325,0.7500010295281172,2,HIGH
ASSAM,DHEMAJI,2026-09-05,4.0,13.6,100.7,170.20000000000002,9.1,D,111.2,E,523.3,D,98.1,LE,2005.338717754916,9.0944900540162,0.4471536144578313,16.481198304801946,0.37483189743894585,55.505,0.5251654877653827,1,MEDIUM
ASSAM,DHEMAJI,2026-09-06,1.1,9.9,101.8,148.5,7.6,LD,1.1,LD,524.4,D,99.2,LE,294.66306904378723,13.202023940927333,0.44930722891566266,21.651747265289327,0.5774975162560743,50.584999999999994,0.5088109500492717,1,MEDIUM
ASSAM,DHEMAJI,2026-09-07,0.5,5.6,99.7,149.0,10.3,LD,111.2,E,524.9,D,99.7,LE,550.7735493495015,37.249259548919255,0.44519578313253017,15.77422136645903,0.4105665145973062,48.849999999999994,0.6025083373043953,1,MEDIUM
ASSAM,DHEMAJI,2026-09-08,0.7,2.3,86.4,143.0,6.5,LD,0.7,LD,525.6,D,100.4,LE,1871.8208945137471,9.232581107387311,0.41915662650602414,20.671795631147695,0.2699398976587234,43.870000000000005,0.43731363949304464,1,MEDIUM
ASSAM,DHEMAJI,2026-09-09,12.4,13.6,28.3,155.4,5.6,LE,40.2,D,538.0,D,112.8,LE,106.69323172576877,29.57709979352664,0.3054066265060241,31.346065123199335,0.28094544602938326,38.125,0.4640669839036158,1,MEDIUM
ASSAM,DHEMAJI,2026-09-10,0.0,13.1,23.5,155.4,7.6,NR,40.2,D,2008.8,N,112.8,LE,2449.100352582835,34.84725202460503,0.2960090361445783,23.627578465370657,0.6670063158321248,32.46,0.445263397814609,1,MEDIUM
ASSAM,DHEMAJI,2026-09-11,0.7,13.1,19.4,155.3,9.4,LD,40.2,D,538.7,D,113.5,E,974.0044668714178,35.04324641931484,0.28798192771084336,28.984959166198212,0.8338875075952439,31.665,0.43886695489089694,1,MEDIUM
ASSAM,DHEMAJI,2026-09-12,0.5,1.2,15.9,155.8,10.6,LD,0.5,LD,539.2,D,114.0,E,1812.3157075425179,12.602435464325247,0.28112951807228914,17.197521080221783,0.5228130301756451,27.82,0.3103748774103958,0,LOW
ASSAM,DHEMAJI,2026-09-13,0.0,1.2,14.8,116.6,1.9,NR,40.2,D,539.2,D,114.0,E,2224.5491667957062,7.46495993510448,0.27897590361445784,19.557339300964983,0.3382366753508405,21.49,0.24202773489064716,0,LOW
ASSAM,DHEMAJI,2026-09-14,0.0,0.5,14.3,116.6,2.5,NR,0.0,NR,539.2,D,114.0,E,1016.8432259677015,22.952255350888706,0.2779969879518072,31.09128955724815,0.7408499263176118,21.189999999999998,0.30852773151292,0,LOW
ASSAM,DHEMAJI,2026-09-15,0.0,0.0,13.6,114.0,7.3,NR,40.2,D,2008.8,N,114.0,N,831.8745970691817,13.099413809781844,0.2766265060240964,21.520382247878402,0.4068615381842319,20.499999999999996,0.2595489463527108,0,LOW
ASSAM,DHEMAJI,2026-09-16,6.0,6.0,7.2,106.0,9.3,D,6.0,D,545.2,D,120.0,N,1541.4157658007045,32.97083236055752,0.2640963855421687,26.022904183621478,0.8473758769623283,21.299999999999997,0.351058056211815,0,LOW
ASSAM,DHEMAJI,2026-09-17,1.2,7.2,8.4,36.7,5.0,LD,0.0,NR,546.4,D,121.2,N,1473.4239656827242,19.26771198621684,0.26644578313253015,31.59415524576402,0.587958499496236,9.825,0.20889853344848897,0,LOW
ASSAM,DHEMAJI,2026-09-18,0.0,7.2,7.7,31.9,9.8,NR,0.0,NR,546.4,D,121.2,N,1052.392945180753,22.974157641325284,0.26507530120481926,24.363391857622503,0.38957952913606037,8.51,0.21573190461448152,0,LOW
ASSAM,DHEMAJI,2026-09-19,0.0,1.2,7.2,27.1,5.6,NR,0.0,NR,546.4,D,121.2,N,1524.3481518758856,9.539397324068473,0.2640963855421687,20.19088113688851,0.5476028617146063,6.165000000000001,0.13912463922916388,0,LOW
ASSAM,DHEMAJI,2026-09-20,7.7,7.7,14.9,30.800000000000004,3.0,LE,7.7,LE,554.0,D,128.8,N,2341.684355437912,27.70201146192767,0.27917168674698795,24.043123751185057,0.45122876309778914,12.965,0.2712930334529724,0,LOW
ASSAM,DHEMAJI,2026-09-21,1.0,8.7,15.9,30.700000000000003,2.4,D,0.0,NR,2008.8,N,129.8,N,1195.7186287351612,12.420967585276292,0.28112951807228914,15.928832388624608,0.7176831907761687,11.105,0.19052165439997268,0,LOW
ASSAM,DHUBRI,2026-08-19,0.5,0.5,0.5,0.5,9.3,LD,0.5,LD,666.1,D,148.4,D,532.0183428390467,32.159426436597485,0.2509789156626506,16.91028785957575,0.3134895314848335,0.5,0.19668764115410095,0,LOW
ASSAM,DHUBRI,2026-08-20,10.6,11.1,11.1,11.1,16.9,D,46.9,D,676.7,D,159.0,D,974.1546580633595,7.846752901915748,0.27173192771084337,15.12190878588859,0.7642016302195289,10.924999999999999,0.16703030670131602,0,LOW
ASSAM,DHUBRI,2026-08-21,8.9,20.0,20.0,20.0,13.7,D,46.9,D,1052.7,D,167.9,D,1015.5621073531406,44.03578369125293,0.2891566265060241,30.031570706605073,0.7104021365584807,16.115000000000002,0.3683193299573917,0,LOW
ASSAM,DHUBRI,2026-08-22,0.0,19.5,20.0,20.0,17.6,NR,46.9,D,685.6,D,167.9,D,371.2162979142387,32.381079143432466,0.2891566265060241,26.411767291293124,0.7668182823408924,12.875,0.2934448844724184,0,LOW
ASSAM,DHUBRI,2026-08-23,0.0,8.9,20.0,20.0,20.4,NR,0.0,NR,685.6,D,167.9,D,449.0351763586595,12.269182712477047,0.2891566265060241,20.07160600725672,0.7869962476249989,10.225,0.1851849866603654,0,LOW
ASSAM,DHUBRI,2026-08-24,0.5,0.5,20.5,20.5,16.6,LD,46.9,D,686.1,D,168.4,D,1727.1770798145092,5.563785818474232,0.2901355421686747,18.75974412652418,0.3878666937658487,8.5,0.14329330100629184,0,LOW
ASSAM,DHUBRI,2026-08-25,1.0,1.5,21.5,21.5,13.6,LD,46.9,D,1052.7,D,169.4,D,881.7204978118116,18.37851568820875,0.2920933734939759,26.612302219682256,0.5626034843371724,9.325,0.20651499411516022,0,LOW
ASSAM,DHUBRI,2026-08-26,3.6,5.1,24.6,25.1,11.3,LD,13.5,LD,690.7,D,173.0,D,2389.5010600467285,11.112530562088295,0.29816265060240965,30.632045101349803,0.7599533320998264,12.450000000000001,0.19769229392786564,0,LOW
ASSAM,DHUBRI,2026-08-27,0.0,4.6,14.0,25.1,12.5,NR,0.0,NR,690.7,D,173.0,D,646.8120261285882,13.736453324781838,0.27740963855421685,20.08536454788588,0.47643278326966687,8.415000000000001,0.17646570442208515,0,LOW
ASSAM,DHUBRI,2026-08-28,1.9,5.5,7.0,27.0,16.8,LD,1.9,LD,692.6,D,174.9,D,292.3650375068147,39.91001033751558,0.2637048192771084,20.46650485957529,0.2862445460773795,7.84,0.2859564256855053,0,LOW
ASSAM,DHUBRI,2026-08-29,0.4,2.3,7.4,27.4,12.0,LD,13.5,LD,693.0,D,175.3,D,1896.086179350632,29.12818640203398,0.2644879518072289,29.52209232829414,0.42498061392310993,6.674999999999999,0.22989653260922732,0,LOW
ASSAM,DHUBRI,2026-08-30,0.3,2.6,7.7,27.7,11.0,LD,13.5,LD,693.3,D,175.6,D,2208.5383271987816,12.05830612115598,0.26507530120481926,30.18738887002379,0.3951521868848865,6.834999999999999,0.1552874115419183,0,LOW
ASSAM,DHUBRI,2026-08-31,112.5,113.2,119.7,140.2,14.2,LE,13.5,LD,805.8,D,288.1,D,731.3777243351452,27.26637602749795,0.4843524096385542,30.538621636106235,0.7720375712134627,118.63,0.8180543753832573,2,HIGH
ASSAM,DHUBRI,2026-09-01,88.3,201.1,207.0,228.5,9.5,LE,13.5,LD,1066.2,D,88.3,LE,545.115849031421,15.23122613699973,0.6552710843373494,19.983621536113812,0.528307809645489,167.205,0.7987485552541354,2,HIGH
ASSAM,DHUBRI,2026-09-02,14.5,215.3,217.9,243.0,11.0,E,86.5,N,908.6,D,102.8,LE,505.1270304341636,44.048034574323566,0.6766114457831325,17.04531364913793,0.6601265424677879,149.825,0.9310913317091757,2,HIGH
ASSAM,DHUBRI,2026-09-03,5.9,108.7,223.8,248.4,12.4,D,86.5,N,1152.7,D,108.7,LE,1328.930138347955,6.31028921054781,0.6881626506024097,22.479958723975216,0.8272714898149512,122.44999999999999,0.7656782599451388,2,HIGH
ASSAM,DHUBRI,2026-09-04,7.9,28.3,229.8,245.7,15.2,D,86.5,N,922.5,D,116.7,LE,1197.6207710545889,34.2927368867126,0.699909638554217,20.028002707400077,0.42951271143112224,104.14500000000001,0.8923940916517883,2,HIGH
ASSAM,DHUBRI,2026-09-05,2.5,16.3,231.9,239.3,9.4,LD,86.5,N,924.9,D,119.1,LE,685.6276076436088,35.91988104765709,0.7040210843373494,30.025733335801206,0.7067197345164374,98.82000000000001,0.9004481326348348,2,HIGH
ASSAM,DHUBRI,2026-09-06,2.7,13.1,234.3,242.0,10.5,LD,2.7,LD,927.6,D,121.8,LE,160.67413662409464,7.686510558308011,0.7087198795180724,15.622794010660263,0.26365847291123284,99.095,0.7759062450516501,2,HIGH
ASSAM,DHUBRI,2026-09-07,0.0,5.2,121.8,242.0,19.7,NR,86.5,N,927.6,D,121.8,E,1229.6537837993878,11.874774569254063,0.48846385542168674,25.775967983816628,0.3124697051869169,68.05,0.6351316991460627,1,MEDIUM
ASSAM,DHUBRI,2026-09-08,22.3,25.0,55.8,263.8,10.1,LE,22.3,LE,949.9,D,144.1,E,2400.3642517072403,20.372266364158303,0.3592469879518072,30.405083217717937,0.34711905400196685,67.575,0.6436719356856917,1,MEDIUM
ASSAM,DHUBRI,2026-09-09,2.3,24.6,43.6,265.1,7.7,LD,6.2,LD,952.3,D,146.5,E,1648.672041844025,39.72619306116271,0.33536144578313254,31.603396235703123,0.4374510021235051,57.620000000000005,0.6540112987076393,1,MEDIUM
ASSAM,DHUBRI,2026-09-10,0.0,24.6,37.7,261.5,13.5,NR,6.2,LD,1158.9,D,146.5,E,1263.9910637401151,26.479997536739972,0.3238102409638554,26.052220188066734,0.49179232907762704,54.800000000000004,0.5727446210709559,1,MEDIUM
ASSAM,DHUBRI,2026-09-11,0.2,2.5,30.0,261.7,7.0,LD,6.2,LD,952.5,D,146.7,N,321.1955813725595,31.21227400029162,0.30873493975903615,31.14869026938046,0.5362095344393526,47.449999999999996,0.5384141149419442,1,MEDIUM
ASSAM,DHUBRI,2026-09-12,0.3,0.5,27.8,260.1,14.9,LD,0.3,LD,952.8,D,147.0,N,668.4689118464888,36.320513418273705,0.3044277108433735,16.286210864626145,0.39719880777003846,46.195,0.5513176600750769,1,MEDIUM
ASSAM,DHUBRI,2026-09-13,6.8,7.3,31.9,266.5,15.8,D,6.2,LD,959.6,D,153.8,N,772.1961764576297,38.1249115335008,0.31245481927710844,21.107731881936076,0.2897291917660816,52.155,0.6033906293388815,1,MEDIUM
ASSAM,DHUBRI,2026-09-14,0.0,7.1,31.9,266.2,23.5,NR,0.0,NR,959.6,D,153.8,N,1923.768703887724,24.05138172334724,0.31245481927710844,15.148149854554473,0.656513855104146,49.68,0.5232142923587905,1,MEDIUM
ASSAM,DHUBRI,2026-09-15,0.0,6.8,9.6,153.70000000000002,20.2,NR,6.2,LD,1158.9,D,153.8,D,2197.9414532983174,25.351725550939253,0.26879518072289155,31.680124127243914,0.2641968121205587,27.155,0.3598352932042212,0,LOW
ASSAM,DHUBRI,2026-09-16,0.0,0.0,7.3,65.4,18.8,NR,0.0,NR,959.6,D,153.8,D,2259.022541237774,33.720234283511175,0.2642921686746988,30.346350139033888,0.7356823809152349,11.635,0.2855923303586154,0,LOW
ASSAM,DHUBRI,2026-09-17,28.1,28.1,35.4,79.0,17.6,LE,36.6,D,987.7,D,181.9,D,2462.1930902143476,15.533694349425055,0.31930722891566266,15.476893456219424,0.8074928950907209,37.56,0.4004079556178511,1,MEDIUM
ASSAM,DHUBRI,2026-09-18,11.9,40.0,47.1,85.0,12.6,N,11.9,N,999.6,D,193.8,D,2456.7983736061046,39.179589454620974,0.34221385542168675,15.308255057816021,0.6762213481957806,38.69,0.5181301749744085,1,MEDIUM
ASSAM,DHUBRI,2026-09-19,0.0,40.0,46.8,77.10000000000001,13.1,NR,0.0,NR,999.6,D,193.8,D,2384.8478752815545,5.831472979033663,0.3416265060240964,21.238481399808222,0.6075763103648991,33.265,0.33116120272304905,0,LOW
ASSAM,DHUBRI,2026-09-20,0.0,11.9,40.00000000000001,74.60000000000001,16.3,NR,0.0,NR,999.6,D,193.8,D,225.96424423206673,12.830864088388987,0.3283132530120482,19.39514543544533,0.6442111175971796,24.165000000000003,0.2947954128188489,0,LOW
ASSAM,DHUBRI,2026-09-21,0.0,0.0,40.00000000000001,71.9,7.4,NR,36.6,D,1195.5,D,193.8,D,387.5941630231227,37.00799772146013,0.3283132530120482,29.397848713122535,0.6413332279705566,20.785000000000004,0.3781764807906754,0,LOW
ASSAM,DIBRUGARH,2026-08-19,7.7,7.7,7.7,7.7,9.5,N,7.7,N,667.4,N,204.9,E,795.9429898662806,18.61032847570689,0.26507530120481926,17.728234855621658,0.8090230816399003,7.7,0.19056816867140142,0,LOW
ASSAM,DIBRUGARH,2026-08-20,0.2,7.9,7.9,7.9,9.1,LD,35.9,D,667.6,N,205.1,N,1404.6007224579305,10.993313307692238,0.2654668674698795,28.441040865914573,0.8285835227163804,5.205,0.13902332262169428,0,LOW
ASSAM,DIBRUGARH,2026-08-21,15.8,23.700000000000003,23.700000000000003,23.700000000000003,8.4,LE,35.9,D,875.4,N,220.9,E,287.5958273284243,12.470190228456133,0.29640060240963856,24.425814899841274,0.506026985144933,20.935000000000002,0.26380535063673916,0,LOW
ASSAM,DIBRUGARH,2026-08-22,0.0,16.0,23.700000000000003,23.700000000000003,7.5,NR,35.9,D,683.4,N,220.9,N,2122.202546615249,26.23025607744278,0.29640060240963856,21.415660113884794,0.6202475056890508,13.48,0.27186558761803026,0,LOW
ASSAM,DIBRUGARH,2026-08-23,3.4,19.2,27.1,27.1,8.7,LD,3.4,LD,686.8,N,224.3,N,1561.0526387394073,38.84726117379951,0.30305722891566267,17.47723594946744,0.7316842322405033,16.830000000000002,0.35313168597999756,0,LOW
ASSAM,DIBRUGARH,2026-08-24,21.4,24.8,48.5,48.5,9.4,LE,35.9,D,708.2,N,245.7,N,1378.7927856404021,7.826028630844424,0.34495481927710847,31.960752201314406,0.2506228943032825,33.089999999999996,0.3394451813088567,0,LOW
ASSAM,DIBRUGARH,2026-08-25,0.0,24.8,48.5,48.5,12.7,NR,35.9,D,875.4,N,245.7,N,455.0127422498633,6.219236364985976,0.34495481927710847,25.505764055666123,0.5662095500966293,25.599999999999998,0.2789589959429345,0,LOW
ASSAM,DIBRUGARH,2026-08-26,0.2,21.6,41.0,48.7,7.1,LD,74.1,N,708.4,N,245.9,N,670.4759122804835,23.606725433473727,0.3302710843373494,22.469497953655903,0.6417258038906186,23.025,0.3349604477748477,0,LOW
ASSAM,DIBRUGARH,2026-08-27,14.2,14.4,55.0,62.9,6.7,LE,14.2,LE,722.6,N,260.1,N,442.76446120653225,43.24749660214539,0.35768072289156627,21.30916846139644,0.680323269842549,31.755,0.4899110413675598,1,MEDIUM
ASSAM,DIBRUGARH,2026-08-28,7.5,21.9,46.7,70.4,9.9,D,7.5,D,730.1,N,267.6,N,2137.2362365972567,16.160392136565058,0.3414307228915663,30.39737992072454,0.47127364563776863,30.335,0.35616046065010554,0,LOW
ASSAM,DIBRUGARH,2026-08-29,11.8,33.5,58.5,82.2,6.8,LE,74.1,N,741.9,N,279.4,N,1481.3582571499846,43.366821562681935,0.3645331325301205,28.960260739242937,0.42738665236695533,39.46,0.5466880046190958,1,MEDIUM
ASSAM,DIBRUGARH,2026-08-30,5.1,24.4,60.2,87.3,12.8,LD,74.1,N,747.0,N,284.5,N,1851.0670974231018,40.507247063600055,0.3678614457831325,28.790158402259806,0.3592855399407451,36.03,0.5102154806016197,1,MEDIUM
ASSAM,DIBRUGARH,2026-08-31,12.6,29.5,51.4,99.9,6.3,LE,74.1,N,759.6,N,297.1,N,775.280514129563,16.325403055500445,0.3506325301204819,25.475374040360677,0.5846893294316107,39.62,0.424863345517881,1,MEDIUM
ASSAM,DIBRUGARH,2026-09-01,14.8,32.5,66.2,114.7,7.4,LE,74.1,N,949.5,N,14.8,LE,959.568960866279,37.67792257024587,0.3796084337349398,30.09526190582863,0.8015820593512729,47.06,0.5785473919936345,1,MEDIUM
ASSAM,DIBRUGARH,2026-09-02,11.3,38.7,77.3,126.0,10.8,N,66.1,N,785.7,N,26.1,E,1041.8946628450078,32.43469210275275,0.4013403614457831,20.087732326075198,0.7875868904344289,51.855,0.5937412293206092,1,MEDIUM
ASSAM,DIBRUGARH,2026-09-03,0.0,26.1,63.1,118.3,6.8,NR,66.1,N,1015.6,N,26.1,N,1912.0366807728853,25.472895556190288,0.37353915662650605,26.963004297775917,0.4659795562946154,40.045,0.4731271058244521,1,MEDIUM
ASSAM,DIBRUGARH,2026-09-04,0.9,12.2,56.5,119.0,5.6,LD,66.1,N,786.7,N,27.0,N,1942.2648198026918,21.91664572171499,0.3606174698795181,21.875611620662173,0.4047130839629216,35.339999999999996,0.4212275086427712,1,MEDIUM
ASSAM,DIBRUGARH,2026-09-05,29.2,30.1,73.9,132.4,9.6,LE,66.1,N,815.9,N,56.3,E,556.6931424093777,37.62011023701827,0.39468373493975906,25.199979745514767,0.7232762936024661,56.08,0.6455472809461966,1,MEDIUM
ASSAM,DIBRUGARH,2026-09-06,0.0,30.1,68.8,132.4,7.1,NR,0.0,NR,815.9,N,56.3,E,2356.7701990083424,36.72317730780085,0.3846987951807229,31.968601010415778,0.684988010946513,44.585,0.5576948364036268,1,MEDIUM
ASSAM,DIBRUGARH,2026-09-07,1.5,30.7,57.7,130.5,9.0,LD,66.1,N,817.4,N,57.8,N,345.60557673703164,35.27745343770236,0.3629668674698795,31.736921271480412,0.5532038986824954,42.2,0.5299366891317722,1,MEDIUM
ASSAM,DIBRUGARH,2026-09-08,4.8,6.3,47.7,113.9,8.0,D,4.8,D,822.2,N,62.6,N,2245.4991019378945,44.930238048611834,0.3433885542168675,23.71452327994662,0.4834181557233145,32.265,0.49816375384189787,1,MEDIUM
ASSAM,DIBRUGARH,2026-09-09,4.8,11.1,41.2,118.7,4.5,N,33.0,D,827.0,N,67.4,N,295.9693318420328,24.140498437655356,0.3306626506024096,24.755678686802018,0.32427874224710496,32.56,0.40532076398040423,1,MEDIUM
ASSAM,DIBRUGARH,2026-09-10,5.9,15.5,47.1,124.4,10.9,D,33.0,D,1048.6,D,73.3,N,698.1225373207121,37.276919112796634,0.34221385542168675,30.25447007533412,0.7210831534553419,36.375,0.4931860903773003,1,MEDIUM
ASSAM,DIBRUGARH,2026-09-11,4.5,15.2,50.7,114.7,5.8,D,33.0,D,837.4,N,77.8,N,2123.8724133664946,39.499134679339136,0.34926204819277107,31.755807112735535,0.6204786661490185,35.254999999999995,0.4964954371166246,1,MEDIUM
ASSAM,DIBRUGARH,2026-09-12,11.6,22.0,33.1,118.8,8.4,E,11.6,E,849.1,N,89.5,N,489.75557724791423,13.464103258147357,0.3148042168674699,28.236332644643355,0.47612900784281,35.655,0.37674147917784434,0,LOW
ASSAM,DIBRUGARH,2026-09-13,5.3,21.4,38.4,112.3,5.3,N,33.0,D,854.4,N,94.8,N,1063.241431709426,6.682657682122439,0.32518072289156624,16.10813578529672,0.8012727856400796,33.65,0.3343971160927468,0,LOW
ASSAM,DIBRUGARH,2026-09-14,0.0,16.9,36.9,107.2,8.0,NR,0.0,NR,854.4,N,94.8,N,1152.1552848631093,21.189936087543188,0.3222439759036145,20.484875483845688,0.6458036238471172,29.529999999999998,0.3689433110106754,0,LOW
ASSAM,DIBRUGARH,2026-09-15,0.0,5.3,32.1,94.6,6.9,NR,33.0,D,1048.6,D,94.8,N,650.8844839068637,39.26946737747104,0.3128463855421687,30.241559778645232,0.8075433201062477,23.54,0.4047556005082602,1,MEDIUM
ASSAM,DIBRUGARH,2026-09-16,0.8,0.8,28.1,80.6,7.3,LD,0.8,LD,855.2,N,95.6,D,1790.1007432731672,16.56413124778041,0.30501506024096386,28.06199259945817,0.5346474762037863,19.595,0.27417985768033015,0,LOW
ASSAM,DIBRUGARH,2026-09-17,5.2,6.0,27.4,74.5,9.1,D,28.8,LD,860.4,N,100.8,D,2135.7698910353993,33.00040616269696,0.30364457831325303,27.61796220741526,0.5227706944383579,21.345,0.359419630533954,0,LOW
ASSAM,DIBRUGARH,2026-09-18,12.7,18.7,35.599999999999994,87.19999999999999,9.1,E,12.7,E,873.0,N,113.4,N,2192.709092646151,5.293925562570507,0.31969879518072286,26.354694917958398,0.8123435741884477,31.099999999999994,0.3089671111165459,0,LOW
ASSAM,DIBRUGARH,2026-09-19,0.0,17.9,24.0,86.29999999999998,7.7,NR,0.0,NR,873.0,N,113.4,D,881.3392570545743,19.21457729280951,0.2969879518072289,22.059485443750518,0.82587485694612,23.419999999999995,0.3115964112144146,0,LOW
ASSAM,DIBRUGARH,2026-09-20,24.7,37.4,43.4,81.8,6.9,LE,24.7,LE,897.8,N,138.1,N,1350.5834660051453,29.620667790326046,0.3349698795180723,21.855102445859927,0.8264603913273317,41.114999999999995,0.4914684917236697,1,MEDIUM
ASSAM,DIBRUGARH,2026-09-21,0.0,24.7,43.4,81.8,7.9,NR,28.8,LD,1077.3,D,138.1,N,658.5956894708462,10.190287602893475,0.3349698795180723,28.75185228904362,0.7413384363444657,29.294999999999998,0.3209274604214336,0,LOW
ASSAM,GOALPARA,2026-08-19,0.0,0.0,0.0,0.0,12.0,NR,0.0,NR,665.2,D,187.4,N,649.7514287978563,40.864276485897356,0.25,19.994264960006205,0.5274436868946031,0.0,0.23161900660398826,0,LOW
ASSAM,GOALPARA,2026-08-20,0.2,0.2,0.2,0.2,8.8,LD,79.0,D,665.3,D,187.5,N,445.0724539872141,11.25095908468317,0.25039156626506026,26.642141835916547,0.3761795765614353,0.19999999999999998,0.10150700539517005,0,LOW
ASSAM,GOALPARA,2026-08-21,0.2,0.4,0.4,0.4,11.2,LD,79.0,D,666.1,D,187.7,N,2353.046576478411,41.391741800159785,0.25078313253012047,27.34554489820726,0.4800645287666969,0.33,0.23647023214250726,0,LOW
ASSAM,GOALPARA,2026-08-22,0.0,0.4,0.4,0.4,8.4,NR,79.0,D,665.5,D,187.7,N,2225.572630083671,13.655572347318987,0.25078313253012047,29.35745181914599,0.8129784949106732,0.26,0.11269981756741111,0,LOW
ASSAM,GOALPARA,2026-08-23,11.1,11.3,11.5,11.5,10.5,N,11.1,N,676.6,D,198.8,N,1954.528847652846,44.77114695663363,0.27251506024096384,20.43805504201927,0.4681325770481799,11.31,0.33403737809967327,0,LOW
ASSAM,GOALPARA,2026-08-24,9.2,20.3,20.7,20.7,11.5,D,79.0,D,685.8,D,208.0,N,1318.2707271549361,29.189948531823635,0.2905271084337349,27.612117536249436,0.7040304560941224,16.575,0.3058881246956724,0,LOW
ASSAM,GOALPARA,2026-08-25,2.2,22.5,22.9,22.9,16.7,LD,79.0,D,666.1,D,210.2,D,1251.9893930040862,8.37379577753245,0.29483433734939757,16.81032825883768,0.8038026106546647,15.555,0.20696874534310133,0,LOW
ASSAM,GOALPARA,2026-08-26,0.0,11.4,22.9,22.9,8.8,NR,24.6,LD,688.0,D,210.2,D,1347.87688214712,7.611089379146394,0.29483433734939757,17.34704939218238,0.8322352977288577,12.009999999999998,0.17833092546834262,0,LOW
ASSAM,GOALPARA,2026-08-27,9.4,11.6,32.1,32.3,8.6,N,9.4,N,697.5,D,219.7,D,1364.5916332638687,7.9968678503787505,0.3128463855421687,22.094712682947826,0.8186044881252137,19.06,0.23385904750085768,0,LOW
ASSAM,GOALPARA,2026-08-28,0.0,9.400000000000002,31.9,32.3,8.7,NR,0.0,NR,697.5,D,219.7,D,1114.6795575093413,28.595709891638073,0.31245481927710844,15.938838198039203,0.5830345586333656,15.169999999999998,0.29762598869774815,0,LOW
ASSAM,GOALPARA,2026-08-29,16.3,25.700000000000003,48.2,48.6,8.0,LE,24.6,LD,713.8,D,236.0,D,372.7993405855653,37.38316809309541,0.34436746987951805,31.11087146491075,0.5451280447905222,31.47,0.4591548964031241,1,MEDIUM
ASSAM,GOALPARA,2026-08-30,0.0,16.3,37.1,48.6,17.9,NR,24.6,LD,713.8,D,236.0,D,357.8764395279132,21.11850967082023,0.32263554216867474,30.33222877865913,0.8425843052607918,20.64,0.3053882803111823,0,LOW
ASSAM,GOALPARA,2026-08-31,5.3,21.6,33.2,53.9,10.2,D,24.6,LD,719.1,D,241.3,D,2383.011803821924,22.79343037127447,0.315,15.831872823939333,0.38090752274818407,23.64,0.33267170703295806,0,LOW
ASSAM,GOALPARA,2026-09-01,5.4,10.7,36.400000000000006,59.3,9.8,D,24.6,LD,690.7,D,5.4,D,1230.9753609865588,28.57150814658512,0.32126506024096385,29.251299272168737,0.36251815701085754,22.560000000000002,0.3519131452139411,0,LOW
ASSAM,GOALPARA,2026-09-02,7.5,18.2,43.900000000000006,66.8,8.4,N,217.9,LE,732.0,D,12.9,D,2385.353536017713,26.32162419145423,0.3359487951807229,23.65086095953043,0.827909378647501,28.17,0.3848056566538966,0,LOW
ASSAM,GOALPARA,2026-09-03,0.5,13.4,35.0,67.3,9.0,LD,217.9,LE,908.6,D,13.4,D,450.76335038976947,32.5224693240508,0.3185240963855422,26.933369102350348,0.6635168930945017,22.369999999999997,0.36757157183187195,0,LOW
ASSAM,GOALPARA,2026-09-04,0.3,8.3,35.3,67.4,10.8,LD,217.9,LE,732.8,D,13.7,LD,1408.3205524978373,23.871428806521063,0.31911144578313255,30.07782987806918,0.5717824058788947,21.115000000000002,0.3203016773587138,0,LOW
ASSAM,GOALPARA,2026-09-05,23.4,24.2,42.4,90.6,13.7,LE,217.9,LE,756.2,D,37.1,D,558.9072707112712,33.5544274025627,0.3330120481927711,24.808566280320875,0.3292298757047834,38.42999999999999,0.48943733489061936,1,MEDIUM
ASSAM,GOALPARA,2026-09-06,0.8,24.5,43.2,91.4,6.9,LD,0.8,LD,757.0,D,37.9,D,670.3022850101738,44.89242970186537,0.33457831325301207,16.9775607048387,0.5579441494097975,30.915000000000003,0.4866187691334045,1,MEDIUM
ASSAM,GOALPARA,2026-09-07,2.9,27.1,40.8,83.2,11.5,LD,217.9,LE,759.9,D,40.8,D,123.63371796488802,19.011913689950596,0.32987951807228916,15.043836378271966,0.816532692112933,30.47,0.36748513875431515,0,LOW
ASSAM,GOALPARA,2026-09-08,9.7,13.4,45.1,83.69999999999999,6.9,E,9.7,E,769.6,D,50.5,D,341.4356113135177,5.488618516614032,0.33829819277108436,23.44766604827459,0.611734794009203,30.574999999999996,0.30981316510072837,0,LOW
ASSAM,GOALPARA,2026-09-09,4.0,16.599999999999998,41.6,85.5,7.5,D,43.7,D,773.6,D,54.6,D,2296.2785986915296,10.02500182206619,0.33144578313253015,31.13694624611412,0.49277717346372085,28.775,0.3157845208607098,0,LOW
ASSAM,GOALPARA,2026-09-10,0.7,14.4,41.8,86.19999999999999,16.9,LD,43.7,D,952.3,D,55.2,D,837.7558291317127,27.14056739947815,0.33183734939759035,24.73457181742433,0.5806618008790769,27.224999999999998,0.3808926854951375,0,LOW
ASSAM,GOALPARA,2026-09-11,1.2,5.9,42.7,78.0,9.7,LD,43.7,D,775.5,D,56.4,D,1539.9165691907494,18.77031148578608,0.33359939759036145,21.3399653474999,0.7816870522106707,24.27,0.32299801123331523,0,LOW
ASSAM,GOALPARA,2026-09-12,2.0,3.9,21.3,80.0,9.2,LD,2.0,LD,777.5,D,58.4,D,1189.284623373719,42.5993037481997,0.29170180722891564,15.525674290375527,0.7977091966811966,19.0,0.3829914069654526,0,LOW
ASSAM,GOALPARA,2026-09-13,1.8,5.0,22.3,65.5,7.0,LD,43.7,D,779.3,D,60.2,D,1031.1055508509319,30.097843604295317,0.2936596385542169,30.554650093729407,0.49005289939173713,17.28,0.3155708340718247,0,LOW
ASSAM,GOALPARA,2026-09-14,1.2,5.0,20.6,66.7,12.5,LD,1.2,LD,780.5,D,61.4,D,1353.120923797867,25.814207438618716,0.2903313253012048,20.561663234586717,0.6148366014605933,16.825000000000003,0.29262621125104665,0,LOW
ASSAM,GOALPARA,2026-09-15,0.7,3.7,11.6,62.1,6.7,LD,43.7,D,952.3,D,62.1,D,508.7354143075867,36.92158005088075,0.272710843373494,26.981215822356635,0.41752156760969844,13.385,0.31396802721510947,0,LOW
ASSAM,GOALPARA,2026-09-16,7.8,9.7,15.4,64.5,11.5,D,7.8,D,789.0,D,69.9,D,2472.0795513729627,15.343594841963807,0.28015060240963857,26.8020324358949,0.520651177695086,18.68,0.25726559470417626,0,LOW
ASSAM,GOALPARA,2026-09-17,11.6,20.1,26.3,68.6,8.2,E,7.3,LD,800.5,D,81.5,D,2054.8542783244643,37.78954161129439,0.3014909638554217,19.316013743268712,0.3819295820698857,25.95,0.41307144432120857,1,MEDIUM
ASSAM,GOALPARA,2026-09-18,0.6,20.000000000000004,25.700000000000003,68.69999999999999,7.4,LD,0.6,LD,801.1,D,82.0,D,1866.9558501922124,5.122444194563718,0.30031626506024095,16.08421760983233,0.568883357119345,21.939999999999998,0.2390895925837575,0,LOW
ASSAM,GOALPARA,2026-09-19,0.5,12.7,24.200000000000003,68.89999999999999,10.1,LD,0.5,LD,801.6,D,82.5,D,1198.4602776841834,29.787094485428707,0.2973795180722892,21.545006437421343,0.5969440809787971,19.735,0.33241857542775066,0,LOW
ASSAM,GOALPARA,2026-09-20,7.1,8.200000000000001,29.5,52.6,8.5,N,7.1,N,808.7,D,89.6,D,424.54894920952313,42.39028604183116,0.3077560240963855,20.3912272352324,0.45270204167846384,19.8,0.3909710009293509,0,LOW
ASSAM,GOALPARA,2026-09-21,0.0,7.600000000000001,28.3,51.8,11.0,NR,7.3,LD,959.6,D,89.6,D,2305.6313527702414,36.5143980813548,0.3054066265060241,26.90435878082954,0.4132709803831889,16.745,0.3426279025311889,0,LOW
ASSAM,GOLAGHAT,2026-08-19,1.0,1.0,1.0,1.0,9.2,LD,1.0,LD,387.4,LD,114.5,D,886.3983150852328,39.14536768589437,0.2519578313253012,28.936302426217264,0.34061536397887116,1.0,0.23149312592019922,0,LOW
ASSAM,GOLAGHAT,2026-08-20,0.0,1.0,1.0,1.0,8.5,NR,63.3,N,387.4,LD,114.5,D,172.76138975748773,20.87818780686002,0.2519578313253012,18.78157209565847,0.3337261997236959,0.65,0.1478129080899169,0,LOW
ASSAM,GOLAGHAT,2026-08-21,54.3,55.3,55.3,55.3,17.3,LE,63.3,N,667.4,N,168.9,D,888.8890081860402,37.96955784400505,0.35826807228915664,23.97992818619952,0.6768766694284706,54.95,0.6317692219704244,1,MEDIUM
ASSAM,GOLAGHAT,2026-08-22,23.8,78.1,79.1,79.1,9.7,LE,63.3,N,465.6,D,192.7,N,1996.4197247149166,27.033266601210663,0.4048644578313253,15.690341905598748,0.382982802143622,59.49499999999999,0.6248529215995343,1,MEDIUM
ASSAM,GOLAGHAT,2026-08-23,0.0,78.1,79.1,79.1,10.7,NR,0.0,NR,465.6,D,192.7,N,1575.63642522111,29.741609460127954,0.4048644578313253,18.642348989868854,0.3207862126639363,51.16499999999999,0.5775625104829709,1,MEDIUM
ASSAM,GOLAGHAT,2026-08-24,0.0,23.8,79.1,79.1,8.6,NR,63.3,N,465.6,D,192.7,D,1889.5545326249062,7.35661357343214,0.4048644578313253,27.94994729047541,0.8493230138585732,37.589999999999996,0.3813904846058833,0,LOW
ASSAM,GOLAGHAT,2026-08-25,10.2,10.2,89.3,89.3,8.0,E,63.3,N,667.4,N,202.9,N,1994.4066904628246,13.062067886975687,0.4248343373493976,28.48777144831423,0.4059499011334342,41.84,0.4410111630371382,1,MEDIUM
ASSAM,GOLAGHAT,2026-08-26,0.0,10.2,88.3,89.3,7.8,NR,41.0,D,475.8,D,202.9,D,569.2887971473293,27.038576620542102,0.4228765060240964,28.198875878680653,0.7876289892568793,38.019999999999996,0.47553080908359335,1,MEDIUM
ASSAM,GOLAGHAT,2026-08-27,1.0,11.2,89.3,90.3,10.0,LD,1.0,LD,476.8,D,203.9,D,2313.2691244282914,7.352042312939906,0.4248343373493976,17.420594724800594,0.6155115722511504,39.019999999999996,0.39554881503269673,0,LOW
ASSAM,GOLAGHAT,2026-08-28,0.6,1.6,35.6,90.9,10.6,LD,0.6,LD,477.4,D,204.6,D,1123.0745271549129,34.65787226350853,0.3196987951807229,24.367590366963093,0.6790421000840889,23.145,0.38281685580315006,0,LOW
ASSAM,GOLAGHAT,2026-08-29,4.5,6.1,16.299999999999997,95.4,7.3,D,41.0,D,482.0,D,209.1,D,1615.5834406972033,38.602280340876064,0.2819126506024096,22.18604304553751,0.5865513468997812,21.485,0.3809675642419666,0,LOW
ASSAM,GOLAGHAT,2026-08-30,0.0,5.1,16.299999999999997,95.4,7.9,NR,41.0,D,482.0,D,209.1,D,55.65649283751791,41.81449445179219,0.2819126506024096,31.855267045516538,0.35848671703598134,19.66,0.3822461518165529,0,LOW
ASSAM,GOLAGHAT,2026-08-31,15.9,20.4,32.2,111.3,8.5,LE,41.0,D,497.9,D,225.0,D,2483.7528211073864,9.070738367192238,0.3130421686746988,26.11918777399171,0.7582309428715616,35.41,0.35511807716639876,0,LOW
ASSAM,GOLAGHAT,2026-09-01,19.5,35.4,41.5,130.8,6.2,LE,41.0,D,708.4,N,19.5,LE,738.1961456121801,42.588809920912006,0.33125,30.898435553727396,0.7467836598920705,45.67,0.5808020859218225,1,MEDIUM
ASSAM,GOLAGHAT,2026-09-02,15.2,50.6,56.7,146.0,5.7,LE,77.3,E,532.6,D,34.7,LE,202.05461102338032,7.7048003051717995,0.3610090361445783,17.47095518514344,0.45981127921016046,54.044999999999995,0.49136183755094637,1,MEDIUM
ASSAM,GOLAGHAT,2026-09-03,0.3,35.0,56.0,145.29999999999998,10.9,LD,77.3,E,785.7,N,35.0,E,1172.7420017644592,23.962248637112612,0.35963855421686747,22.664845642703895,0.7083104178468783,44.65,0.49643048927612254,1,MEDIUM
ASSAM,GOLAGHAT,2026-09-04,32.6,48.1,88.0,177.9,7.1,LE,77.3,E,565.5,D,67.7,LE,366.1236400960023,38.61004082511247,0.422289156626506,28.117329201799766,0.5758241550066567,72.12,0.7697073061801902,2,HIGH
ASSAM,GOLAGHAT,2026-09-05,24.6,57.50000000000001,108.1,148.2,6.8,LE,77.3,E,590.1,D,92.2,LE,423.2004398860605,7.812445542578215,0.46164156626506025,21.253581376516845,0.7954294843360388,72.24,0.6415542445783329,1,MEDIUM
ASSAM,GOLAGHAT,2026-09-06,0.1,57.3,108.2,124.5,12.6,LD,0.1,LD,590.2,D,92.3,LE,1599.092891924015,5.729242919559345,0.46183734939759036,25.752644434611994,0.7316946227823807,60.084999999999994,0.5457650173700793,1,MEDIUM
ASSAM,GOLAGHAT,2026-09-07,2.5,27.200000000000003,94.8,127.0,7.9,LD,77.3,E,592.7,D,94.8,LE,1012.6721093470715,5.997908748266028,0.43560240963855423,23.698936930352232,0.2745974618812185,50.425,0.4729121528138358,1,MEDIUM
ASSAM,GOLAGHAT,2026-09-08,6.8,9.4,82.10000000000001,133.8,8.0,N,6.8,N,599.5,D,101.6,E,2308.5385028797377,25.45080957744134,0.41073795180722894,31.86279995670587,0.777565583314755,45.325,0.5180736449051915,1,MEDIUM
ASSAM,GOLAGHAT,2026-09-09,2.8,12.1,69.7,126.4,7.1,LD,41.3,N,602.3,D,104.4,E,831.9334117897716,37.46386978386652,0.38646084337349396,17.955833181113356,0.8311398507870938,40.39,0.5314618029261734,1,MEDIUM
ASSAM,GOLAGHAT,2026-09-10,0.1,9.7,69.50000000000001,126.5,8.7,LD,41.3,N,827.0,N,104.5,E,1829.1413145405577,10.097066842903985,0.38606927710843375,30.90092782061217,0.6952937215750623,38.81,0.39850026098582214,0,LOW
ASSAM,GOLAGHAT,2026-09-11,1.2,4.1,38.1,126.7,7.0,LD,41.3,N,603.6,D,105.7,E,1179.6936038795236,9.984410163181625,0.3245933734939759,21.826706214656046,0.3219481185082408,29.975,0.3227802088215754,0,LOW
ASSAM,GOLAGHAT,2026-09-12,12.8,14.1,26.3,138.9,5.2,LE,12.8,LE,616.4,D,118.5,E,1666.880687766733,27.741874201991664,0.3014909638554217,22.955880428414005,0.734425533902272,35.415,0.43582627287357445,1,MEDIUM
ASSAM,GOLAGHAT,2026-09-13,0.1,14.1,26.3,134.5,8.6,LD,41.3,N,616.5,D,118.7,N,1519.2536239541764,14.371824032476948,0.3014909638554217,23.98623202272964,0.6384934255741515,30.310000000000002,0.3400452635762059,0,LOW
ASSAM,GOLAGHAT,2026-09-14,5.4,18.3,29.2,139.9,7.1,D,5.4,D,621.9,D,124.0,N,1208.3207332595455,34.208549405794955,0.30716867469879516,19.511231340370855,0.45329579051318813,34.75,0.4609663654934619,1,MEDIUM
ASSAM,GOLAGHAT,2026-09-15,0.0,5.5,22.4,124.0,5.2,NR,41.3,N,827.0,N,124.0,N,2377.649681829871,42.985415527069996,0.293855421686747,31.382176524383482,0.7804183307156,25.574999999999996,0.4319663034522898,1,MEDIUM
ASSAM,GOLAGHAT,2026-09-16,0.0,5.4,19.6,104.5,5.1,NR,0.0,NR,621.9,D,124.0,N,889.6484247496419,35.64133626401652,0.2883734939759036,30.49528248899142,0.5893400130719038,21.924999999999997,0.37223372645980174,0,LOW
ASSAM,GOLAGHAT,2026-09-17,13.3,13.3,32.8,102.6,9.1,E,28.1,D,635.2,D,137.3,N,484.2269780607178,40.08701465515666,0.31421686746987953,31.539386703593166,0.7617567586116413,31.57,0.4658540865243628,1,MEDIUM
ASSAM,GOLAGHAT,2026-09-18,0.0,13.3,31.6,102.3,6.7,NR,0.0,NR,635.2,D,137.3,N,1711.3304491555793,25.783442302866813,0.3118674698795181,31.947632727561892,0.6520682491505456,26.57,0.36620203574029364,0,LOW
ASSAM,GOLAGHAT,2026-09-19,3.1,16.400000000000002,21.9,72.80000000000001,4.1,D,3.1,D,638.2,D,140.4,N,2122.7185252043764,38.29277216870133,0.2928765060240964,26.386601618076526,0.4231096622229569,21.580000000000002,0.3824613474831657,0,LOW
ASSAM,GOLAGHAT,2026-09-20,0.0,3.1,21.8,48.2,7.3,NR,0.0,NR,638.2,D,140.4,N,148.62166285281322,12.316127359467295,0.29268072289156627,22.678653428697658,0.8350112175166219,13.455000000000002,0.209102985941579,0,LOW
ASSAM,GOLAGHAT,2026-09-21,0.2,3.3000000000000003,16.6,48.3,5.6,LD,28.1,D,855.2,N,140.6,N,1151.6000866355673,7.7339156158250955,0.2825,29.46247632543718,0.5926033287637351,12.29,0.17840415374469434,0,LOW
ASSAM,HAILAKANDI,2026-08-19,22.7,22.7,22.7,22.7,10.9,LE,22.7,LE,615.0,D,135.8,N,2236.5948397339494,31.23812440498744,0.29444277108433736,15.404682923217756,0.5600531450958753,22.7,0.3593974158782335,0,LOW
ASSAM,HAILAKANDI,2026-08-20,2.4,25.1,25.1,25.1,10.4,LD,79.6,N,617.4,D,138.1,N,1886.5656163610254,7.078100150322237,0.2991415662650602,29.184868760129557,0.492105776951953,17.155,0.21346698024271749,0,LOW
ASSAM,HAILAKANDI,2026-08-21,15.4,40.5,40.5,40.5,6.2,LE,79.6,N,873.0,D,153.5,N,2479.928905419189,40.69925676558722,0.3292921686746988,23.453862411587114,0.3318065218466124,31.715,0.4726229342307701,1,MEDIUM
ASSAM,HAILAKANDI,2026-08-22,0.9,18.7,41.4,41.4,5.8,LD,79.6,N,633.7,D,154.5,N,1351.9638384132472,32.66216588429674,0.3310542168674699,26.444740460418103,0.661727728021697,21.55,0.36485830840072947,0,LOW
ASSAM,HAILAKANDI,2026-08-23,1.8,18.1,43.2,43.2,8.5,LD,1.8,LD,635.5,D,156.2,N,1666.9895110628206,43.08802901635648,0.33457831325301207,21.35878304282263,0.5084795188034884,22.435000000000002,0.4182033978839391,1,MEDIUM
ASSAM,HAILAKANDI,2026-08-24,9.0,11.7,52.2,52.2,8.9,N,79.6,N,644.5,D,165.2,N,791.0766887879239,17.555466252529428,0.3521987951807229,21.26659361573587,0.8107675062133852,26.955,0.34044154522595543,0,LOW
ASSAM,HAILAKANDI,2026-08-25,3.7,14.5,55.9,55.9,6.5,D,79.6,N,873.0,D,168.9,N,2371.462219181681,24.446332368064834,0.35944277108433736,15.539191597785091,0.8290583011713389,27.28,0.3748311100395751,0,LOW
ASSAM,HAILAKANDI,2026-08-26,0.8,13.499999999999998,34.00000000000001,56.7,10.0,LD,115.3,E,649.0,D,169.7,N,947.521946963514,34.66761460180476,0.316566265060241,22.204420317293227,0.7105845132099706,20.660000000000004,0.36453511198156124,0,LOW
ASSAM,HAILAKANDI,2026-08-27,6.0,10.499999999999998,37.6,62.7,8.0,D,6.0,D,655.0,D,175.7,N,1859.35124608224,14.711159418432821,0.3236144578313253,21.94202132212861,0.39549685822152114,23.53,0.29768995811541,0,LOW
ASSAM,HAILAKANDI,2026-08-28,17.0,23.8,39.2,79.7,7.2,LE,17.0,LE,672.0,D,192.8,N,1037.6935000917506,26.673952804466676,0.32674698795180723,18.82144873175721,0.6795878084823799,33.655,0.42359618038713637,1,MEDIUM
ASSAM,HAILAKANDI,2026-08-29,0.9,23.899999999999995,39.2,80.6,4.8,LD,115.3,E,672.9,D,193.6,N,1426.4563786543483,31.378691000219124,0.32674698795180723,19.204495650176046,0.2622530505790333,28.18,0.4055123691686912,1,MEDIUM
ASSAM,HAILAKANDI,2026-08-30,0.1,17.999999999999996,37.5,80.7,8.4,LD,115.3,E,673.0,D,193.7,N,1813.4672108027883,44.15234617788165,0.3234186746987952,24.9303728675227,0.7458403016850357,26.015,0.44619905749859673,1,MEDIUM
ASSAM,HAILAKANDI,2026-08-31,8.2,9.199999999999996,36.7,88.9,5.9,E,115.3,E,681.2,D,201.9,N,1296.8886717908179,34.78813176969539,0.3218524096385542,20.40211452317155,0.5461711402543175,27.68,0.41612544973368654,1,MEDIUM
ASSAM,HAILAKANDI,2026-09-01,27.4,35.7,60.39999999999999,116.3,5.9,LE,115.3,E,988.4,N,27.4,LE,2272.3615009282958,9.72523401116296,0.3682530120481928,29.114282453293924,0.8120437899311118,51.059999999999995,0.4805307271539056,1,MEDIUM
ASSAM,HAILAKANDI,2026-09-02,13.9,49.49999999999999,73.5,130.2,7.0,LE,136.5,LE,722.5,N,41.3,LE,1077.287420423135,24.01333805533241,0.39390060240963853,16.89354681657013,0.476656024795579,55.144999999999996,0.578256903294286,1,MEDIUM
ASSAM,HAILAKANDI,2026-09-03,3.8,45.1,71.3,111.3,10.5,LD,136.5,LE,1124.9,N,45.1,LE,1635.3259054511466,28.550831319582883,0.38959337349397594,24.81996409177574,0.4079041626903066,47.125,0.540442469544154,1,MEDIUM
ASSAM,HAILAKANDI,2026-09-04,22.5,40.2,76.8,131.4,8.5,LE,136.5,LE,748.8,N,67.6,LE,888.7879615851326,10.86492571457411,0.4003614457831325,17.72076036136474,0.8470338032536235,56.835,0.5331481134309706,1,MEDIUM
ASSAM,HAILAKANDI,2026-09-05,3.1,29.4,78.99999999999999,119.1,7.7,LD,136.5,LE,752.0,N,70.8,LE,1049.983837165982,22.278642279243137,0.4046686746987952,23.9800906576512,0.5684067229072451,46.05,0.5079248252536066,1,MEDIUM
ASSAM,HAILAKANDI,2026-09-06,3.6,29.2,82.5,121.8,5.1,D,3.6,D,755.6,N,74.4,LE,1128.1227651722033,16.36023265343292,0.4115210843373494,24.393280078155417,0.7679095254462629,47.455,0.4929978819434907,1,MEDIUM
ASSAM,HAILAKANDI,2026-09-07,0.4,7.1000000000000005,74.69999999999999,120.4,8.9,LD,136.5,LE,756.0,N,74.7,E,358.22719486509885,9.753101690481039,0.39625,25.919060670937398,0.7966342984126051,38.64999999999999,0.3978681279185138,0,LOW
ASSAM,HAILAKANDI,2026-09-08,10.6,14.6,57.900000000000006,122.0,8.0,E,10.6,E,766.6,N,85.4,E,274.72301369456636,25.48167733853818,0.3633584337349398,22.266224103639193,0.5610812276688539,40.135000000000005,0.47177098468451206,1,MEDIUM
ASSAM,HAILAKANDI,2026-09-09,2.0,13.0,46.0,120.29999999999998,7.0,LD,64.4,N,768.6,N,87.4,E,1685.350311709557,11.625323240493817,0.34006024096385545,23.661069647197323,0.5234283553115127,33.495,0.35823648929259144,0,LOW
ASSAM,HAILAKANDI,2026-09-10,0.7,13.3,42.9,120.2,7.0,LD,64.4,N,1189.3,N,88.0,N,1656.018458940478,28.621496343428934,0.3339909638554217,18.076194473381985,0.58173157286341,32.325,0.424228268165199,1,MEDIUM
ASSAM,HAILAKANDI,2026-09-11,0.8,3.5,21.2,115.0,6.9,LD,64.4,N,770.1,N,88.8,N,1674.1287998147334,11.787877289674618,0.29150602409638554,22.871260945517605,0.7586437017288484,23.705,0.2795222822023392,0,LOW
ASSAM,HAILAKANDI,2026-09-12,7.8,9.3,25.9,105.8,6.6,N,7.8,N,777.8,N,96.6,N,98.42779108959459,33.94379694411285,0.3007078313253012,21.341516614602938,0.8287961389604798,27.4,0.40614973348523203,1,MEDIUM
ASSAM,HAILAKANDI,2026-09-13,0.3,8.9,22.6,105.2,7.4,LD,64.4,N,778.1,N,96.9,N,850.0397645458607,12.809664921186815,0.29424698795180726,26.324228779124965,0.4469932656218297,23.759999999999998,0.2850034714601807,0,LOW
ASSAM,HAILAKANDI,2026-09-14,0.1,8.2,22.3,105.2,4.6,LD,0.1,LD,778.2,D,97.0,N,534.6341257850324,40.85140403104598,0.2936596385542169,22.391969299440262,0.693178229271908,23.439999999999998,0.4072368659103309,1,MEDIUM
ASSAM,HAILAKANDI,2026-09-15,0.1,0.5,11.8,97.1,9.8,LD,64.4,N,1189.3,N,97.1,N,1956.4709852328303,6.048374261952354,0.2731024096385542,28.24880806666374,0.4212246863739757,17.674999999999997,0.20738610622682202,0,LOW
ASSAM,HAILAKANDI,2026-09-16,0.6,0.8,10.4,70.3,4.2,LD,0.6,LD,778.9,D,97.7,N,2158.5444834205186,25.879895481829436,0.27036144578313254,22.241865675752766,0.6165718247989032,13.555,0.2656347591688404,0,LOW
ASSAM,HAILAKANDI,2026-09-17,0.2,0.8999999999999999,9.9,56.6,7.3,LD,79.3,N,779.2,D,97.9,D,654.366924204061,17.804190635461875,0.2693825301204819,19.008109940557297,0.7328737529309624,11.26,0.21320162548447755,0,LOW
ASSAM,HAILAKANDI,2026-09-18,0.1,0.8999999999999999,9.2,52.9,4.7,LD,0.1,LD,779.3,D,98.1,D,1686.2304391775665,14.003061030983632,0.2680120481927711,19.65270822229594,0.781891794796776,10.495,0.19058517674155834,0,LOW
ASSAM,HAILAKANDI,2026-09-19,0.2,0.5,1.6,30.6,3.3,LD,0.2,LD,779.6,D,98.3,D,366.9388684727724,23.864111166605923,0.2531325301204819,15.769848826557821,0.5192297105675481,5.185,0.1936175582370745,0,LOW
ASSAM,HAILAKANDI,2026-09-20,0.4,0.7,1.7,27.9,7.1,LD,0.4,LD,780.0,D,98.8,D,724.1236877241977,38.68078145297043,0.253328313253012,24.17861978021547,0.4718534095395349,4.925,0.25765682439634235,0,LOW
ASSAM,HAILAKANDI,2026-09-21,2.1,2.7,3.7,26.4,4.6,D,79.3,N,1268.6,N,100.8,D,389.70351577187785,41.61108822106595,0.2572439759036145,29.12497502630547,0.4020709672065327,6.295,0.28122088493587094,0,LOW
ASSAM,HOJAI,2026-08-19,6.9,6.9,6.9,6.9,7.5,N,6.9,N,410.7,D,127.3,N,744.6258781681115,17.12994472591383,0.2635090361445783,28.074899015898694,0.33005030225091253,6.9,0.1779777141526751,0,LOW
ASSAM,HOJAI,2026-08-20,0.0,6.9,6.9,6.9,7.1,NR,0.0,NR,410.7,D,127.3,N,1703.1045410057309,11.16974488380285,0.2635090361445783,22.442420927754014,0.46895054118620444,4.485,0.13428795033806534,0,LOW
ASSAM,HOJAI,2026-08-21,33.1,40.0,40.0,40.0,8.8,LE,33.1,LE,443.8,D,160.4,N,2280.3009299538685,33.80561790265229,0.32831325301204817,18.33404603745671,0.7731866828487083,37.585,0.4835957632555282,1,MEDIUM
ASSAM,HOJAI,2026-08-22,0.0,33.1,40.0,40.0,5.6,NR,0.0,NR,443.8,D,160.4,N,546.1798994142556,28.27994901823953,0.32831325301204817,29.679235536056698,0.501285709726383,24.275,0.3642414487560348,0,LOW
ASSAM,HOJAI,2026-08-23,2.5,35.6,42.5,42.5,6.2,LD,2.5,LD,446.3,D,162.9,N,1378.093635629262,13.040645947102396,0.3332078313253012,15.965277578766162,0.44037589948673317,26.775,0.31529549784154143,0,LOW
ASSAM,HOJAI,2026-08-24,29.4,31.9,71.9,71.9,5.5,LE,29.4,LE,475.7,D,192.3,N,1768.408198046409,35.41183152349746,0.39076807228915666,21.786786328442396,0.6934793467518489,47.025000000000006,0.5704585287710274,1,MEDIUM
ASSAM,HOJAI,2026-08-25,0.0,31.9,71.9,71.9,6.4,NR,0.0,NR,475.7,D,192.3,N,2384.660047789636,25.757217409685644,0.39076807228915666,29.562457420527167,0.37935068297556324,36.735,0.45426223269316446,1,MEDIUM
ASSAM,HOJAI,2026-08-26,0.0,29.4,65.0,71.9,6.0,NR,0.0,NR,475.7,D,192.3,N,1544.6481830735759,31.135807980296303,0.37725903614457834,21.68400368587134,0.40377208149260946,34.385000000000005,0.45872822530783863,1,MEDIUM
ASSAM,HOJAI,2026-08-27,7.9,7.9,72.89999999999999,79.8,9.3,N,7.9,N,483.6,D,200.2,N,675.0119810170827,19.37356135853555,0.3927259036144578,17.003883002868317,0.8115451890029814,34.934999999999995,0.4134621283943513,1,MEDIUM
ASSAM,HOJAI,2026-08-28,0.0,7.9,39.8,79.8,7.0,NR,0.0,NR,483.6,D,200.2,N,1582.4214844391438,22.56390245209504,0.32792168674698796,19.521141505878532,0.29895381557033,23.894999999999996,0.3360520679651606,0,LOW
ASSAM,HOJAI,2026-08-29,16.9,24.8,56.7,96.7,6.6,LE,16.9,LE,500.5,D,217.1,N,835.2033461111396,12.213683934997688,0.3610090361445783,25.200500509630125,0.49877870814605396,40.795,0.41703286308891685,1,MEDIUM
ASSAM,HOJAI,2026-08-30,1.7,18.6,55.9,98.4,8.8,LD,1.7,LD,502.1,D,218.8,N,2441.514557194684,35.26063470581364,0.35944277108433736,17.584610430807704,0.5960507154368826,33.98,0.4706130656945905,1,MEDIUM
ASSAM,HOJAI,2026-08-31,6.8,25.399999999999995,33.3,105.2,5.2,E,6.8,E,509.0,D,225.6,N,1029.2065311509105,11.280452966071675,0.3151957831325301,26.13390055632005,0.3881564293687634,32.835,0.3470302234573488,0,LOW
ASSAM,HOJAI,2026-09-01,20.5,29.0,53.8,125.7,8.6,LE,20.5,LE,529.5,D,20.5,LE,1729.2979158644848,36.13210379004245,0.3553313253012048,22.44875283038718,0.4186074905408318,46.730000000000004,0.5644713558702102,1,MEDIUM
ASSAM,HOJAI,2026-09-02,6.0,33.3,59.8,131.7,3.9,E,6.0,E,535.5,D,26.5,LE,106.90757674955827,36.92031419538344,0.36707831325301205,20.684621513948873,0.3831072188491986,45.129999999999995,0.5589284744691138,1,MEDIUM
ASSAM,HOJAI,2026-09-03,0.2,26.7,52.1,125.0,5.3,LD,0.2,LD,535.7,D,26.7,E,1030.1505430301506,34.86403856220487,0.3520030120481928,19.095733168893787,0.4571113432363849,38.519999999999996,0.4996970149991626,1,MEDIUM
ASSAM,HOJAI,2026-09-04,35.8,41.99999999999999,87.9,160.79999999999998,7.1,LE,35.8,LE,571.4,N,62.4,LE,2194.0136526401534,5.776911522349617,0.4220933734939759,28.99660975956406,0.789103453047069,69.125,0.602412298015391,1,MEDIUM
ASSAM,HOJAI,2026-09-05,7.1,43.1,78.1,134.79999999999998,7.1,N,7.1,N,578.5,N,69.5,LE,1545.0572388614523,15.925328504266943,0.4029066265060241,21.743457106877827,0.508952407942999,53.004999999999995,0.5288700028815589,1,MEDIUM
ASSAM,HOJAI,2026-09-06,0.0,42.89999999999999,76.4,134.79999999999998,6.1,NR,0.0,NR,578.5,N,69.5,LE,1137.660071670142,23.73350971167255,0.3995783132530121,27.55414751530587,0.5006974099140591,50.044999999999995,0.5418258105746473,1,MEDIUM
ASSAM,HOJAI,2026-09-07,0.0,7.0999999999999925,69.6,132.29999999999998,5.5,NR,0.0,NR,578.5,N,69.5,LE,2343.0468736175285,28.821775148671833,0.38626506024096385,22.486038274835536,0.48194852810463357,39.019999999999996,0.48325599443648526,1,MEDIUM
ASSAM,HOJAI,2026-09-08,0.0,0.0,49.1,102.9,6.5,NR,0.0,NR,578.5,N,69.5,E,2142.2617215607115,41.768883974762005,0.3461295180722892,16.56174217707525,0.8284694361625445,27.71,0.4522201012078201,1,MEDIUM
ASSAM,HOJAI,2026-09-09,54.6,54.6,97.7,157.5,10.4,LE,54.6,LE,633.1,N,124.2,LE,839.4284008661987,20.02423888514809,0.4412801204819277,22.488601577843426,0.32037966173188936,80.81,0.7527933984416032,2,HIGH
ASSAM,HOJAI,2026-09-10,0.0,54.6,97.5,157.5,6.0,NR,0.0,NR,633.1,N,124.2,LE,1384.143585001282,40.000932750958164,0.44088855421686746,23.630692255507988,0.7731252525636199,61.65,0.7050400409852233,2,HIGH
ASSAM,HOJAI,2026-09-11,0.0,54.6,61.7,149.6,8.3,NR,0.0,NR,633.1,N,124.1,LE,1250.0694274265336,11.537171525473461,0.37079819277108433,22.783317289387405,0.4462966406367853,51.515,0.4923333961292547,1,MEDIUM
ASSAM,HOJAI,2026-09-12,9.8,9.799999999999994,64.4,159.4,6.8,E,9.8,E,642.9,N,133.9,LE,1598.8961252814127,19.851219500345078,0.3760843373493976,28.876109099720633,0.823906955023212,45.89,0.4902798684648828,1,MEDIUM
ASSAM,HOJAI,2026-09-13,2.1,11.899999999999991,66.5,144.6,5.6,LD,2.1,LD,645.0,N,136.0,E,868.5726040489512,7.09128043285292,0.3801957831325301,30.4844729337315,0.43913634774619525,42.02499999999999,0.4068642163921287,1,MEDIUM
ASSAM,HOJAI,2026-09-14,0.0,11.899999999999991,66.5,142.9,4.8,NR,0.0,NR,645.0,N,136.0,E,648.3022518764262,34.69957164222489,0.3801957831325301,28.37523747858758,0.2997246179537923,41.035,0.5225168066375742,1,MEDIUM
ASSAM,HOJAI,2026-09-15,0.0,2.099999999999993,66.5,136.1,6.7,NR,0.0,NR,645.0,N,136.0,E,2286.0459963760636,11.026110297316517,0.3801957831325301,24.907292337586313,0.5620251306115095,37.565,0.3925875703015535,0,LOW
ASSAM,HOJAI,2026-09-16,0.0,0.0,11.9,115.6,5.4,NR,0.0,NR,645.0,N,136.0,E,2313.4925237713405,15.280800625938312,0.27329819277108436,24.204649329433142,0.38671934758594617,20.315,0.2672607388905608,0,LOW
ASSAM,HOJAI,2026-09-17,0.0,0.0,11.9,109.6,6.0,NR,0.0,NR,645.0,N,136.0,E,2116.1410701168484,36.00933008772859,0.27329819277108436,25.958472512102205,0.7017938892840254,19.415,0.35297760355247,0,LOW
ASSAM,HOJAI,2026-09-18,1.5,1.499999999999993,13.4,110.9,5.2,LD,1.5,LD,646.5,N,137.5,E,2446.6008553731754,26.3886686969084,0.2762349397590361,19.893115039469368,0.6443833709967726,20.884999999999998,0.3212760150249594,0,LOW
ASSAM,HOJAI,2026-09-19,0.0,1.499999999999993,3.6,75.1,5.1,NR,0.0,NR,646.5,N,137.5,N,1875.229238160237,5.558908776738503,0.2570481927710843,28.801396384527646,0.661881494753426,12.539999999999997,0.16542763216576178,0,LOW
ASSAM,HOJAI,2026-09-20,0.7,2.199999999999993,2.2,68.7,4.0,LD,0.7,LD,647.2,N,138.2,N,1923.434709976899,5.089408189895885,0.25430722891566265,29.566419019262234,0.36609369316638196,11.649999999999999,0.15645405865095213,0,LOW
ASSAM,HOJAI,2026-09-21,3.0,3.699999999999993,5.2,71.7,5.8,D,0.7,LD,647.2,N,141.2,N,1918.3457253084698,25.42642526959588,0.26018072289156624,19.542691774091118,0.6751781589310843,14.03,0.2649662115910142,0,LOW
ASSAM,JORHAT,2026-08-19,0.7,0.7,0.7,0.7,23.8,LD,0.7,LD,1256.8,D,231.7,D,1227.488695808651,17.198220549967793,0.25137048192771083,30.34790953838132,0.43679861618820237,0.7,0.13169613556565826,0,LOW
ASSAM,JORHAT,2026-08-20,37.5,38.2,38.2,38.2,18.3,LE,63.9,N,1294.3,D,269.2,D,1168.3078765599655,12.212457839807085,0.32478915662650604,29.428456307858347,0.8492044168360426,37.955,0.38955653835470516,0,LOW
ASSAM,JORHAT,2026-08-21,9.0,47.2,47.2,47.2,12.2,D,63.9,N,665.2,D,278.2,D,638.5543765650577,29.543757508644436,0.34240963855421686,22.216275047202675,0.6890605978444038,33.83,0.440729773932362,1,MEDIUM
ASSAM,JORHAT,2026-08-22,13.6,60.1,60.8,60.8,14.7,N,63.9,N,1316.9,D,291.8,D,1629.8070261802616,14.137458868697085,0.36903614457831324,30.453003435576676,0.6042469044451076,44.105,0.450762704538125,1,MEDIUM
ASSAM,JORHAT,2026-08-23,0.0,22.6,60.8,60.8,10.1,NR,0.0,NR,1316.9,D,291.8,D,758.8343334507196,28.68828598739792,0.36903614457831324,17.04746289479564,0.7702706675293288,29.97,0.4147614892963706,1,MEDIUM
ASSAM,JORHAT,2026-08-24,0.0,13.6,60.8,60.8,15.2,ND,63.9,N,1316.9,D,291.8,D,681.6306037707683,20.170638023450916,0.36903614457831324,15.475771506551306,0.6035870198316562,27.72,0.36088044375815387,0,LOW
ASSAM,JORHAT,2026-08-25,0.7,0.7,61.5,61.5,12.0,LD,63.9,N,665.2,D,292.6,D,1485.605366535334,12.469848706791588,0.3704066265060241,20.913736035098925,0.58164992006532,25.02,0.3076990110092897,0,LOW
ASSAM,JORHAT,2026-08-26,14.1,14.8,74.9,75.6,12.0,N,22.9,LD,1331.8,D,306.7,D,1054.4568511513557,10.524189514749946,0.39664156626506025,24.612406880064867,0.3923893616832277,38.699999999999996,0.40172960555416803,1,MEDIUM
ASSAM,JORHAT,2026-08-27,2.2,17.0,39.6,77.8,12.8,LD,2.2,LD,1333.9,D,308.8,D,586.1986915468489,14.474424125091524,0.3275301204819277,20.974524447058727,0.656867197195255,26.59,0.31921470580279754,0,LOW
ASSAM,JORHAT,2026-08-28,8.9,25.2,39.5,86.7,18.2,D,8.9,D,1342.8,D,317.7,D,2049.3372410444363,6.193284320519403,0.3273343373493976,31.015151472413113,0.4747866569496768,32.295,0.3230023361084169,0,LOW
ASSAM,JORHAT,2026-08-29,26.0,37.1,51.9,112.7,12.6,LE,22.9,LD,1368.8,D,343.7,D,2158.396302271221,17.32507848145074,0.3516114457831325,19.330073893937467,0.2758495766872782,48.255,0.4910018760869911,1,MEDIUM
ASSAM,JORHAT,2026-08-30,0.0,34.9,51.9,112.7,16.6,NR,22.9,LD,1368.8,D,343.7,D,460.86382321056334,41.078187607271765,0.3516114457831325,19.78062769107554,0.7396370778219745,38.605000000000004,0.5278425245024635,1,MEDIUM
ASSAM,JORHAT,2026-08-31,31.0,57.0,82.9,143.7,15.1,LE,22.9,LD,1399.8,D,374.7,D,68.39223035999967,38.25448503532113,0.4123042168674699,25.79206941326254,0.28112389998924514,67.38,0.7323710900912377,2,HIGH
ASSAM,JORHAT,2026-09-01,1.0,32.0,83.19999999999999,144.7,13.3,LD,22.9,LD,688.0,D,1.0,LD,873.5184228969656,19.880150268786355,0.4128915662650602,15.06568599980904,0.6533800737043155,50.855,0.5331313588601168,1,MEDIUM
ASSAM,JORHAT,2026-09-02,5.3,37.3,74.4,150.0,9.5,D,43.9,D,1406.1,D,6.3,LD,2003.9015474178436,28.033344743272153,0.3956626506024097,27.368469890028187,0.3440325348909491,52.28,0.5760710561120987,1,MEDIUM
ASSAM,JORHAT,2026-09-03,15.3,21.6,87.5,164.60000000000002,12.4,E,43.9,D,732.0,D,21.6,D,2105.975972274095,27.69442236056234,0.42131024096385544,21.41698121258367,0.5095417099425184,57.31999999999999,0.6155898769813217,1,MEDIUM
ASSAM,JORHAT,2026-09-04,0.6,21.200000000000003,79.19999999999999,127.7,15.9,LD,43.9,D,1422.0,D,22.2,D,388.9062217843206,38.149501567748494,0.4050602409638554,31.62171374993603,0.7654549951280324,44.465,0.5672516867672143,1,MEDIUM
ASSAM,JORHAT,2026-09-05,16.7,32.6,69.9,135.4,19.4,N,43.9,D,1438.7,D,38.9,D,1947.1229578984753,14.451604060678624,0.3868524096385542,26.75409908150573,0.30665172946848795,51.78,0.5103846421377745,1,MEDIUM
ASSAM,JORHAT,2026-09-06,2.7,20.0,72.60000000000001,124.5,19.6,LD,2.7,LD,1441.4,D,41.6,D,333.47520990810216,16.855499551720495,0.3921385542168675,15.887654236399833,0.6502904071315725,42.77,0.45795530007596935,1,MEDIUM
ASSAM,JORHAT,2026-09-07,0.0,19.4,41.6,124.5,13.1,NR,43.9,D,1441.4,D,41.6,LD,1005.6533458834966,17.07141734982446,0.33144578313253015,16.57467274861355,0.6175712454916511,33.925,0.3837809839531298,0,LOW
ASSAM,JORHAT,2026-09-08,4.2,6.9,44.8,128.70000000000002,11.1,LD,4.2,LD,1445.6,D,45.8,LD,2496.5933117791938,6.634799590866973,0.337710843373494,16.498857817710697,0.7705178478137756,33.7,0.33704654494722186,0,LOW
ASSAM,JORHAT,2026-09-09,6.7,10.9,46.2,134.7,13.2,D,41.7,D,1452.3,D,52.5,D,521.8475169157291,17.587514531567688,0.34045180722891566,31.194578418163044,0.35364092279444004,36.825,0.40853018240630784,1,MEDIUM
ASSAM,JORHAT,2026-09-10,0.0,10.9,30.9,120.6,10.7,NR,41.7,D,773.6,D,52.5,LD,427.21077731518477,40.116551063520276,0.31049698795180725,26.62887620069899,0.7298725027814829,28.54,0.44366127596178206,1,MEDIUM
ASSAM,JORHAT,2026-09-11,0.0,6.7,30.3,118.4,10.0,ND,41.7,D,1452.3,D,52.5,LD,1085.8608147396442,41.47950590285924,0.3093222891566265,22.269302123911906,0.5200727180447969,27.01,0.43858702725819376,1,MEDIUM
ASSAM,JORHAT,2026-09-12,42.4,42.4,56.0,151.9,7.6,LE,42.4,LE,1494.7,D,94.9,D,1568.1878886261604,9.385413830742015,0.35963855421686747,18.408205727960528,0.5071863474959473,62.224999999999994,0.5568163029442375,1,MEDIUM
ASSAM,JORHAT,2026-09-13,1.0,43.4,54.3,126.9,14.3,LD,41.7,D,1495.7,D,95.9,D,2335.6069169124703,23.322341664737255,0.35631024096385544,29.851875689408654,0.46707061050392495,43.81,0.4869381915542075,1,MEDIUM
ASSAM,JORHAT,2026-09-14,0.0,43.4,54.3,126.9,11.7,NR,0.0,NR,1495.7,D,95.9,D,2453.011806555934,20.253956063505566,0.35631024096385544,18.42645077041279,0.48134448771755073,43.459999999999994,0.4708081705141592,1,MEDIUM
ASSAM,JORHAT,2026-09-15,0.0,1.0,50.1,95.9,15.1,NR,41.7,D,773.6,D,95.9,D,220.61955964891686,24.574367864935518,0.34808734939759034,27.013546680088897,0.561975775855135,27.16,0.3722744146288446,0,LOW
ASSAM,JORHAT,2026-09-16,1.8,1.8,45.2,96.7,12.7,LD,1.8,LD,1497.5,D,97.7,D,388.0939175023681,27.18878096234709,0.33849397590361446,27.97651414627088,0.31407989375407946,26.884999999999998,0.38001676307391963,0,LOW
ASSAM,JORHAT,2026-09-17,39.8,41.6,85.0,131.2,11.8,LE,15.3,LD,1537.3,D,137.5,D,1987.308036045185,5.810350400709843,0.4164156626506024,20.009153510541942,0.5050395219237747,65.25999999999999,0.5738982721544574,1,MEDIUM
ASSAM,JORHAT,2026-09-18,26.5,68.1,111.5,142.39999999999998,10.0,LE,26.5,LE,1563.8,D,164.0,D,713.0487730636081,38.68968991684643,0.46829819277108437,23.58355053190092,0.6411887290357137,75.535,0.8035852438287595,2,HIGH
ASSAM,JORHAT,2026-09-19,0.0,66.3,69.1,141.79999999999998,13.7,NR,0.0,NR,1563.8,D,164.0,D,2217.8801957905835,43.94656292693354,0.3852861445783132,18.790817799412697,0.5489154120629887,55.11999999999999,0.6649480685755246,1,MEDIUM
ASSAM,JORHAT,2026-09-20,0.0,26.5,68.1,125.1,12.6,NR,0.0,NR,1563.8,D,164.0,D,1675.4604802112626,31.13619248014569,0.38332831325301203,21.441804176743467,0.34949768130977366,42.41499999999999,0.5171346357919248,1,MEDIUM
ASSAM,JORHAT,2026-09-21,0.0,0.0,68.1,122.39999999999998,7.4,NR,15.3,LD,789.0,D,164.0,D,324.01976583265906,31.41808953973477,0.38332831325301203,31.40728477076015,0.4678310210749792,35.38499999999999,0.4683188131559713,1,MEDIUM
ASSAM,KAMRUP METRO,2026-08-19,1.9,1.9,1.9,1.9,16.1,LD,1.9,LD,1723.8,E,8.0,LD,2089.6967480638177,26.119194313228338,0.2537198795180723,26.783346589125316,0.5157770046555579,1.8999999999999997,0.18036136462628524,0,LOW
ASSAM,KAMRUP METRO,2026-08-20,42.9,44.8,44.8,44.8,17.4,LE,39.5,D,1766.8,E,8.0,LD,482.0731310197858,18.37093646857527,0.337710843373494,29.392441505238757,0.6513248887797809,44.13499999999999,0.4635267647281545,1,MEDIUM
ASSAM,KAMRUP METRO,2026-08-21,1.4,46.2,46.2,46.2,17.4,LD,39.5,D,615.0,D,8.0,LD,1087.5637169651518,10.959112967180843,0.34045180722891566,24.190192714934597,0.7904597935224986,30.520000000000003,0.3341654785369998,0,LOW
ASSAM,KAMRUP METRO,2026-08-22,26.1,70.4,72.3,72.3,18.3,E,39.5,D,1794.3,E,8.0,LD,1402.8530749703584,28.362533707842026,0.3915512048192771,19.063675616573054,0.5802253075526911,55.655,0.6007490775679056,1,MEDIUM
ASSAM,KAMRUP METRO,2026-08-23,0.0,27.5,72.3,72.3,19.7,NR,0.0,NR,1794.3,N,8.0,LD,1276.8770652466817,6.797656140368282,0.3915512048192771,27.118957563342292,0.6558208768704185,35.795,0.3634593235919061,0,LOW
ASSAM,KAMRUP METRO,2026-08-24,12.8,38.900000000000006,85.1,85.1,22.4,D,39.5,D,1807.1,N,8.0,LD,1731.0991432571186,37.98010270767496,0.41661144578313253,23.50965533343963,0.29631377526364266,48.245000000000005,0.5957307622819205,1,MEDIUM
ASSAM,KAMRUP METRO,2026-08-25,21.1,33.900000000000006,106.2,106.2,19.5,N,39.5,D,615.0,D,8.0,LD,1649.0825004296753,21.83646797882462,0.45792168674698797,18.00643075782,0.8226802176085558,58.34,0.6041414040024125,1,MEDIUM
ASSAM,KAMRUP METRO,2026-08-26,1.6,35.5,105.9,107.8,15.5,LD,34.0,D,1829.8,N,8.0,LD,2480.5029135437344,21.59016896647899,0.4573343373493976,22.011308123509576,0.43912521421331374,52.08,0.5583446271321829,1,MEDIUM
ASSAM,KAMRUP METRO,2026-08-27,23.3,46.0,86.30000000000001,131.1,18.5,E,23.3,E,1853.2,N,8.0,LD,2498.58367759926,18.08683433903623,0.41896084337349404,25.7922837232772,0.4625750498127529,60.895,0.5978812843477114,1,MEDIUM
ASSAM,KAMRUP METRO,2026-08-28,27.4,52.3,112.3,158.5,12.6,LE,27.4,LE,1880.6,N,8.0,LD,1315.3255364573204,43.77415554794346,0.4698644578313253,27.50064156359805,0.3837056683849076,74.51499999999999,0.8192315311957182,2,HIGH
ASSAM,KAMRUP METRO,2026-08-29,3.1,53.8,89.3,161.6,11.8,LD,34.0,D,1883.7,N,8.0,LD,283.2377630541168,11.996678110828753,0.4248343373493976,19.13475353013598,0.3008020430593295,61.099999999999994,0.5734486624107917,1,MEDIUM
ASSAM,KAMRUP METRO,2026-08-30,1.1,31.6,90.4,162.7,14.5,LD,34.0,D,1884.8,N,8.0,LD,1833.21608247336,11.052312859008445,0.4269879518072289,29.89195476893863,0.7240280740851107,55.29,0.5283025281647831,1,MEDIUM
ASSAM,KAMRUP METRO,2026-08-31,35.6,39.8,113.20000000000002,198.3,12.8,LE,34.0,D,1920.4,N,8.0,LD,2442.8269916306435,11.621260061801205,0.4716265060240964,21.452368820269527,0.3942940490237037,80.455,0.7189877405619988,2,HIGH
ASSAM,KAMRUP METRO,2026-09-01,35.1,71.80000000000001,127.2,233.4,14.0,LE,34.0,D,649.0,D,8.0,LD,829.8996496910997,31.34109931403056,0.49903614457831325,19.609324204176723,0.4196126412071879,97.045,0.8391010036446873,2,HIGH
ASSAM,KAMRUP METRO,2026-09-02,25.8,96.5,151.4,259.2,16.5,E,73.5,E,1981.3,N,8.0,LD,1179.9617703020558,44.67581274918393,0.5464156626506025,18.317040942713323,0.35907776596376356,109.88499999999999,0.9078423003042713,2,HIGH
ASSAM,KAMRUP METRO,2026-09-03,0.0,60.900000000000006,128.1,257.3,13.0,NR,73.5,E,722.5,N,8.0,LD,1090.703465797867,14.419006816070187,0.5007981927710843,28.67091268485055,0.834931168179328,85.845,0.7642441132923066,2,HIGH
ASSAM,KAMRUP METRO,2026-09-04,36.5,62.3,137.2,250.9,17.4,LE,73.5,E,2017.8,N,8.0,LD,175.97692866447693,41.224695882699514,0.5186144578313253,21.020797774423063,0.7186208783675226,100.285,0.8869437621560408,2,HIGH
ASSAM,KAMRUP METRO,2026-09-05,28.9,65.4,163.0,278.40000000000003,15.5,LE,73.5,E,2046.7,E,8.0,LD,1697.0478564974399,16.144662368326898,0.5691265060240964,23.217783474094887,0.8079397899884203,108.97500000000001,0.7855793561751611,2,HIGH
ASSAM,KAMRUP METRO,2026-09-06,8.3,73.7,170.20000000000002,260.6,11.8,D,8.3,D,2055.0,N,8.0,LD,915.6773529177461,30.915996805012007,0.5832228915662651,18.787937000585885,0.7670340202321062,102.97000000000001,0.8540490085577508,2,HIGH
ASSAM,KAMRUP METRO,2026-09-07,0.2,37.4,134.79999999999998,260.8,11.8,LD,73.5,E,2055.2,N,8.0,LD,1979.2864928471804,6.619958077334709,0.5139156626506024,26.663548209871834,0.793778079727157,82.24,0.7179305967437765,2,HIGH
ASSAM,KAMRUP METRO,2026-09-08,21.6,30.1,121.3,269.6,11.4,LE,21.6,LE,2076.8,N,8.0,LD,2088.6941844408657,24.82615898304756,0.4874849397590362,28.27756792839118,0.5374204311095159,85.85,0.8078354723209076,2,HIGH
ASSAM,KAMRUP METRO,2026-09-09,0.1,21.9,95.6,248.6,10.8,LD,46.1,N,2076.9,N,8.0,LD,2062.0154271647216,31.18279865115927,0.43716867469879517,20.77022923220681,0.3523248624142603,66.69999999999999,0.7010712039464362,2,HIGH
ASSAM,KAMRUP METRO,2026-09-10,0.0,21.700000000000003,95.6,247.0,16.5,NR,46.1,N,768.6,N,8.0,LD,1070.8316951977063,26.452791088905144,0.43716867469879517,31.066349551313834,0.4461282006145266,66.375,0.6777342501059007,1,MEDIUM
ASSAM,KAMRUP METRO,2026-09-11,0.0,0.1,59.1,223.7,15.2,NR,46.1,N,2076.9,N,8.0,LD,837.7869214902038,14.513415395271645,0.3657078313253012,15.520380362524014,0.42547091018902217,48.355000000000004,0.48203708758418967,1,MEDIUM
ASSAM,KAMRUP METRO,2026-09-12,20.2,20.2,50.400000000000006,216.5,19.2,N,20.2,N,2097.0,N,8.0,LD,1884.6109101842844,38.13987793071662,0.34867469879518076,17.260032755658685,0.6802803025608138,57.195,0.6465967470613215,1,MEDIUM
ASSAM,KAMRUP METRO,2026-09-13,0.0,20.2,42.10000000000001,213.4,12.8,NR,46.1,N,2097.0,N,8.0,LD,2013.4041129146713,43.80546044952961,0.3324246987951808,25.009379536528343,0.26540361178440547,47.585,0.6000832742432491,1,MEDIUM
ASSAM,KAMRUP METRO,2026-09-14,1.1,21.3,43.0,213.4,15.1,LD,1.1,LD,2098.1,N,8.0,LD,1253.580743658847,23.367843827682613,0.3341867469879518,26.923916654822456,0.33522532895078627,48.47,0.5159049329594302,1,MEDIUM
ASSAM,KAMRUP METRO,2026-09-15,0.0,1.1,21.4,177.79999999999998,12.4,NR,46.1,N,768.6,N,8.0,LD,2237.9259978639425,30.436770607570146,0.2918975903614458,19.261610821654003,0.6597310721529166,32.295,0.4236638146532743,1,MEDIUM
ASSAM,KAMRUP METRO,2026-09-16,14.9,16.0,36.2,157.6,13.4,N,14.9,N,2113.0,N,8.0,LD,402.57630539246776,36.6165307338229,0.3208734939759036,24.419208647152924,0.32406541228026486,41.905,0.5253684355056415,1,MEDIUM
ASSAM,KAMRUP METRO,2026-09-17,51.9,66.8,88.1,183.7,13.7,LE,10.3,LD,2164.9,N,8.0,LD,2203.7185101644523,14.659562424871758,0.4224849397590361,20.412566199727816,0.2789751104622401,84.445,0.7496505987290151,2,HIGH
ASSAM,KAMRUP METRO,2026-09-18,1.9,68.7,90.0,185.6,14.4,LD,1.9,LD,2166.8,N,8.0,LD,285.43332078110916,39.578015277151415,0.4262048192771084,24.419517175567034,0.31552909876671453,68.18,0.7467312853777867,2,HIGH
ASSAM,KAMRUP METRO,2026-09-19,0.0,53.8,69.8,149.10000000000002,15.2,NR,0.0,NR,2166.8,N,8.0,LD,426.137529033804,16.2080362123999,0.38665662650602406,26.208570521992293,0.6644044918258578,53.265,0.5287282399910082,1,MEDIUM
ASSAM,KAMRUP METRO,2026-09-20,1.0,2.9,70.8,121.20000000000002,13.4,LD,1.0,LD,2167.8,N,8.0,LD,1357.9080325212028,36.033232140609556,0.3886144578313253,31.537736910673978,0.33359515564282005,36.955,0.5010695588814049,1,MEDIUM
ASSAM,KAMRUP METRO,2026-09-21,2.4,3.4,72.1,115.3,12.1,LD,10.3,LD,778.9,D,8.0,LD,215.4202764591668,9.483969297056882,0.39115963855421687,22.746846620360124,0.3377826166818888,37.01,0.3839735894013409,0,LOW
ASSAM,KAMRUP RURAL,2026-08-19,0.1,0.1,0.1,0.1,14.5,LD,0.1,LD,1955.8,N,3.5,LD,179.37739843027038,16.535468136566788,0.2501957831325301,26.019672684613468,0.3881801180554596,0.09999999999999999,0.12424234089414146,0,LOW
ASSAM,KAMRUP RURAL,2026-08-20,0.0,0.1,0.1,0.1,16.8,NR,7.2,LD,1955.8,N,3.5,LD,51.27092320597853,26.344797357594707,0.2501957831325301,24.826667214638842,0.7005464225179135,0.065,0.1675900844841415,0,LOW
ASSAM,KAMRUP RURAL,2026-08-21,16.4,16.5,16.5,16.5,14.6,N,7.2,LD,387.4,LD,3.5,LD,1118.9758162509447,25.996883828172606,0.28230421686746987,20.39843319608874,0.3702117473564656,16.465,0.2892687114505646,0,LOW
ASSAM,KAMRUP RURAL,2026-08-22,4.5,20.9,21.0,21.0,13.4,LD,7.2,LD,1976.8,N,3.5,LD,1947.828509165963,39.01724737945465,0.2911144578313253,19.302090238861247,0.2712252380345243,15.200000000000001,0.3398895252304224,0,LOW
ASSAM,KAMRUP RURAL,2026-08-23,0.5,21.4,21.5,21.5,16.8,LD,0.5,LD,1977.3,N,3.5,LD,135.35395818579337,44.84509030554429,0.2920933734939759,31.793802269660304,0.7935180133455643,14.124999999999998,0.3583305236822385,0,LOW
ASSAM,KAMRUP RURAL,2026-08-24,13.3,18.3,34.8,34.8,20.9,D,7.2,LD,1990.6,N,3.5,LD,1648.0311358413458,9.288433834405625,0.3181325301204819,18.51649014892576,0.7757910545745537,23.15,0.26978615384478927,0,LOW
ASSAM,KAMRUP RURAL,2026-08-25,0.0,13.8,34.8,34.8,16.9,NR,7.2,LD,387.4,LD,3.5,LD,2066.661927669657,15.855525313001483,0.3181325301204819,28.434679540262024,0.36089140053788343,17.369999999999997,0.2578072132739321,0,LOW
ASSAM,KAMRUP RURAL,2026-08-26,0.8,14.1,35.5,35.6,28.2,LD,88.4,E,1991.4,N,3.5,LD,461.6020790157842,19.30392840892303,0.31950301204819276,17.491985647352937,0.409205553864073,18.02,0.2780369416579377,0,LOW
ASSAM,KAMRUP RURAL,2026-08-27,1.6,2.4000000000000004,37.1,37.2,19.7,LD,1.6,LD,1993.0,N,3.5,LD,409.8161503124404,24.156736312400202,0.32263554216867474,28.673971579141263,0.3631345428661846,16.015,0.28595157663434884,0,LOW
ASSAM,KAMRUP RURAL,2026-08-28,0.0,2.4000000000000004,20.7,37.2,14.2,NR,0.0,NR,1993.0,N,3.5,LD,2158.9623853703133,24.75638972617596,0.2905271084337349,18.157383530822315,0.6817207233770379,11.355,0.24900580780571802,0,LOW
ASSAM,KAMRUP RURAL,2026-08-29,12.4,14.0,28.6,49.6,15.8,D,88.4,E,2005.4,N,3.5,LD,2066.6552943777324,39.24780252593666,0.30599397590361443,31.44166294827484,0.40000533051353926,22.43,0.39538324638471567,0,LOW
ASSAM,KAMRUP RURAL,2026-08-30,2.2,14.6,30.3,51.8,21.2,LD,88.4,E,2007.6,N,3.5,LD,1370.407327347258,35.82237211140399,0.3093222891566265,26.661790161766795,0.8088698544271012,19.765,0.3618442501915987,0,LOW
ASSAM,KAMRUP RURAL,2026-08-31,39.7,54.3,56.7,91.5,13.8,LE,88.4,E,2047.3,N,3.5,LD,2057.0397042702516,5.754063161518133,0.3610090361445783,16.532010142489092,0.7465846146301414,55.37,0.49212874041638904,1,MEDIUM
ASSAM,KAMRUP RURAL,2026-09-01,18.4,60.3,75.1,109.9,11.9,E,88.4,E,475.8,D,3.5,LD,277.25238969001214,23.200870423327515,0.3970331325301205,26.784011030803185,0.6030406765418039,56.775,0.5868815428450913,1,MEDIUM
ASSAM,KAMRUP RURAL,2026-09-02,3.8,61.9,78.10000000000001,113.7,16.3,LD,56.8,N,2069.4,N,3.5,LD,1016.4797189499483,29.72295352976355,0.4029066265060241,25.26155296728638,0.2553629348282279,53.385,0.5928991969054307,1,MEDIUM
ASSAM,KAMRUP RURAL,2026-09-03,0.3,22.5,76.8,113.9,15.3,LD,56.8,N,532.6,D,3.5,LD,1857.6040124606136,23.415823483720935,0.4003614457831325,20.738286193797293,0.78020164385,42.015,0.48337965211559547,1,MEDIUM
ASSAM,KAMRUP RURAL,2026-09-04,3.2,7.3,80.0,117.1,16.7,LD,56.8,N,2073.0,N,3.5,LD,680.7573003437102,10.225810241028093,0.4066265060240964,19.43251196186415,0.6866569879195326,40.51,0.41529155076981833,1,MEDIUM
ASSAM,KAMRUP RURAL,2026-09-05,16.4,19.9,84.0,117.1,12.1,E,56.8,N,2089.3,N,3.5,LD,1893.2058403622043,20.898963347625926,0.41445783132530123,27.218933289718585,0.7227444379246037,49.28,0.5267552873447575,1,MEDIUM
ASSAM,KAMRUP RURAL,2026-09-06,0.5,20.1,82.3,113.1,11.3,LD,0.5,LD,2089.8,N,3.5,LD,1285.237580757494,21.466227805189444,0.41112951807228915,27.603143340147717,0.2930951227431946,42.739999999999995,0.4820319539864918,1,MEDIUM
ASSAM,KAMRUP RURAL,2026-09-07,1.7,18.6,44.3,114.3,12.2,LD,56.8,N,2091.5,N,3.5,LD,1888.151670473171,12.50863689799035,0.33673192771084337,20.56249943219312,0.6751361021311253,33.465,0.3612830006882166,0,LOW
ASSAM,KAMRUP RURAL,2026-09-08,2.0,4.2,27.9,103.0,16.9,LD,2.0,LD,2093.5,N,3.5,LD,1188.4651127504574,35.252284578838136,0.3046234939759036,29.895860884271563,0.7327536841744862,24.174999999999997,0.3897794402241278,0,LOW
ASSAM,KAMRUP RURAL,2026-09-09,0.0,3.7,24.1,103.0,16.4,NR,69.7,N,2093.5,N,3.5,LD,951.3656335434532,17.85602720569907,0.297183734939759,19.57006272110435,0.8239812136942328,22.4,0.2983329767815759,0,LOW
ASSAM,KAMRUP RURAL,2026-09-10,16.6,18.6,40.4,118.8,17.9,N,69.7,N,602.3,D,3.5,LD,587.0135803726491,28.55949162274465,0.3290963855421687,16.187695241571788,0.5982822836694613,38.38,0.4660983803976383,1,MEDIUM
ASSAM,KAMRUP RURAL,2026-09-11,1.5,18.1,38.7,118.7,15.0,LD,69.7,N,2111.7,N,3.5,LD,560.5293865157869,25.629207238350702,0.3257680722891566,25.197753362068838,0.5548251111995629,32.53,0.4107446674448647,1,MEDIUM
ASSAM,KAMRUP RURAL,2026-09-12,0.0,18.1,22.3,118.7,13.1,NR,0.0,NR,2111.7,N,3.5,LD,1891.1524858999203,40.09708316865555,0.2936596385542169,16.820199738137475,0.5052380739891471,27.905,0.435684718304265,1,MEDIUM
ASSAM,KAMRUP RURAL,2026-09-13,46.5,48.0,68.3,152.8,13.9,LE,69.7,N,2158.2,N,3.5,LD,341.3303526832032,9.880597274513526,0.3837198795180723,19.703289092530248,0.6707726085787862,68.27,0.6068867662644157,1,MEDIUM
ASSAM,KAMRUP RURAL,2026-09-14,0.0,46.5,66.6,150.6,10.5,NR,0.0,NR,2158.2,N,3.5,LD,260.6567577718156,9.570520330138406,0.3803915662650602,23.622168681823446,0.8024927828287682,50.864999999999995,0.480882002832193,1,MEDIUM
ASSAM,KAMRUP RURAL,2026-09-15,1.2,47.7,65.8,112.1,16.0,LD,69.7,N,602.3,D,3.5,LD,481.9138443042189,17.01278676492063,0.3788253012048193,19.86811358007406,0.6098530292296214,45.61,0.4762186032730882,1,MEDIUM
ASSAM,KAMRUP RURAL,2026-09-16,22.7,23.9,88.5,116.4,15.9,E,22.7,E,2182.1,N,3.5,LD,479.5989530621086,22.248598725033403,0.42326807228915664,18.654937821140756,0.38637018490500386,53.505,0.5646067891005074,1,MEDIUM
ASSAM,KAMRUP RURAL,2026-09-17,35.5,59.4,107.4,148.1,30.0,N,19.6,D,2217.6,N,3.5,LD,2066.6136758769044,16.941689950085582,0.4602710843373494,26.954152053396125,0.260544370185506,76.34,0.711055373424818,2,HIGH
ASSAM,KAMRUP RURAL,2026-09-18,42.4,100.6,148.3,190.2,12.2,LE,42.4,LE,2260.0,N,3.5,LD,1026.3412275118203,35.52748329580975,0.5403463855421687,24.298988803839023,0.6214678709605166,105.595,0.8659692028675882,2,HIGH
ASSAM,KAMRUP RURAL,2026-09-19,0.0,77.9,148.3,187.0,9.7,NR,0.0,NR,2260.0,N,3.5,LD,2476.4517205331817,14.810633724371986,0.5403463855421687,29.27594122025477,0.7687587328114316,84.60000000000001,0.7738943158834203,2,HIGH
ASSAM,KAMRUP RURAL,2026-09-20,0.0,42.4,101.8,170.6,9.5,NR,0.0,NR,2260.0,N,3.5,LD,386.1675815870003,8.390989710889789,0.44930722891566266,24.881073109143117,0.28958516654404565,61.64,0.5661639187141669,1,MEDIUM
ASSAM,KAMRUP RURAL,2026-09-21,0.0,0.0,101.8,170.1,14.6,NR,19.6,D,621.9,D,3.5,LD,1651.1725729494262,21.5519923953659,0.44930722891566266,23.218602600154234,0.48854272537680754,50.964999999999996,0.5486283370906633,1,MEDIUM
ASSAM,KARBI ANALOG,2026-08-19,34.6,34.6,34.6,34.6,8.7,LE,34.6,LE,499.9,D,8.7,LD,1149.387292643064,35.93517152553936,0.3177409638554217,19.441357977383397,0.8140281556485417,34.599999999999994,0.4696863772548655,1,MEDIUM
ASSAM,KARBI ANALOG,2026-08-20,0.5,35.1,35.1,35.1,11.2,LD,37.2,D,500.4,D,8.7,LD,1012.6495329078313,39.02247774346965,0.3187198795180723,28.465119876552055,0.5510061975140832,22.990000000000002,0.4009153863519612,1,MEDIUM
ASSAM,KARBI ANALOG,2026-08-21,7.8,42.9,42.9,42.9,11.7,D,37.2,D,410.7,D,8.7,LD,2193.9562876825016,34.33379393453403,0.3339909638554217,18.346807145594244,0.3823949378731558,30.615,0.43743738486150907,1,MEDIUM
ASSAM,KARBI ANALOG,2026-08-22,1.5,9.8,44.4,44.4,9.6,LD,37.2,D,509.7,D,8.7,LD,2440.209332279579,27.315467139989764,0.3369277108433735,19.117882986543727,0.46219384706130906,20.735,0.336465351275625,0,LOW
ASSAM,KARBI ANALOG,2026-08-23,3.2,12.5,47.6,47.6,11.4,LD,3.2,LD,512.9,D,8.7,LD,2188.504448996738,33.96766806996707,0.3431927710843374,29.307006144802187,0.49488373971688376,23.285,0.3854451774708517,0,LOW
ASSAM,KARBI ANALOG,2026-08-24,0.7,5.4,48.3,48.3,7.4,LD,37.2,D,513.6,D,8.7,LD,521.1366636360759,32.255581412154456,0.3445632530120482,27.60027293739659,0.3203737086500753,20.915,0.36123050973041254,0,LOW
ASSAM,KARBI ANALOG,2026-08-25,0.0,3.9,48.3,48.3,6.3,NR,37.2,D,410.7,D,8.7,LD,590.9549069618884,14.374665299802434,0.3445632530120482,25.41884931265185,0.6464753463090467,20.294999999999998,0.2773440398682374,0,LOW
ASSAM,KARBI ANALOG,2026-08-26,0.7,1.4,14.4,49.0,10.9,LD,65.0,E,514.3,D,8.7,LD,1657.381003782905,27.03035568812775,0.2781927710843374,15.661649023371748,0.6052985974554859,11.545,0.2579986637886787,0,LOW
ASSAM,KARBI ANALOG,2026-08-27,34.3,35.0,48.2,83.3,7.7,LE,34.3,LE,548.6,D,8.7,LD,758.2547750135697,35.82437330553728,0.34436746987951805,17.16337951084035,0.6386337267193465,45.3,0.55072622250713,1,MEDIUM
ASSAM,KARBI ANALOG,2026-08-28,3.0,38.0,43.4,86.3,6.9,D,3.0,D,551.6,D,8.7,LD,1850.0765704124208,17.68482647500553,0.3349698795180723,23.499276823189362,0.6164749412081127,34.345,0.3902033680503096,0,LOW
ASSAM,KARBI ANALOG,2026-08-29,5.9,43.2,47.8,92.2,6.6,N,65.0,E,557.5,D,8.7,LD,1437.7305944836294,31.158925868677258,0.3435843373493976,27.687761699209148,0.2600032409730038,38.644999999999996,0.48243638099734293,1,MEDIUM
ASSAM,KARBI ANALOG,2026-08-30,3.7,12.6,48.3,95.9,10.7,LD,65.0,E,561.2,D,8.7,LD,1399.7264828014872,24.25921710075194,0.3445632530120482,22.889714691260995,0.3546777097397918,30.905,0.39684136849197377,0,LOW
ASSAM,KARBI ANALOG,2026-08-31,19.4,29.0,67.0,115.3,9.5,LE,65.0,E,580.7,D,8.7,LD,2079.939965855025,25.1263540378008,0.38117469879518073,15.293981415051313,0.3493432011675163,48.084999999999994,0.5303760973833697,1,MEDIUM
ASSAM,KARBI ANALOG,2026-09-01,14.1,37.2,81.1,129.4,10.6,E,65.0,E,475.7,D,8.7,LD,1790.8052907695605,8.602201511286388,0.4087801204819277,18.132589977335968,0.3087708917787937,53.92,0.5040142357586412,1,MEDIUM
ASSAM,KARBI ANALOG,2026-09-02,6.6,40.1,86.99999999999999,136.0,7.3,N,59.8,E,601.3,D,8.7,LD,115.11552424336466,31.64868661221519,0.4203313253012048,25.00903389354371,0.6912854639189658,54.48499999999999,0.6127773128538656,1,MEDIUM
ASSAM,KARBI ANALOG,2026-09-03,2.2,22.9,54.9,103.6,8.2,LD,59.8,E,535.5,D,8.7,LD,171.17488600773845,39.62748141418081,0.35748493975903617,26.80169001469585,0.322082328687095,35.76,0.5023071299600117,1,MEDIUM
ASSAM,KARBI ANALOG,2026-09-04,0.5,9.3,52.4,103.6,7.8,LD,59.8,E,604.0,D,8.7,LD,1523.8182085172384,10.657251521034512,0.35259036144578315,15.568281316102375,0.6509164440702064,31.14,0.3396673145381113,0,LOW
ASSAM,KARBI ANALOG,2026-09-05,0.0,2.7,46.5,95.8,9.3,NR,59.8,E,604.0,D,8.7,LD,1241.170585274575,19.644226488657974,0.341039156626506,15.736639808828505,0.35703418579220525,26.67,0.34546318424276834,0,LOW
ASSAM,KARBI ANALOG,2026-09-06,0.2,0.7,43.0,94.5,6.6,LD,0.2,LD,604.2,D,8.7,LD,687.4524055903289,6.9466981936334005,0.3341867469879518,19.44227196275817,0.3209861069487558,25.169999999999998,0.2769760216493134,0,LOW
ASSAM,KARBI ANALOG,2026-09-07,1.4,1.6,25.0,92.7,6.8,LD,59.8,E,605.6,D,8.7,LD,1075.707413921264,6.185275439055644,0.2989457831325301,16.419528821571603,0.3475180291696476,21.044999999999998,0.23716486841072104,0,LOW
ASSAM,KARBI ANALOG,2026-09-08,4.7,6.3,15.6,96.7,7.4,D,4.7,D,610.2,D,8.7,LD,1906.8802808955083,44.58633986686975,0.2805421686746988,24.213085947287198,0.5550420739228119,21.625,0.40828638865244815,1,MEDIUM
ASSAM,KARBI ANALOG,2026-09-09,0.7,6.8,9.7,97.4,9.9,LD,97.6,LE,610.9,D,8.7,LD,2075.1981374119287,24.738860332255385,0.2689909638554217,17.10293369326357,0.6372895059146534,18.979999999999997,0.29892704682108906,0,LOW
ASSAM,KARBI ANALOG,2026-09-10,0.0,5.4,7.5,96.7,6.8,NR,97.6,LE,633.1,N,8.7,LD,1424.9965163306083,19.220760745409855,0.26468373493975905,26.019728693324183,0.737154916034582,17.73,0.2646380293380215,0,LOW
ASSAM,KARBI ANALOG,2026-09-11,0.0,0.7,7.0,62.4,6.9,NR,97.6,LE,610.9,D,8.7,LD,994.1552280999023,15.995083065000756,0.2637048192771084,28.212830428228976,0.32713732327877837,11.285,0.2042036589178103,0,LOW
ASSAM,KARBI ANALOG,2026-09-12,3.7,3.7,10.7,63.1,5.3,D,3.7,D,614.6,D,8.7,LD,713.2070656630121,44.200505797798364,0.2709487951807229,31.498783283785812,0.6197120484314981,14.36,0.3529104926988518,0,LOW
ASSAM,KARBI ANALOG,2026-09-13,2.4,6.1,12.9,59.6,10.3,LD,97.6,LE,617.0,D,8.7,LD,1328.700253384671,15.090031420867348,0.27525602409638555,31.122918347841143,0.7143037596467483,14.53,0.2256028174743221,0,LOW
ASSAM,KARBI ANALOG,2026-09-14,0.0,6.1,11.5,55.9,6.0,NR,0.0,NR,617.0,D,8.7,LD,821.1365654827334,34.02833582950973,0.27251506024096384,19.647207553999728,0.43744310290473065,12.785,0.2967967187518117,0,LOW
ASSAM,KARBI ANALOG,2026-09-15,0.0,2.4,6.800000000000001,36.5,5.3,NR,97.6,LE,633.1,N,8.7,LD,1432.0330857656961,16.35032383223735,0.2633132530120482,15.499963244593937,0.2978293476204626,7.775,0.18070545502959767,0,LOW
ASSAM,KARBI ANALOG,2026-09-16,0.7,0.7,6.8,23.1,4.7,LD,0.7,LD,617.8,D,8.7,LD,1707.7983371486123,7.8195802142767645,0.2633132530120482,20.600007673900055,0.3435675778399083,5.585000000000001,0.12719353544772377,0,LOW
ASSAM,KARBI ANALOG,2026-09-17,0.5,1.2,7.3,17.0,7.7,LD,11.9,LD,618.3,D,8.7,LD,211.89406675251735,32.33106458071765,0.2642921686746988,27.044162018115106,0.30493518853627405,4.85,0.2310944705251634,0,LOW
ASSAM,KARBI ANALOG,2026-09-18,0.7,1.9,8.0,15.5,9.5,LD,0.7,LD,619.0,D,8.7,LD,52.615289305730734,5.065233905194595,0.2656626506024096,16.016620557633168,0.7823271586136067,5.045,0.11157591604669118,0,LOW
ASSAM,KARBI ANALOG,2026-09-19,0.0,1.2,4.3,15.0,6.0,NR,0.0,NR,619.0,D,8.7,LD,570.0789901598203,32.02994046242278,0.2584186746987952,21.115115180414286,0.47602100101614075,3.625,0.21985681136099627,0,LOW
ASSAM,KARBI ANALOG,2026-09-20,6.3,7.0,8.2,21.3,3.3,LE,6.3,LE,625.3,D,8.7,LD,2241.5531694110136,15.015063959592926,0.2660542168674699,20.066587308297418,0.5640091630814716,9.2,0.1854682199757265,0,LOW
ASSAM,KARBI ANALOG,2026-09-21,1.0,7.3,9.2,22.1,6.0,LD,11.9,LD,645.0,N,8.7,LD,1633.41236990997,34.84416928286005,0.2680120481927711,18.728875808922602,0.7112128910825888,7.789999999999999,0.2639469149509439,0,LOW
ASSAM,KOKRAJHAR,2026-08-19,6.8,6.8,6.8,6.8,8.0,N,6.8,N,336.3,D,88.7,D,471.302862245706,35.790006694025976,0.2633132530120482,27.004222830415358,0.4728990532724343,6.800000000000001,0.26015995150155113,0,LOW
ASSAM,KOKRAJHAR,2026-08-20,0.0,6.8,6.8,6.8,6.8,NR,170.1,E,336.3,D,88.7,D,2231.146706467866,33.964289552701516,0.2633132530120482,26.20464908541436,0.6394615927765677,4.42,0.23509494152722776,0,LOW
ASSAM,KOKRAJHAR,2026-08-21,16.8,23.6,23.6,23.6,9.2,LE,170.1,E,1955.8,N,105.4,D,1201.392053703983,5.979337658704416,0.29620481927710846,24.103399598583835,0.29600791193106263,21.22,0.23694777246647383,0,LOW
ASSAM,KOKRAJHAR,2026-08-22,0.1,16.900000000000002,23.700000000000003,23.700000000000003,7.8,LD,170.1,E,353.2,D,105.6,D,1216.4248038627186,33.14946478575074,0.29640060240963856,30.483168874587157,0.5385433885411602,13.740000000000002,0.30446938472825713,0,LOW
ASSAM,KOKRAJHAR,2026-08-23,1.3,18.2,25.0,25.0,8.6,LD,1.3,LD,354.5,D,106.9,D,2342.077762414505,44.605824562230524,0.2989457831325301,16.753360496414633,0.3079113797021846,15.004999999999999,0.36490509229802354,0,LOW
ASSAM,KOKRAJHAR,2026-08-24,0.3,1.7000000000000002,25.3,25.3,10.5,LD,170.1,E,354.8,D,107.2,D,195.74239584918305,14.705014741024915,0.2995331325301205,17.544716816128222,0.39897048440813687,10.65,0.2011131207721421,0,LOW
ASSAM,KOKRAJHAR,2026-08-25,0.0,1.6,25.3,25.3,12.5,NR,170.1,E,1955.8,N,107.2,D,577.1867728403604,15.969542889013542,0.2995331325301205,21.518644546730023,0.4260044965572812,10.52,0.20580736667099578,0,LOW
ASSAM,KOKRAJHAR,2026-08-26,0.3,0.6,18.8,25.6,7.0,LD,35.5,LD,355.1,D,107.4,D,1485.1397466290698,37.54106198322158,0.2868072289156627,26.149994881669308,0.680550282332168,8.795,0.2868498993313266,0,LOW
ASSAM,KOKRAJHAR,2026-08-27,3.9,4.2,22.7,29.5,9.1,D,3.9,D,359.0,D,111.4,D,528.9419484759101,11.415872202243222,0.29444277108433736,24.929347968172006,0.6544625117735523,12.515,0.1987594426932654,0,LOW
ASSAM,KOKRAJHAR,2026-08-28,0.0,4.199999999999999,5.9,29.5,11.6,NR,0.0,NR,359.0,D,111.4,D,1714.8411725619467,31.423347020182064,0.2615512048192771,16.258725686954843,0.6982480533586395,6.949999999999999,0.2414684876924763,0,LOW
ASSAM,KOKRAJHAR,2026-08-29,1.8,5.7,7.6,31.3,10.0,LD,35.5,LD,360.8,D,113.2,D,574.5261088749645,35.20105510002314,0.26487951807228916,31.293221663689945,0.2870530283424011,8.65,0.27103161515157337,0,LOW
ASSAM,KOKRAJHAR,2026-08-30,0.3,2.1,6.6,31.6,7.0,LD,35.5,LD,361.2,D,113.5,D,292.93457796709515,6.486426472774287,0.26292168674698796,20.186101879843655,0.8463485273038281,7.02,0.13141037642978765,0,LOW
ASSAM,KOKRAJHAR,2026-08-31,2.8,4.9,9.1,34.4,7.3,LD,35.5,LD,364.0,D,116.4,D,557.1136411200573,27.150483770609046,0.267816265060241,21.102534434312595,0.28265201722586136,9.64,0.24288957377019785,0,LOW
ASSAM,KOKRAJHAR,2026-09-01,52.1,55.2,61.2,86.5,8.4,LE,35.5,LD,1991.4,N,52.1,LE,1085.6983839665525,28.035090341435314,0.36981927710843376,25.6017065837382,0.7454486748634923,60.309999999999995,0.6281009858015419,1,MEDIUM
ASSAM,KOKRAJHAR,2026-09-02,40.5,95.4,101.4,127.0,6.0,LE,78.1,D,456.7,D,92.7,LE,481.5388329740457,17.137715895671768,0.44852409638554214,31.06781379681549,0.6941613600883214,82.425,0.7529154711222834,2,HIGH
ASSAM,KOKRAJHAR,2026-09-03,0.0,92.6,97.5,120.2,8.2,NR,78.1,D,2069.4,N,92.7,LE,379.9954610622009,40.05378677590069,0.44088855421686746,26.265700064755624,0.6050570742950919,65.555,0.7330869346008744,2,HIGH
ASSAM,KOKRAJHAR,2026-09-04,4.4,44.9,101.9,124.6,7.9,D,78.1,D,461.0,D,97.0,LE,2157.690621236405,11.509988771994255,0.44950301204819276,31.23114660231097,0.5133142990869923,56.93,0.5465199776390439,1,MEDIUM
ASSAM,KOKRAJHAR,2026-09-05,6.2,10.6,106.3,114.0,8.3,D,78.1,D,467.3,D,103.3,LE,834.9731488134042,19.567788380234422,0.45811746987951807,18.189049019948143,0.7042794119621096,48.495,0.5239799959086971,1,MEDIUM
ASSAM,KOKRAJHAR,2026-09-06,0.0,10.6,106.0,113.9,5.9,NR,0.0,NR,467.3,D,103.3,LE,933.8587819697213,38.94674748589318,0.4575301204819277,25.519768792539892,0.6939146819613076,46.235,0.5938951793231431,1,MEDIUM
ASSAM,KOKRAJHAR,2026-09-07,2.3,8.5,105.5,114.9,6.1,LD,78.1,D,469.6,D,105.6,LE,185.4125032780077,12.6257102642397,0.45655120481927713,29.090941161896843,0.3323070012938827,46.54,0.4788892635927581,1,MEDIUM
ASSAM,KOKRAJHAR,2026-09-08,13.5,15.8,66.9,128.1,5.8,LE,13.5,LE,483.1,D,119.1,LE,925.5555775800326,37.854965453107,0.38097891566265063,23.653415960332403,0.7255794837765221,44.615,0.5621946944662413,1,MEDIUM
ASSAM,KOKRAJHAR,2026-09-09,17.3,33.1,43.7,145.4,7.8,LE,24.1,LD,500.4,D,136.5,LE,698.7775844378701,8.162767094718228,0.33555722891566264,21.15695248909879,0.29713419846097916,47.065,0.43859429298824526,1,MEDIUM
ASSAM,KOKRAJHAR,2026-09-10,2.7,33.5,46.400000000000006,147.79999999999998,6.1,D,24.1,LD,2093.5,N,139.1,LE,1545.688414987382,24.5691626875996,0.3408433734939759,31.740895010541912,0.5503276852771208,43.09,0.4842582984716706,1,MEDIUM
ASSAM,KOKRAJHAR,2026-09-11,0.0,20.0,42.00000000000001,143.89999999999998,8.9,NR,24.1,LD,503.1,D,139.1,LE,553.2062292973964,8.013226497828136,0.3322289156626506,17.39678478674323,0.6370490959403166,37.085,0.36618497123862614,0,LOW
ASSAM,KOKRAJHAR,2026-09-12,47.3,50.0,83.1,191.2,5.2,LE,47.3,LE,550.4,D,186.4,LE,2226.4953600039594,32.11614340246057,0.4126957831325301,21.985801967987165,0.7430133144251365,78.50999999999999,0.7844373890754354,2,HIGH
ASSAM,KOKRAJHAR,2026-09-13,5.3,52.6,88.4,194.7,6.3,N,24.1,LD,555.7,D,191.7,LE,2327.68322125291,36.624059562224005,0.42307228915662654,29.847353793531223,0.5278661308558322,66.31,0.7196576710550031,2,HIGH
ASSAM,KOKRAJHAR,2026-09-14,0.0,52.6,86.10000000000001,194.4,8.0,NR,0.0,NR,555.7,D,191.7,LE,294.586090083136,38.994341929872114,0.4185692771084338,30.308172690600657,0.3921148465390871,63.83500000000001,0.7116643413443919,2,HIGH
ASSAM,KOKRAJHAR,2026-09-15,2.0,7.3,74.60000000000001,193.6,5.8,LD,24.1,LD,2093.5,N,193.7,LE,313.1372429070142,44.25049002975955,0.3960542168674699,31.66649572651616,0.5443957692739638,50.215,0.6335183356010679,1,MEDIUM
ASSAM,KOKRAJHAR,2026-09-16,0.0,2.0,57.3,141.5,7.2,NR,0.0,NR,557.7,D,193.7,LE,332.54977337192054,31.880628891983473,0.36218373493975903,30.042409068494486,0.40012486626227206,36.05,0.47088185618011685,1,MEDIUM
ASSAM,KOKRAJHAR,2026-09-17,0.3,2.3,54.9,101.3,7.5,LD,88.6,N,558.0,D,194.1,LE,1567.9446779602645,35.76247655360081,0.35748493975903617,15.866269431586012,0.567235228873689,29.599999999999998,0.44125690063781964,1,MEDIUM
ASSAM,KOKRAJHAR,2026-09-18,10.7,11.0,65.6,112.0,5.6,LE,10.7,LE,568.7,D,204.8,LE,348.8239623135761,25.230331132853173,0.37843373493975907,30.8060304936673,0.5275049098639106,39.69499999999999,0.4705352056821414,1,MEDIUM
ASSAM,KOKRAJHAR,2026-09-19,0.0,11.0,18.3,107.6,4.0,NR,0.0,NR,568.7,D,204.8,E,2138.3366789291526,41.509476047245045,0.28582831325301206,22.27884225391535,0.7183026902502366,23.464999999999996,0.40877341905947595,1,MEDIUM
ASSAM,KOKRAJHAR,2026-09-20,13.4,24.1,26.4,114.8,4.5,LE,13.4,LE,582.1,D,218.2,LE,1897.9652115978365,30.7503352879785,0.30168674698795184,26.077526186761894,0.39405406806551735,34.535,0.44296887766833104,1,MEDIUM
ASSAM,KOKRAJHAR,2026-09-21,3.4,16.8,29.8,118.2,5.7,D,88.6,N,2182.1,N,221.6,LE,2058.531702683159,40.34205625005374,0.3083433734939759,21.702689775841023,0.3699911105142037,30.57,0.458690758210894,1,MEDIUM
ASSAM,LAKHIMPUR,2026-08-19,0.1,0.1,0.1,0.1,9.4,LD,0.1,LD,427.6,LD,43.2,LD,1338.8482908707513,14.418080680555235,0.2501957831325301,28.832357302430328,0.534511203740176,0.09999999999999999,0.11483172997853458,0,LOW
ASSAM,LAKHIMPUR,2026-08-20,0.0,0.1,0.1,0.1,7.9,NR,99.8,N,427.6,LD,43.2,LD,2491.8591682219258,24.869511228722573,0.2501957831325301,24.790627697487025,0.2803026191145104,0.065,0.1610332572447098,0,LOW
ASSAM,LAKHIMPUR,2026-08-21,59.8,59.9,59.9,59.9,18.2,LE,99.8,N,1723.8,E,103.0,D,158.22900221319512,34.19275684255216,0.36727409638554215,29.374258923418076,0.38760437706130346,59.864999999999995,0.6517900005941594,1,MEDIUM
ASSAM,LAKHIMPUR,2026-08-22,0.0,59.8,59.9,59.9,16.8,NR,99.8,N,487.4,LD,103.0,D,1033.0991622559777,13.108870182507331,0.36727409638554215,18.294115015853045,0.46222294851261514,38.91,0.40883923223348617,1,MEDIUM
ASSAM,LAKHIMPUR,2026-08-23,8.2,68.0,68.1,68.1,13.8,D,8.2,D,495.6,LD,111.1,D,843.6448388972086,13.45359173047913,0.38332831325301203,18.144712610833338,0.5425778275365462,47.10999999999999,0.4719837826619548,1,MEDIUM
ASSAM,LAKHIMPUR,2026-08-24,0.2,8.399999999999999,68.3,68.3,14.0,LD,99.8,N,495.8,LD,111.4,D,2374.1814718459705,44.121709616225495,0.3837198795180723,22.486405626941377,0.41166202673521846,29.489999999999995,0.482872599285664,1,MEDIUM
ASSAM,LAKHIMPUR,2026-08-25,7.7,16.1,76.0,76.0,12.2,D,99.8,N,1723.8,E,119.1,D,1463.3093483191026,22.384414429488242,0.39879518072289155,15.08077626436217,0.5863818968250438,37.12,0.4436194457837322,1,MEDIUM
ASSAM,LAKHIMPUR,2026-08-26,0.0,7.9,75.9,76.0,15.8,NR,106.0,N,503.5,LD,119.1,D,2025.1678653395768,12.272618116950866,0.39859939759036145,26.778500233236386,0.7770487998671028,32.35,0.36466632759856354,0,LOW
ASSAM,LAKHIMPUR,2026-08-27,0.0,7.7,75.9,76.0,9.7,NR,0.0,NR,503.5,LD,119.1,LD,467.3359244633712,18.25855527926024,0.39859939759036145,20.032913372736186,0.5762364768145612,32.300000000000004,0.3909143853784915,0,LOW
ASSAM,LAKHIMPUR,2026-08-28,2.1,2.1,18.2,78.1,14.1,LD,2.1,LD,505.6,LD,121.1,LD,2447.6536525560755,20.895045930637025,0.28563253012048195,24.47408888564565,0.42210371304185906,17.525,0.27480901558190934,0,LOW
ASSAM,LAKHIMPUR,2026-08-29,0.7,2.8,18.9,78.8,7.4,LD,106.0,N,506.2,LD,121.8,LD,1271.6668898469723,29.923410298808847,0.2870030120481928,16.190060527834397,0.28718858320138896,17.49,0.3149599006558688,0,LOW
ASSAM,LAKHIMPUR,2026-08-30,0.0,2.8,10.7,78.8,8.9,NR,106.0,N,506.2,LD,121.8,LD,1259.4965868630823,41.9205863619101,0.2709487951807229,17.900954109505797,0.3319997828489942,15.194999999999999,0.34872451077262584,0,LOW
ASSAM,LAKHIMPUR,2026-08-31,14.7,15.4,25.200000000000003,93.5,10.7,E,106.0,N,520.9,LD,136.5,LD,2428.6675849370577,44.46360303688364,0.2993373493975904,25.588605890372857,0.5867304211283144,29.32,0.4663048544635726,1,MEDIUM
ASSAM,LAKHIMPUR,2026-09-01,8.6,23.3,26.1,102.1,5.9,E,106.0,N,1829.8,N,8.6,E,982.7942849820054,31.0679503564445,0.3010993975903614,20.19626466088773,0.6602253028626279,30.674999999999997,0.41677154012450224,1,MEDIUM
ASSAM,LAKHIMPUR,2026-09-02,11.3,34.6,37.400000000000006,113.4,7.5,E,151.5,E,540.8,LD,19.9,E,1023.9363101597327,32.99689443190899,0.32322289156626505,18.650273023955773,0.2798007661324423,38.965,0.48881192828034103,1,MEDIUM
ASSAM,LAKHIMPUR,2026-09-03,0.0,19.9,37.400000000000006,113.3,8.5,NR,151.5,E,1981.3,N,19.9,N,1482.6441218720947,17.87316678786356,0.32322289156626505,18.890390513732054,0.361329897828089,31.32,0.3671465416706573,0,LOW
ASSAM,LAKHIMPUR,2026-09-04,4.3,15.6,39.6,117.6,11.9,LD,151.5,E,545.1,LD,24.2,D,363.728895842078,39.28634381794996,0.3275301204819277,18.651929200333424,0.44144876240594233,32.94499999999999,0.4747511531845375,1,MEDIUM
ASSAM,LAKHIMPUR,2026-09-05,1.0,5.3,39.9,58.8,10.2,LD,151.5,E,546.1,LD,25.2,D,836.6597847090445,13.711933408812595,0.32811746987951806,25.58846614031932,0.4418638653283014,20.47,0.2723557840212858,0,LOW
ASSAM,LAKHIMPUR,2026-09-06,0.0,5.3,39.9,58.8,10.8,NR,0.0,NR,546.1,LD,25.2,D,523.3603899905697,9.255225972438703,0.32811746987951806,17.85075064598077,0.8250442085067766,20.119999999999997,0.2500554437139389,0,LOW
ASSAM,LAKHIMPUR,2026-09-07,0.0,1.0,25.200000000000003,50.6,12.9,NR,151.5,E,546.1,LD,25.2,LD,303.04452381227156,43.93023960390603,0.2993373493975904,21.166008106058136,0.37226235876545355,14.14,0.3558201479603366,0,LOW
ASSAM,LAKHIMPUR,2026-09-08,2.3,2.3,18.9,52.7,7.3,LD,2.3,LD,548.4,LD,27.5,LD,2172.0542855109993,39.56554707282129,0.2870030120481928,26.694076715088688,0.2875122096874653,14.01,0.3330287678156514,0,LOW
ASSAM,LAKHIMPUR,2026-09-09,8.2,10.5,15.8,53.2,7.2,N,95.5,N,556.6,LD,35.8,D,1493.8613570123164,17.145805381525335,0.28093373493975904,23.73240797491006,0.4618088975873914,17.425,0.25649375044459644,0,LOW
ASSAM,LAKHIMPUR,2026-09-10,0.0,10.5,15.8,53.2,9.3,NR,95.5,N,2076.9,N,35.8,LD,928.7483392433825,32.00682865524197,0.28093373493975904,25.153774803183225,0.3306651826178077,14.555,0.302102178822052,0,LOW
ASSAM,LAKHIMPUR,2026-09-11,1.3,9.5,12.8,54.5,10.7,LD,95.5,N,557.9,LD,37.0,LD,1051.2399745484463,23.68073429652798,0.2750602409638554,19.265418650883724,0.3259491790814735,14.204999999999998,0.26142986450912387,0,LOW
ASSAM,LAKHIMPUR,2026-09-12,0.0,1.3,11.8,52.4,12.8,NR,0.0,NR,557.9,LD,37.0,LD,1107.2215590340188,17.925128245818836,0.2731024096385542,30.856152843808495,0.49447039667027703,11.135,0.2135928334138386,0,LOW
ASSAM,LAKHIMPUR,2026-09-13,3.8,5.1,15.6,55.5,11.9,LD,95.5,N,561.7,LD,40.8,LD,1601.215496254538,16.470968430411794,0.2805421686746988,22.035947221377704,0.4338346835499692,14.829999999999998,0.23493418852553144,0,LOW
ASSAM,LAKHIMPUR,2026-09-14,2.0,5.8,17.599999999999998,57.5,21.7,LD,2.0,LD,563.7,LD,42.9,LD,2320.5850091480334,10.44109780883626,0.2844578313253012,19.87838692240969,0.30503606569321573,15.174999999999999,0.21137503703352337,0,LOW
ASSAM,LAKHIMPUR,2026-09-15,0.0,5.8,15.3,42.8,17.7,NR,95.5,N,2076.9,N,42.9,LD,2335.310068159607,26.972723291033567,0.2799548192771084,30.37354512899403,0.6125820576564696,11.695,0.2591632515978223,0,LOW
ASSAM,LAKHIMPUR,2026-09-16,0.8,2.8,7.899999999999999,35.0,11.2,LD,0.8,LD,564.5,LD,43.6,LD,1009.1553498501253,22.86386760470031,0.2654668674698795,26.13992345949458,0.55101985961221,8.205,0.2131477848729998,0,LOW
ASSAM,LAKHIMPUR,2026-09-17,48.0,48.8,55.9,71.69999999999999,12.6,LE,36.1,LD,612.4,LD,91.6,D,856.6930260145355,25.487456811997774,0.35944277108433736,25.437079673353658,0.2962598013707832,53.72999999999999,0.567839136927008,1,MEDIUM
ASSAM,LAKHIMPUR,2026-09-18,0.0,48.8,54.6,71.69999999999999,10.2,NR,0.0,NR,612.4,LD,91.5,D,1155.0639254538748,13.61428669917618,0.3568975903614458,30.074489086824858,0.7676466844084866,36.605,0.3925936761687066,0,LOW
ASSAM,LAKHIMPUR,2026-09-19,2.8,50.8,57.4,70.2,9.5,LD,2.8,LD,615.2,LD,94.3,D,1441.4388645498068,42.54442683092991,0.3623795180722892,15.995184866613535,0.4208278349273996,38.56,0.5361922610848063,1,MEDIUM
ASSAM,LAKHIMPUR,2026-09-20,0.0,2.8,53.6,69.2,9.1,NR,0.0,NR,615.2,LD,94.3,D,1181.4538830518832,30.54364785322166,0.3549397590361446,29.240551704128865,0.8268284709683076,24.48,0.3810876739540412,0,LOW
ASSAM,LAKHIMPUR,2026-09-21,0.0,2.8,51.6,69.2,9.4,NR,36.1,LD,2113.0,N,94.3,D,1663.9458540509172,40.98402629533347,0.35102409638554216,26.523694193186714,0.8089231795337953,23.98,0.4231451495299467,1,MEDIUM
ASSAM,MAJULI,2026-08-19,26.3,26.3,26.3,26.3,6.6,LE,26.3,LE,826.6,N,242.6,E,1408.2776072804209,9.370846641310218,0.3014909638554217,21.1198775112622,0.5104579757312517,26.3,0.28925888504474184,0,LOW
ASSAM,MAJULI,2026-08-20,2.5,28.8,28.8,28.8,5.6,D,2.5,D,829.1,N,245.1,E,835.7530894004864,29.914038634246992,0.3063855421686747,19.357972822905545,0.3871401642630009,19.595,0.3337868757835016,0,LOW
ASSAM,MAJULI,2026-08-21,4.3,33.1,33.1,33.1,7.3,D,4.3,D,833.4,N,249.4,E,897.0404741184499,38.978472745766446,0.3148042168674699,16.78170029798648,0.7509116275181335,23.02,0.40015034048580583,1,MEDIUM
ASSAM,MAJULI,2026-08-22,0.0,6.8,33.1,33.1,11.0,LD,0.0,LD,833.4,N,249.4,E,977.5523295213408,18.236831192578666,0.3148042168674699,30.99826089419373,0.4667715049734681,14.94,0.25041831335601095,0,LOW
ASSAM,MAJULI,2026-08-23,11.4,15.7,44.5,44.5,10.0,N,11.4,N,844.8,N,260.8,E,281.8674322110023,12.805726765439456,0.33712349397590363,17.412505756602116,0.34813041680277895,25.715,0.3074850685389262,0,LOW
ASSAM,MAJULI,2026-08-24,1.3,12.7,45.8,45.8,8.1,LD,1.3,LD,846.1,N,262.1,N,456.85344941423415,15.600852232224787,0.3396686746987952,19.410455107425033,0.5809646294913646,21.949999999999996,0.2936019983782514,0,LOW
ASSAM,MAJULI,2026-08-25,4.8,17.5,50.6,50.6,7.8,D,4.8,D,850.9,N,266.9,N,1821.628815256196,15.91734906999196,0.34906626506024097,26.748822052680985,0.5436414656207594,26.294999999999998,0.3278339008968132,0,LOW
ASSAM,MAJULI,2026-08-26,17.2,23.3,41.5,67.8,5.9,LE,17.2,LE,868.1,N,284.1,E,1003.2869432290961,22.887958596941406,0.33125,27.072591444061874,0.7600107272883738,32.39,0.39866062501138466,0,LOW
ASSAM,MAJULI,2026-08-27,0.0,22.0,39.0,67.8,8.5,NR,0.0,NR,868.1,N,284.1,N,575.6204827723519,18.038544111173263,0.326355421686747,17.733067978244097,0.6875688279035992,25.42,0.32648738648537395,0,LOW
ASSAM,MAJULI,2026-08-28,7.5,24.700000000000003,42.2,75.3,14.3,D,7.5,D,875.6,N,291.6,N,1428.5474059084004,15.850962908319651,0.3326204819277109,28.84022973301567,0.7756836921020522,30.645000000000003,0.355231037235438,0,LOW
ASSAM,MAJULI,2026-08-29,10.2,17.7,52.4,85.5,8.4,E,10.2,E,885.8,N,301.8,N,1901.0718790598967,30.940491936205518,0.35259036144578315,23.674883575998162,0.6908217474324246,33.92,0.4496146203722182,1,MEDIUM
ASSAM,MAJULI,2026-08-30,17.3,35.0,58.3,102.8,15.6,N,17.3,N,903.1,N,319.1,N,680.6847877461599,7.121294866875378,0.3641415662650602,29.42376352795685,0.6353049763886782,44.8,0.423550730420159,1,MEDIUM
ASSAM,MAJULI,2026-08-31,42.4,69.9,99.4,145.2,8.4,LE,42.4,LE,945.5,N,361.5,E,2075.6352107131743,18.614551125589198,0.44460843373493975,16.483851627408256,0.5501062913662076,78.945,0.7339109766670786,2,HIGH
ASSAM,MAJULI,2026-09-01,18.9,78.6,113.5,164.1,6.0,LE,18.9,LE,964.3,N,18.9,LE,2322.3869060813713,32.590078637618994,0.4722138554216867,15.728109984592724,0.8425319736978685,79.255,0.8037533824059768,2,HIGH
ASSAM,MAJULI,2026-09-02,28.0,89.3,124.3,192.1,5.9,LE,28.0,LE,992.3,N,46.9,LE,1513.6165962309099,12.033989971240239,0.49335843373493976,25.828836485403947,0.8254988944001034,92.015,0.7521560866191668,2,HIGH
ASSAM,MAJULI,2026-09-03,0.0,46.9,124.3,165.79999999999998,7.0,NR,0.0,NR,992.3,N,46.9,LE,1688.92176452937,13.837114488516495,0.49335843373493976,17.550404550866887,0.7593117889214498,67.66999999999999,0.6421257094282151,1,MEDIUM
ASSAM,MAJULI,2026-09-04,1.6,29.6,118.4,164.89999999999998,8.3,LD,1.6,LD,993.9,N,48.4,LE,178.81117629148568,13.026665016516699,0.48180722891566263,23.924133777466096,0.7151915282713166,62.295,0.5979319268276878,1,MEDIUM
ASSAM,MAJULI,2026-09-05,0.1,1.7000000000000002,108.3,160.7,7.5,LD,0.1,LD,994.0,N,48.5,E,2366.5237330036707,5.037044269256197,0.46203313253012046,15.239848907836649,0.5965357300711073,51.64,0.48258119807371397,1,MEDIUM
ASSAM,MAJULI,2026-09-06,9.2,10.9,100.2,169.9,6.1,E,9.2,E,1003.2,N,57.7,E,1011.5875989491122,23.950710073262908,0.44617469879518074,28.258797429319404,0.4058520163157241,56.480000000000004,0.5979414431877229,1,MEDIUM
ASSAM,MAJULI,2026-09-07,0.0,9.3,57.8,158.5,7.6,LD,0.0,LD,1003.2,N,57.7,E,2313.5559813363034,6.558351576644927,0.36316265060240965,30.292012893034524,0.7752634162527788,40.55,0.3905838493080468,0,LOW
ASSAM,MAJULI,2026-09-08,2.5,11.7,41.4,159.7,9.2,LD,2.5,LD,1005.7,N,60.2,N,1468.4949356380944,15.917592470996006,0.3310542168674699,29.261006953392897,0.2564896809273746,38.105,0.4083451375880789,1,MEDIUM
ASSAM,MAJULI,2026-09-09,1.1,3.6,14.499999999999998,156.0,9.8,LD,1.1,LD,1006.8,N,61.3,N,61.316057166152646,44.792136983678866,0.2783885542168675,31.29199782355711,0.3864639800763599,28.31,0.45638187710706457,1,MEDIUM
ASSAM,MAJULI,2026-09-10,0.3,3.9,14.8,139.10000000000002,11.8,LD,0.3,LD,1007.1,N,61.6,D,144.4278983424175,41.73584845561199,0.27897590361445784,30.352627829199424,0.4922394670506819,25.645000000000003,0.42393531874937795,1,MEDIUM
ASSAM,MAJULI,2026-09-11,0.0,1.4,13.2,139.10000000000002,11.9,NR,0.0,NR,1007.1,N,61.6,D,1717.026073891309,13.603032326253368,0.2758433734939759,22.54830631093621,0.6016942931404432,24.515,0.29022604745142794,0,LOW
ASSAM,MAJULI,2026-09-12,17.1,17.400000000000002,30.200000000000003,148.70000000000002,6.0,LE,17.1,LE,1024.2,N,78.7,N,1428.536633888236,17.40009727655731,0.3091265060240964,21.77191954354199,0.5865275922162135,40.190000000000005,0.4253981836580202,1,MEDIUM
ASSAM,MAJULI,2026-09-13,2.2,19.3,23.200000000000003,140.7,7.0,LD,2.2,LD,1026.3,N,80.9,D,115.00447115488214,23.54818329074206,0.295421686746988,30.235122355516232,0.35548949583117084,32.5,0.395212730582191,0,LOW
ASSAM,MAJULI,2026-09-14,0.0,19.3,23.200000000000003,123.4,6.1,NR,0.0,NR,1026.3,N,80.9,D,1871.476904994844,38.77654186636974,0.295421686746988,30.75795952107286,0.31287891988811906,29.135,0.4389282971811473,1,MEDIUM
ASSAM,MAJULI,2026-09-15,0.0,2.2,20.700000000000003,81.0,7.5,NR,0.0,NR,1026.3,N,80.9,D,2137.7560758194954,37.10583765572365,0.29052710843373497,31.53821112140663,0.3833973565511678,17.875,0.3503286461684078,0,LOW
ASSAM,MAJULI,2026-09-16,0.9,0.9,20.500000000000004,63.0,9.3,LD,0.9,LD,1027.2,N,81.7,D,1266.2228319763053,10.049657462651286,0.2901355421686747,28.061392992327306,0.45922527333789015,15.115,0.21034351546719499,0,LOW
ASSAM,MAJULI,2026-09-17,25.5,26.4,45.7,60.5,8.1,LE,25.5,LE,1052.7,N,107.2,D,1191.1057288752747,9.977953933934085,0.33947289156626503,18.433810109003467,0.25843221275205175,36.025,0.3688164117766972,0,LOW
ASSAM,MAJULI,2026-09-18,3.0,29.4,48.7,63.5,9.0,LD,3.0,LD,1055.7,N,110.2,D,63.40911664483733,21.669290155761786,0.3453463855421687,31.06422031388228,0.6654734923299135,30.1,0.37975387966296575,0,LOW
ASSAM,MAJULI,2026-09-19,0.0,28.5,31.600000000000005,61.9,6.4,NR,0.0,NR,1055.7,N,110.2,D,1977.2917956093181,39.80381558455088,0.3118674698795181,31.10140493587573,0.39863646144249487,24.310000000000002,0.4124187520388145,1,MEDIUM
ASSAM,MAJULI,2026-09-20,2.7,5.7,32.10000000000001,64.5,5.7,D,2.7,D,1058.4,N,113.0,D,860.2543635279583,40.283399963820095,0.3128463855421687,26.324233186520516,0.46084266192901746,20.07,0.38454811497782815,0,LOW
ASSAM,MAJULI,2026-09-21,2.9,5.6,35.00000000000001,58.2,4.3,D,2.7,D,1058.4,N,115.8,D,2202.970868467222,9.294633987461207,0.3185240963855422,29.57376452794124,0.45094101435033973,19.895000000000003,0.24670943251206523,0,LOW
ASSAM,MORIGAON,2026-08-19,8.3,8.3,8.3,8.3,9.8,N,8.3,N,618.2,D,168.0,N,963.9984395172299,27.971891518622062,0.26625,24.53999915978719,0.5570978805271131,8.3,0.23668334391853668,0,LOW
ASSAM,MORIGAON,2026-08-20,0.0,8.3,8.3,8.3,6.0,NR,84.6,N,618.2,D,168.0,N,1434.4408810452287,11.227007885004516,0.26625,31.050158071999284,0.7658798332567666,5.3950000000000005,0.14157179975993853,0,LOW
ASSAM,MORIGAON,2026-08-21,0.0,8.3,8.3,8.3,7.6,NR,84.6,N,499.9,D,168.0,D,712.3373810883525,32.44517240011131,0.26625,16.59691874206555,0.3396339721033247,5.3950000000000005,0.23587475316041315,0,LOW
ASSAM,MORIGAON,2026-08-22,0.0,0.0,8.3,8.3,9.2,NR,84.6,N,618.2,D,168.0,D,443.4413658330508,41.65732991715626,0.26625,29.6873828402411,0.454436267938762,3.3200000000000003,0.2620392189438922,0,LOW
ASSAM,MORIGAON,2026-08-23,41.7,41.7,50.0,50.0,8.4,LE,41.7,LE,659.9,D,209.7,N,1948.5243632842535,23.190771699023745,0.34789156626506024,15.943561693631368,0.66521728463907,45.02,0.4932874999498523,1,MEDIUM
ASSAM,MORIGAON,2026-08-24,6.8,48.5,56.8,56.8,11.6,D,84.6,N,666.7,D,216.5,N,1266.64667317339,8.32331098768206,0.36120481927710846,20.76481988770635,0.27653884796826206,37.224999999999994,0.3743554059302536,0,LOW
ASSAM,MORIGAON,2026-08-25,0.0,48.5,56.8,56.8,10.8,NR,84.6,N,499.9,D,216.5,N,1364.3954131930143,28.17016783578182,0.36120481927710846,17.300535924459453,0.7479871810973342,34.845,0.44561294702003784,1,MEDIUM
ASSAM,MORIGAON,2026-08-26,0.1,6.9,48.6,56.9,6.4,LD,14.4,LD,666.8,D,216.6,N,2415.269086030252,21.34066680543419,0.3451506024096386,23.14529657186951,0.8270950842984559,22.445,0.32373413403278806,0,LOW
ASSAM,MORIGAON,2026-08-27,0.0,0.1,48.6,56.9,7.6,NR,0.0,NR,666.8,D,216.6,D,2410.7707849442763,37.43595009335841,0.3451506024096386,18.94818468587199,0.6145823215491946,20.71,0.3829118001331262,0,LOW
ASSAM,MORIGAON,2026-08-28,0.0,0.1,48.6,56.9,8.2,NR,0.0,NR,666.8,D,216.6,D,2146.3231981708886,18.61377855705551,0.3451506024096386,31.185230448677952,0.8239050226184328,20.71,0.29925770441622446,0,LOW
ASSAM,MORIGAON,2026-08-29,0.0,0.0,48.6,56.9,9.5,NR,14.4,LD,666.8,D,216.6,D,509.64276727433224,39.99588801890357,0.3451506024096386,24.50846267210796,0.4978370976590486,20.685000000000002,0.39411124833149236,0,LOW
ASSAM,MORIGAON,2026-08-30,4.9,4.9,11.799999999999994,61.8,12.5,LD,14.4,LD,671.7,D,221.5,D,1505.9681010388708,15.948016305391395,0.2731024096385542,30.26142251716332,0.49901903839308215,15.159999999999998,0.2334723137984293,0,LOW
ASSAM,MORIGAON,2026-08-31,12.3,17.200000000000003,17.299999999999994,74.1,5.6,LE,14.4,LD,684.0,D,233.8,D,2201.4611904060666,11.300705435547439,0.2838704819277108,19.72699397386957,0.31374934564806245,24.044999999999998,0.2782514957521015,0,LOW
ASSAM,MORIGAON,2026-09-01,13.0,30.200000000000003,30.299999999999997,87.1,8.5,E,14.4,LD,514.3,D,13.0,E,967.4366442998974,17.259215092743197,0.3093222891566265,15.441618519091534,0.27126816099986184,32.74,0.3717511967475142,0,LOW
ASSAM,MORIGAON,2026-09-02,4.9,30.200000000000003,35.099999999999994,92.0,8.1,D,87.0,E,701.8,D,17.8,N,297.7101065421832,6.3966316729098605,0.3187198795180723,28.18613506262667,0.39670259088072035,31.839999999999996,0.31894263334116313,0,LOW
ASSAM,MORIGAON,2026-09-03,0.0,17.9,35.099999999999994,83.7,8.6,NR,87.0,E,601.3,D,17.8,D,2036.8591104878085,16.249838674969652,0.3187198795180723,26.940420219523524,0.5368771942606887,25.805,0.31975250298432106,0,LOW
ASSAM,MORIGAON,2026-09-04,3.3,8.2,38.39999999999999,87.0,8.5,LD,87.0,E,705.2,D,21.2,D,1230.3207008373206,31.40470535528123,0.32518072289156624,24.27335797646129,0.5546094345177335,25.854999999999997,0.38875574206851843,0,LOW
ASSAM,MORIGAON,2026-09-05,10.5,13.8,48.89999999999999,97.5,5.9,LE,87.0,E,715.6,D,31.6,D,1432.7620668799875,10.691319142263694,0.3457379518072289,28.860826405396615,0.38054522904486,33.974999999999994,0.35863953304035767,0,LOW
ASSAM,MORIGAON,2026-09-06,0.0,13.8,43.99999999999999,97.5,7.3,NR,0.0,NR,715.6,D,31.6,D,2456.2535259787187,9.454598911463519,0.336144578313253,29.281434335018254,0.6176834047968565,29.075,0.31632580016508055,0,LOW
ASSAM,MORIGAON,2026-09-07,38.6,49.1,70.3,94.4,8.9,LE,87.0,E,754.2,D,70.2,E,1537.6680047104767,10.295411650174016,0.3876355421686747,24.994356236308953,0.3587235249030327,57.519999999999996,0.532950430275237,1,MEDIUM
ASSAM,MORIGAON,2026-09-08,3.0,41.6,60.29999999999999,90.6,5.9,D,3.0,D,757.2,D,73.2,N,1091.1994948819483,8.102066970458655,0.3680572289156626,31.42077246151693,0.4457266841614601,40.114999999999995,0.39532558801927975,0,LOW
ASSAM,MORIGAON,2026-09-09,4.7,46.3,60.1,95.3,8.2,D,9.6,LD,761.9,D,77.9,N,956.4617012256346,39.985416473717585,0.3676656626506024,27.235103109494563,0.36742570911359645,42.54,0.5542222585520468,1,MEDIUM
ASSAM,MORIGAON,2026-09-10,0.0,7.7,60.1,95.2,8.1,NR,9.6,LD,610.9,D,77.9,N,1073.1672670024118,42.764604619861124,0.3676656626506024,26.50688139476469,0.6679981599940825,31.229999999999997,0.4860227151795759,1,MEDIUM
ASSAM,MORIGAON,2026-09-11,0.0,4.7,56.79999999999999,95.2,10.1,NR,9.6,LD,761.9,D,77.9,N,340.07775378773846,6.862446069151451,0.36120481927710846,21.14417047349697,0.5599435049333871,29.654999999999998,0.31394801473502865,0,LOW
ASSAM,MORIGAON,2026-09-12,10.6,10.6,56.89999999999999,105.8,8.4,E,10.6,E,772.5,D,88.5,N,1997.138868123051,35.40287126174161,0.36140060240963856,15.03839583620013,0.6916606594435692,36.455,0.48926411003207254,1,MEDIUM
ASSAM,MORIGAON,2026-09-13,25.3,35.9,82.19999999999999,131.1,6.5,LE,9.6,LD,797.8,D,113.8,N,2102.406302558251,34.486069868687906,0.41093373493975904,19.096025456201026,0.28434890175498984,58.044999999999995,0.6488632329080434,1,MEDIUM
ASSAM,MORIGAON,2026-09-14,0.0,35.900000000000006,43.59999999999999,126.20000000000002,7.4,NR,0.0,NR,797.8,D,113.8,N,746.7729797048518,44.87637698440162,0.33536144578313254,27.986648615848708,0.5052172481410848,38.80500000000001,0.5428977957221622,1,MEDIUM
ASSAM,MORIGAON,2026-09-15,7.6,32.9,48.19999999999999,121.5,8.3,N,9.6,LD,610.9,D,121.5,N,794.301715104363,18.914826468842726,0.34436746987951805,27.06781132543196,0.8301751473888523,41.16,0.4460869894588909,1,MEDIUM
ASSAM,MORIGAON,2026-09-16,4.7,12.300000000000004,48.19999999999998,113.2,8.1,D,4.7,D,810.1,D,126.1,N,2192.1189280202925,16.420359667616648,0.34436746987951805,20.627376462111602,0.28217170882381815,33.75,0.3822253557532056,0,LOW
ASSAM,MORIGAON,2026-09-17,22.3,34.60000000000001,70.49999999999999,130.60000000000002,7.7,LE,6.9,LD,832.4,D,148.4,N,108.72737104349088,23.12328483239309,0.3880271084337349,25.63491056715346,0.5010272138175773,53.67,0.5626212445133526,1,MEDIUM
ASSAM,MORIGAON,2026-09-18,9.9,36.900000000000006,80.39999999999999,140.5,5.4,LE,9.9,LE,842.3,D,158.3,N,1325.1207372297079,39.26300708596762,0.40740963855421686,18.319887151043332,0.27423893131337235,53.864999999999995,0.6396186682472016,1,MEDIUM
ASSAM,MORIGAON,2026-09-19,0.0,32.20000000000001,69.8,137.2,5.0,NR,0.0,NR,842.3,D,158.3,N,1186.0055009696775,34.143745701515954,0.38665662650602406,19.48167122757375,0.33799199258247997,46.08,0.5572698730344664,1,MEDIUM
ASSAM,MORIGAON,2026-09-20,1.9,11.800000000000004,46.399999999999984,128.60000000000002,8.2,LD,1.9,LD,844.2,D,160.2,N,1740.8105854672265,23.86495255870011,0.34084337349397587,31.105937596342443,0.5275158709438309,34.504999999999995,0.4199848375189858,1,MEDIUM
ASSAM,MORIGAON,2026-09-21,0.4,2.300000000000004,46.79999999999999,129.0,5.8,LD,6.9,LD,617.8,D,160.6,N,450.3096653661635,14.782513731434928,0.3416265060240964,22.02406973990511,0.34450803861043156,31.764999999999997,0.3602603844903087,0,LOW
ASSAM,N.C HILLS,2026-08-19,0.0,0.0,0.0,0.0,13.9,NR,0.0,NR,873.0,D,21.7,D,1687.4103149481266,34.08062965073484,0.25,19.164789103080526,0.5612532549783058,0.0,0.20146946511437708,0,LOW
ASSAM,N.C HILLS,2026-08-20,37.2,37.2,37.2,37.2,10.8,LE,28.9,D,910.3,N,21.7,D,972.9983192934473,39.18107472168784,0.32283132530120484,23.280840196262854,0.8036390096620417,37.2,0.5036482700377084,1,MEDIUM
ASSAM,N.C HILLS,2026-08-21,64.6,101.8,101.8,101.8,15.0,LE,28.9,D,334.7,D,21.7,D,1565.851206515623,20.998049242699636,0.44930722891566266,21.579269956385225,0.37024453491845605,88.77999999999999,0.7831861090840198,2,HIGH
ASSAM,N.C HILLS,2026-08-22,3.6,105.4,105.4,105.4,11.1,LD,28.9,D,978.4,N,21.7,D,148.232774188301,31.74341783283937,0.45635542168674703,27.401993634934797,0.31431190582731866,69.77000000000001,0.7292651876452338,2,HIGH
ASSAM,N.C HILLS,2026-08-23,7.1,75.3,112.5,112.5,10.0,D,7.1,D,985.5,N,21.7,D,1181.231633102048,21.008480847063925,0.47025602409638556,31.355973810344977,0.7451659371897712,66.31,0.6596918459755766,1,MEDIUM
ASSAM,N.C HILLS,2026-08-24,0.0,10.7,112.5,112.5,11.0,ND,28.9,D,985.5,N,21.7,D,1329.5146902568117,24.139737525659392,0.47025602409638556,25.05953621578076,0.5261619084482532,47.675,0.5408873196031161,1,MEDIUM
ASSAM,N.C HILLS,2026-08-25,1.1,8.2,113.6,113.6,8.9,LD,28.9,D,334.7,D,21.7,D,575.0996869947172,25.996415198196544,0.47240963855421686,25.049502177927558,0.7795666593064826,47.875,0.5509943728050803,1,MEDIUM
ASSAM,N.C HILLS,2026-08-26,1.8,2.9000000000000004,115.4,115.4,15.6,LD,47.9,E,988.4,N,21.7,D,392.07795273884574,36.02903256089112,0.47593373493975905,21.202175598299213,0.43367397679923236,47.515,0.5937246294046344,1,MEDIUM
ASSAM,N.C HILLS,2026-08-27,3.3,6.2,81.5,118.7,10.6,LD,3.3,LD,991.7,N,21.7,D,511.7620423801384,44.10023936515724,0.4095632530120482,24.59872584358002,0.6265192031122537,40.885,0.5691027238910581,1,MEDIUM
ASSAM,N.C HILLS,2026-08-28,1.2,6.3,18.1,119.9,7.2,LD,1.2,LD,992.9,N,21.7,D,893.1456412552027,22.774646505529294,0.2854367469879518,20.428590728581348,0.8039881325809985,24.505,0.33283623035871557,0,LOW
ASSAM,N.C HILLS,2026-08-29,36.5,41.0,51.0,156.4,8.7,LE,47.9,E,1029.4,N,21.7,D,287.18486579718,18.69260024990424,0.34984939759036143,15.018565263309814,0.35301747966874353,59.235,0.5749285229166771,1,MEDIUM
ASSAM,N.C HILLS,2026-08-30,6.9,44.6,50.8,163.3,12.6,D,47.9,E,1036.3,N,21.7,D,2370.933499537531,19.943640258895652,0.3494578313253012,29.723634938934246,0.730437135583242,50.760000000000005,0.5200501855727901,1,MEDIUM
ASSAM,N.C HILLS,2026-08-31,40.7,84.1,91.5,204.0,7.3,LE,47.9,E,1077.0,N,21.7,D,1042.2354506647525,10.355562775007265,0.4291415662650602,22.30054945386899,0.6289100499070763,88.74499999999999,0.7318530366974887,2,HIGH
ASSAM,N.C HILLS,2026-09-01,42.7,90.3,133.10000000000002,246.7,11.8,LE,47.9,E,382.6,D,21.7,D,2031.975526141535,16.87754951270891,0.5105873493975904,23.365504245917943,0.737768046776232,107.8,0.7771288010471132,2,HIGH
ASSAM,N.C HILLS,2026-09-02,5.1,88.5,136.4,251.8,8.2,D,127.0,LE,1124.9,N,21.7,D,2437.321951616674,8.45789653075225,0.5170481927710844,16.41951556224078,0.3524160069718649,95.78,0.7410002898020047,2,HIGH
ASSAM,N.C HILLS,2026-09-03,11.7,59.5,144.8,263.5,7.2,LE,127.0,LE,509.7,D,21.7,D,247.80143600671082,22.115770527169886,0.5334939759036145,29.230878727891664,0.5104518822022074,94.695,0.8049911086348113,2,HIGH
ASSAM,N.C HILLS,2026-09-04,4.1,20.9,147.7,230.4,11.9,LD,127.0,LE,1140.6,N,21.7,D,1646.5901964407353,11.694290772441956,0.539171686746988,17.895730196419038,0.3273023370861716,78.145,0.7163691964145693,2,HIGH
ASSAM,N.C HILLS,2026-09-05,0.5,16.299999999999997,111.7,166.3,8.9,LD,127.0,LE,1141.1,N,21.7,D,2184.9522625159743,18.856269838976345,0.4686897590361446,21.98055969933337,0.8260492647912188,57.12,0.584360673178498,1,MEDIUM
ASSAM,N.C HILLS,2026-09-06,1.7,6.3,106.5,164.4,10.7,LD,1.7,LD,1142.8,N,21.7,D,1603.8743632184844,36.743109975664254,0.4585090361445783,29.28451430008598,0.28761503377608066,53.455,0.6357189244885039,1,MEDIUM
ASSAM,N.C HILLS,2026-09-07,0.1,2.3,65.9,157.4,8.8,LD,127.0,LE,1142.9,N,21.7,D,1101.113997325661,14.83710602356544,0.3790210843373494,22.78230998362983,0.28929003879663295,40.695,0.43158271168265583,1,MEDIUM
ASSAM,N.C HILLS,2026-09-08,13.1,14.9,36.3,170.5,9.1,E,13.1,E,1155.9,N,21.7,D,1106.1370762129488,29.475784853682757,0.32106927710843375,30.829589702929884,0.7888937153090213,42.959999999999994,0.5011848096182804,1,MEDIUM
ASSAM,N.C HILLS,2026-09-09,33.4,46.6,64.6,202.8,13.0,LE,28.3,D,1189.3,N,21.7,D,137.95227071802933,41.04725676994451,0.3764759036144578,18.558343158151725,0.430457288882605,69.91,0.7556367799872951,2,HIGH
ASSAM,N.C HILLS,2026-09-10,0.0,46.5,52.9,201.0,12.7,NR,28.3,D,538.0,D,21.7,D,1359.7718406587246,27.677167481181876,0.3535692771084337,27.158958109231115,0.6082120197082901,55.0,0.5854416131520683,1,MEDIUM
ASSAM,N.C HILLS,2026-09-11,0.0,33.4,48.8,197.7,10.7,NR,28.3,D,1189.3,N,21.7,D,2484.1803421277764,12.751704510896506,0.3455421686746988,31.625974900549366,0.42248531734438405,50.205,0.4833501021792774,1,MEDIUM
ASSAM,N.C HILLS,2026-09-12,77.2,77.2,125.5,273.7,10.3,LE,77.2,LE,1266.5,N,21.7,D,2398.8334386312386,18.790647758638173,0.49570783132530116,24.343431832745285,0.639255025376519,118.75,0.7826555563034521,2,HIGH
ASSAM,N.C HILLS,2026-09-13,2.1,79.3,125.9,239.3,13.0,LD,28.3,D,1268.6,N,21.7,D,148.9781106632998,28.614768287362644,0.4964909638554217,26.767126276947877,0.36548162156201636,87.93,0.8264749407149183,2,HIGH
ASSAM,N.C HILLS,2026-09-14,0.0,79.3,125.8,232.4,11.2,NR,0.0,NR,1268.6,N,21.7,D,1779.202658892246,25.26444559039414,0.4962951807228916,21.684853213217146,0.5253216748308815,86.13499999999999,0.8115454609907745,2,HIGH
ASSAM,N.C HILLS,2026-09-15,0.0,2.1,112.7,191.7,6.9,NR,28.3,D,538.0,D,21.7,D,789.3239234074805,10.944793451076151,0.47064759036144577,27.77273477533297,0.5700953048682367,57.455,0.5519760416494751,1,MEDIUM
ASSAM,N.C HILLS,2026-09-16,0.0,0.0,79.3,149.0,6.8,NR,0.0,NR,1268.6,N,21.7,D,2262.3234258450348,22.871853787622758,0.4052560240963855,30.450858960903396,0.45018573417227803,42.175,0.48308046831932927,1,MEDIUM
ASSAM,N.C HILLS,2026-09-17,15.9,15.9,95.2,159.79999999999998,6.3,LE,7.1,LD,1284.5,N,21.7,D,160.53112698773242,26.722667796409937,0.43638554216867476,26.951944639858997,0.4010203667613712,57.31,0.6142148065710967,1,MEDIUM
ASSAM,N.C HILLS,2026-09-18,16.3,32.2,111.5,164.4,7.8,LE,16.3,LE,1300.9,N,21.7,D,2342.8915499271475,15.693308578302897,0.46829819277108437,30.910788093476647,0.33412400060273006,66.29,0.6355348488949997,1,MEDIUM
ASSAM,N.C HILLS,2026-09-19,0.0,32.2,34.3,160.3,8.2,NR,0.0,NR,1300.9,N,21.7,D,2101.8155722800534,29.497820613594076,0.3171536144578313,25.007095083869263,0.6736866017847518,40.67,0.48418989552504477,1,MEDIUM
ASSAM,N.C HILLS,2026-09-20,0.0,16.3,32.2,159.8,6.2,NR,0.0,NR,1300.9,N,21.7,D,337.8857365188737,7.806403979408394,0.3130421686746988,24.81133648766637,0.35096962959665395,36.095,0.3543774844074068,0,LOW
ASSAM,N.C HILLS,2026-09-21,0.0,0.0,32.2,158.1,7.7,NR,7.1,LD,545.2,D,21.7,D,196.569626427383,18.464281342620673,0.3130421686746988,20.17866559785564,0.42527583471288677,31.765,0.3709069286256993,0,LOW
ASSAM,NAGAON,2026-08-19,0.0,0.0,0.0,0.0,13.2,NR,0.0,NR,1006.4,N,199.7,N,2095.033777600993,37.17107331110298,0.25,27.06366734978436,0.4521452587699104,0.0,0.2152047702715688,0,LOW
ASSAM,NAGAON,2026-08-20,8.7,8.7,8.7,8.7,7.9,N,15.3,LD,1015.0,N,208.3,N,431.60629388771946,15.371392036326217,0.2670331325301205,29.99319286985464,0.5226200781878021,8.7,0.18368660959037816,0,LOW
ASSAM,NAGAON,2026-08-21,0.0,8.7,8.7,8.7,11.7,NR,15.3,LD,336.3,D,208.3,N,1360.5004747908827,29.20707400012313,0.2670331325301205,25.98737584419183,0.6715412197300401,5.654999999999999,0.2234915896286813,0,LOW
ASSAM,NAGAON,2026-08-22,17.5,26.2,26.2,26.2,11.4,E,15.3,LD,1032.5,N,225.9,N,2293.574901802838,21.401188548412478,0.3012951807228916,18.961666750175908,0.5067670807922233,23.155,0.32028876009944635,0,LOW
ASSAM,NAGAON,2026-08-23,31.9,49.4,58.1,58.1,13.0,LE,31.9,LE,1064.5,N,257.8,N,1440.247878195842,17.658405696609872,0.36375,24.24985495026867,0.7726561728612901,46.754999999999995,0.4842278196432147,1,MEDIUM
ASSAM,NAGAON,2026-08-24,49.1,98.5,107.2,107.2,12.3,LE,15.3,LD,1113.6,N,306.9,N,1023.221588608419,41.64526751640108,0.4598795180722892,27.850936088174056,0.6578713879721108,84.69,0.8770659814651293,2,HIGH
ASSAM,NAGAON,2026-08-25,1.1,82.1,108.3,108.3,11.0,LD,15.3,LD,336.3,D,308.0,N,1140.2893343922808,18.730468723215342,0.46203313253012046,30.969176352836797,0.753092029678108,64.22999999999999,0.63310870208102,1,MEDIUM
ASSAM,NAGAON,2026-08-26,4.0,54.2,112.3,112.3,6.9,D,18.8,LD,1118.7,N,312.0,N,204.63706822448398,14.467036059480733,0.4698644578313253,17.662132841849417,0.6798123767985644,59.87,0.5846738134749212,1,MEDIUM
ASSAM,NAGAON,2026-08-27,0.0,5.1,103.6,112.3,12.1,NR,0.0,NR,1118.7,N,312.0,N,2423.443187335917,41.37205262561082,0.45283132530120485,17.16745054643153,0.33917907990225976,44.019999999999996,0.5879589970463043,1,MEDIUM
ASSAM,NAGAON,2026-08-28,5.6,9.6,109.2,117.9,7.1,D,5.6,D,1124.2,N,317.5,N,811.1027534486528,34.8377742374326,0.4637951807228916,22.020040013959402,0.8367563811184541,49.345,0.5990359674472977,1,MEDIUM
ASSAM,NAGAON,2026-08-29,0.0,5.6,91.7,117.9,13.7,NR,18.8,LD,1124.2,N,317.5,N,513.9405545984919,32.27198854792789,0.4295331325301205,17.135389880864384,0.7219517594610193,42.01,0.5285391123451015,1,MEDIUM
ASSAM,NAGAON,2026-08-30,0.0,5.6,59.80000000000001,117.9,16.1,NR,18.8,LD,1124.2,N,317.5,N,750.8158895089684,6.981397682675032,0.3670783132530121,31.667291512587013,0.5936330611804075,34.035,0.3468463943721901,0,LOW
ASSAM,NAGAON,2026-08-31,1.6,1.6,12.3,119.5,10.2,LD,18.8,LD,1125.8,N,319.1,N,2412.7143274841233,10.248198428631031,0.2740813253012048,22.213174243803508,0.3491385644428757,21.96,0.25676617751549496,0,LOW
ASSAM,NAGAON,2026-09-01,4.7,6.300000000000001,15.9,124.2,12.4,LD,18.8,LD,355.1,D,4.7,LD,281.00083104561713,30.533598552386515,0.28112951807228914,24.071378824154383,0.3536083891473847,25.825,0.3758602508824849,0,LOW
ASSAM,NAGAON,2026-09-02,5.8,12.1,17.7,130.0,11.4,D,101.6,LE,1136.2,N,10.5,D,2174.8924492278943,13.37731346105041,0.2846536144578313,18.860492281977113,0.618598704916085,28.98,0.32278529024785513,0,LOW
ASSAM,NAGAON,2026-09-03,0.0,10.5,17.7,130.0,15.2,NR,101.6,LE,456.7,D,10.5,LD,1784.217541283547,14.025519425214362,0.2846536144578313,22.635144100127796,0.49971827980120676,26.55,0.30835938668981094,0,LOW
ASSAM,NAGAON,2026-09-04,1.8,7.599999999999999,13.9,123.1,12.0,LD,101.6,LE,1138.0,N,12.3,LD,2083.546988939619,36.165540613744426,0.27721385542168675,31.739796892640737,0.6555157003090875,24.47,0.3904574618007391,0,LOW
ASSAM,NAGAON,2026-09-05,9.8,11.6,23.700000000000003,132.9,10.7,N,101.6,LE,1147.8,N,22.1,LD,2440.948973901346,16.436997953477707,0.29640060240963856,23.307681573238483,0.4734566349398216,32.19,0.36159537975657424,0,LOW
ASSAM,NAGAON,2026-09-06,3.4,15.0,27.1,118.8,11.7,LD,3.4,LD,1151.2,N,25.4,LD,2113.278906016336,7.86349208607664,0.30305722891566267,15.150006738676266,0.5577071028739569,29.535,0.3059129323451562,0,LOW
ASSAM,NAGAON,2026-09-07,0.7,13.9,26.2,87.60000000000001,10.7,LD,101.6,LE,1151.9,N,26.1,LD,2361.2867606307395,6.457277892394444,0.3012951807228916,19.12296801426072,0.36277482277837725,23.41,0.25568752707407966,0,LOW
ASSAM,NAGAON,2026-09-08,0.0,4.099999999999998,21.5,38.5,11.5,NR,0.0,NR,1151.9,N,26.1,LD,360.9913791377534,22.72711948981151,0.2920933734939759,31.63373211813457,0.34312068657629596,12.174999999999999,0.24614024311810084,0,LOW
ASSAM,NAGAON,2026-09-09,8.5,9.199999999999998,24.2,45.9,11.9,D,43.8,N,1160.4,N,34.6,LD,1999.6819846590765,29.68514310738584,0.29737951807228913,31.81414772798245,0.2953868582190944,18.21,0.32110418292231274,0,LOW
ASSAM,NAGAON,2026-09-10,0.0,8.499999999999998,24.2,41.9,12.2,NR,43.8,N,500.4,D,34.6,LD,1386.905450498567,39.75540933567211,0.29737951807228913,18.578382526118997,0.7417835829391314,14.459999999999997,0.3391528677728314,0,LOW
ASSAM,NAGAON,2026-09-11,0.0,8.499999999999998,22.4,41.9,12.5,NR,43.8,N,1160.4,N,34.6,LD,1381.5642079456586,9.432175801305572,0.293855421686747,25.459489493345508,0.5832317509477967,14.009999999999998,0.2004731552032923,0,LOW
ASSAM,NAGAON,2026-09-12,22.1,22.1,34.7,58.4,9.6,LE,22.1,LE,1182.5,N,56.7,LD,2252.3578619852583,12.866913051531853,0.3179367469879518,16.307441618592044,0.8182846239439974,30.695,0.33938795382543185,0,LOW
ASSAM,NAGAON,2026-09-13,21.1,43.2,52.400000000000006,79.5,8.3,LE,43.8,N,1203.5,N,77.8,D,2430.9193556844425,26.192024436298844,0.35259036144578315,24.816507921558696,0.6996917688155968,43.21,0.4946750726712795,1,MEDIUM
ASSAM,NAGAON,2026-09-14,19.9,63.1,71.6,99.4,8.7,LE,19.9,LE,1223.4,N,97.7,D,1776.8538914557932,19.564334489679002,0.39018072289156625,17.140651925269438,0.7112578961496964,55.55,0.5606240480357112,1,MEDIUM
ASSAM,NAGAON,2026-09-15,18.6,59.6,90.2,116.4,8.9,LE,43.8,N,500.4,D,116.2,D,1233.1990542058707,24.301498049819784,0.4265963855421687,28.917245901925185,0.5554350605182092,61.42,0.6307682479367899,1,MEDIUM
ASSAM,NAGAON,2026-09-16,0.4,38.9,82.10000000000001,112.1,10.0,LD,0.4,LD,1242.4,N,116.6,D,1168.1894518595211,41.96498595936862,0.41073795180722894,30.972774789238155,0.7392723619153904,47.205,0.6048596220899455,1,MEDIUM
ASSAM,NAGAON,2026-09-17,11.1,30.1,93.2,117.4,8.7,E,57.3,E,1253.4,N,127.7,D,996.5365701967954,26.795666154587487,0.4324698795180723,17.940775736841204,0.8152380671882901,52.32,0.5782165940764572,1,MEDIUM
ASSAM,NAGAON,2026-09-18,9.9,21.4,103.1,127.3,8.3,E,9.9,E,1263.4,N,137.6,D,935.9176224530235,21.604824424483038,0.4518524096385542,22.86610686611201,0.6830441514012626,53.684999999999995,0.5687444240460393,1,MEDIUM
ASSAM,NAGAON,2026-09-19,0.0,21.0,81.0,125.5,9.3,NR,0.0,NR,1263.4,N,137.6,D,1009.1917621268569,44.57759626798979,0.4085843373493976,16.734730974068782,0.3133533645322008,44.325,0.5955287151426766,1,MEDIUM
ASSAM,NAGAON,2026-09-20,0.0,9.9,59.9,115.7,11.0,NR,0.0,NR,1263.4,N,137.6,D,269.8954263654284,7.608626795981452,0.36727409638554215,20.765380120240575,0.6406119155521037,34.805,0.35515728968945426,0,LOW
ASSAM,NAGAON,2026-09-21,13.3,13.3,53.3,125.6,11.2,N,57.3,E,557.7,D,150.9,D,239.7184088880736,42.28453793484688,0.3543524096385542,16.10666183092895,0.32225992734465514,40.144999999999996,0.5447203817704518,1,MEDIUM
ASSAM,NALBARI,2026-08-19,19.5,19.5,19.5,19.5,8.2,LE,19.5,LE,488.6,D,150.1,D,1960.6811174871636,25.06647368261932,0.2881777108433735,19.49729097629626,0.2963334534512007,19.5,0.3079239723669022,0,LOW
ASSAM,NALBARI,2026-08-20,5.7,25.2,25.2,25.2,8.4,D,22.9,LD,494.2,D,155.8,D,1142.878587654554,25.150253510685523,0.2993373493975904,31.833802340518126,0.6657402430695627,18.375,0.3025158386865915,0,LOW
ASSAM,NALBARI,2026-08-21,0.7,25.9,25.9,25.9,11.1,LD,22.9,LD,427.6,LD,156.4,D,2330.1769969343204,41.87857336812837,0.3007078313253012,15.758255544463832,0.7508712591544231,17.08,0.36791484203284447,0,LOW
ASSAM,NALBARI,2026-08-22,0.1,6.5,26.0,26.0,8.6,LD,22.9,LD,495.0,D,156.6,D,1549.9414710551835,25.29295918372278,0.3009036144578313,29.6024616035174,0.34530489443761997,12.06,0.25848697629626044,0,LOW
ASSAM,NALBARI,2026-08-23,0.0,0.7999999999999999,26.0,26.0,13.6,NR,0.0,NR,495.0,D,156.6,D,136.1811563518284,22.536283621205953,0.3009036144578313,16.316693821819783,0.29448916477962683,10.6,0.235836749239264,0,LOW
ASSAM,NALBARI,2026-08-24,0.0,0.1,26.0,26.0,14.6,NR,22.9,LD,495.0,D,156.6,D,435.93218622782473,15.89954368468796,0.3009036144578313,23.99294782899512,0.7819137365152263,10.425,0.20509375144856368,0,LOW
ASSAM,NALBARI,2026-08-25,0.1,0.1,26.1,26.1,17.2,LD,22.9,LD,427.6,LD,156.6,D,554.2584928818685,31.352670672696835,0.3010993975903614,22.686036471264877,0.32932560219452134,10.5,0.27434763354505753,0,LOW
ASSAM,NALBARI,2026-08-26,0.0,0.1,6.6000000000000005,26.1,7.8,NR,75.9,D,495.1,D,156.6,D,2440.5532597546685,27.785803639190462,0.26292168674698796,30.836429220350965,0.2710516562462423,5.59,0.21588960371069507,0,LOW
ASSAM,NALBARI,2026-08-27,0.1,0.2,1.0,26.2,8.5,LD,0.1,LD,495.2,D,156.7,D,585.8253540715054,13.573817477911323,0.2519578313253012,18.383847658846523,0.6826326212598934,4.265,0.14109560396121373,0,LOW
ASSAM,NALBARI,2026-08-28,1.7,1.8,2.0,27.9,9.0,LD,1.7,LD,496.9,D,158.4,D,1313.6014069057258,33.376516602452995,0.2539156626506024,18.054594261453797,0.7586293324572058,5.7299999999999995,0.23993311274196993,0,LOW
ASSAM,NALBARI,2026-08-29,0.3,2.1,2.2,28.2,7.0,LD,75.9,D,497.2,D,158.8,D,2343.6334825184804,30.76347429346562,0.25430722891566265,27.728139505653147,0.5586840048785358,5.41,0.22611881735199896,0,LOW
ASSAM,NALBARI,2026-08-30,0.7,2.7,2.9,28.9,8.3,LD,75.9,D,497.9,D,159.4,D,2444.1221882901755,20.89335536826163,0.2556777108433735,27.337231042706016,0.5739551464562727,5.98,0.18658534271357577,0,LOW
ASSAM,NALBARI,2026-08-31,10.7,11.7,13.6,39.6,9.6,N,75.9,D,508.6,D,170.2,D,629.0830666896842,5.176036876142023,0.2766265060240964,26.88609009837758,0.4521163076364272,16.01,0.19235549450569656,0,LOW
ASSAM,NALBARI,2026-09-01,8.7,20.1,22.2,48.3,8.0,N,75.9,D,503.5,LD,8.7,N,170.3382271875983,22.863246007047508,0.29346385542168674,15.444160974930472,0.39307791931973957,20.865000000000002,0.3089108099148623,0,LOW
ASSAM,NALBARI,2026-09-02,6.7,26.1,28.9,55.0,9.2,D,37.3,D,524.0,D,15.3,N,426.3244897175083,5.242324685210069,0.3065813253012048,19.419314674323445,0.7031392421053517,24.345,0.2580041720739834,0,LOW
ASSAM,NALBARI,2026-09-03,0.0,15.4,28.8,35.5,7.1,NR,37.3,D,540.8,LD,15.3,D,205.15477282126733,7.999939571961594,0.3063855421686747,29.278218023523088,0.7595706448726255,16.375,0.2134575642997074,0,LOW
ASSAM,NALBARI,2026-09-04,0.1,6.8,27.2,29.9,8.1,LD,37.3,D,524.0,D,15.4,D,528.0543906762241,22.224396099233363,0.30325301204819277,25.214588064765135,0.442746854899118,13.02,0.2521560594701638,0,LOW
ASSAM,NALBARI,2026-09-05,0.1,0.2,27.0,29.3,7.7,LD,37.3,D,524.1,D,15.5,LD,1442.9958010241517,8.276795367413108,0.3028614457831325,25.237313652447085,0.41429151092539085,11.23,0.17733976521636713,0,LOW
ASSAM,NALBARI,2026-09-06,0.2,0.4,26.5,29.4,4.1,LD,0.2,LD,524.3,D,15.6,LD,2285.499550924322,16.02661735148665,0.30188253012048194,20.0305822918818,0.41067503172703,11.204999999999998,0.21140958165344031,0,LOW
ASSAM,NALBARI,2026-09-07,0.0,0.3,15.8,29.4,6.4,NR,37.3,D,524.3,D,15.6,LD,1366.186265051133,31.219654742358735,0.28093373493975904,19.422942505468114,0.28035725081341367,8.434999999999999,0.2550160840650031,0,LOW
ASSAM,NALBARI,2026-09-08,0.1,0.3,7.2,29.5,6.4,LD,0.1,LD,524.3,D,15.7,LD,1583.674413912748,17.344613704376762,0.2640963855421687,31.09143309631033,0.4186450149042286,6.335,0.17502525492034302,0,LOW
ASSAM,NALBARI,2026-09-09,0.6,0.7,1.1,30.0,6.7,LD,15.8,LD,524.9,D,16.3,LD,544.5747664433757,44.90594376486042,0.2521536144578313,27.37183974050461,0.265390550181403,5.16,0.2867629774038408,0,LOW
ASSAM,NALBARI,2026-09-10,0.1,0.8,1.2,30.1,4.7,LD,15.8,LD,556.6,LD,16.3,LD,2011.4298706509328,41.65208135659925,0.25234939759036146,17.156724002631236,0.7230445734810237,5.05,0.27155708707800247,0,LOW
ASSAM,NALBARI,2026-09-11,0.0,0.7000000000000001,1.1,30.0,6.4,NR,15.8,LD,525.0,D,16.3,LD,1563.582825838679,28.412396183420945,0.2521536144578313,30.941018016443984,0.403556097418576,4.95,0.2119626704655876,0,LOW
ASSAM,NALBARI,2026-09-12,10.2,10.3,11.2,38.5,4.8,LE,10.2,LE,535.1,D,26.5,LD,2167.1352315221757,43.67788554539722,0.27192771084337347,24.90029258090693,0.6640931136108181,14.719999999999999,0.3533474923324625,0,LOW
ASSAM,NALBARI,2026-09-13,0.1,10.3,11.1,38.3,6.1,LD,15.8,LD,535.3,D,26.6,LD,2374.6656121641713,39.720691777300885,0.27173192771084337,20.667160238270498,0.5759130313243337,11.129999999999999,0.31015229754073864,0,LOW
ASSAM,NALBARI,2026-09-14,0.0,10.3,11.1,37.6,6.6,NR,0.0,NR,535.3,D,26.6,LD,902.3569006036511,17.75594075361948,0.27173192771084337,21.751370588793172,0.7524781779863192,10.989999999999998,0.21153408119943604,0,LOW
ASSAM,NALBARI,2026-09-15,0.1,0.2,11.099999999999998,27.0,7.8,LD,15.8,LD,556.6,LD,26.7,LD,271.91869341182644,34.98384983941237,0.27173192771084337,27.331876675994508,0.826227236534213,6.909999999999999,0.2590442033364333,0,LOW
ASSAM,NALBARI,2026-09-16,0.0,0.1,10.499999999999998,18.3,10.1,NR,0.0,NR,535.3,D,26.7,LD,603.525946896117,10.473271360157895,0.27055722891566264,21.396635078663422,0.470374968477499,5.395,0.13908330543264164,0,LOW
ASSAM,NALBARI,2026-09-17,0.8,0.9,11.2,12.4,12.5,LD,7.9,LD,536.1,LD,27.5,LD,1122.711835905801,32.38205697514964,0.27192771084337347,24.838661585016318,0.3030044919337823,5.164999999999999,0.23509168835415717,0,LOW
ASSAM,NALBARI,2026-09-18,0.0,0.8,11.2,12.4,12.6,NR,0.0,NR,536.1,LD,27.5,LD,2366.9494469699594,24.64327305978322,0.27192771084337347,27.078491443022884,0.6997874586315537,4.859999999999999,0.1985248381208125,0,LOW
ASSAM,NALBARI,2026-09-19,0.0,0.8,1.0,12.3,7.6,NR,0.0,NR,536.1,LD,27.5,LD,976.8590648148673,5.673037570112989,0.2519578313253012,18.321374954201396,0.26278139571951004,2.295,0.09195039558909482,0,LOW
ASSAM,NALBARI,2026-09-20,0.0,0.0,0.9,12.2,7.7,NR,0.0,NR,536.1,LD,27.5,LD,1938.3943734801564,15.96919289561483,0.2517620481927711,31.052105266123338,0.3837780006917477,2.0549999999999997,0.1359626138458732,0,LOW
ASSAM,NALBARI,2026-09-21,0.0,0.0,0.9,12.0,8.2,NR,7.9,LD,564.5,LD,27.5,LD,1374.1678958183497,43.21528869616994,0.2517620481927711,21.054937114401966,0.28195040108388314,2.025,0.2568427085279166,0,LOW
ASSAM,SIBSAGAR,2026-08-19,8.3,8.3,8.3,8.3,9.8,N,8.3,N,618.2,D,168.0,N,497.88148755589253,17.633259403539228,0.26625,22.129370870307543,0.7888890229718892,8.3,0.19073386785150187,0,LOW
ASSAM,SIBSAGAR,2026-08-20,0.0,8.3,8.3,8.3,6.0,NR,64.8,N,618.2,D,168.0,N,835.7985914359565,12.258178212057626,0.26625,26.87474425375295,0.2531782490209434,5.3950000000000005,0.14615477899128568,0,LOW
ASSAM,SIBSAGAR,2026-08-21,0.0,8.3,8.3,8.3,7.6,NR,64.8,N,618.2,D,168.0,D,1650.3201183059057,12.501257862888334,0.26625,25.34934651959199,0.5456452990091392,5.3950000000000005,0.1472351329949777,0,LOW
ASSAM,SIBSAGAR,2026-08-22,0.0,0.0,8.3,8.3,9.2,NR,64.8,N,618.2,D,168.0,D,1698.490816977989,24.16853058567796,0.26625,22.482037227966046,0.5043994762953881,3.3200000000000003,0.18431122191509972,0,LOW
ASSAM,SIBSAGAR,2026-08-23,41.7,41.7,50.0,50.0,8.4,LE,41.7,LE,659.9,D,209.7,N,1115.1613796821632,38.7059696268214,0.34789156626506024,26.045614685113456,0.6416467987288836,45.02,0.5622439351845085,1,MEDIUM
ASSAM,SIBSAGAR,2026-08-24,6.8,48.5,56.8,56.8,11.6,D,64.8,N,666.7,D,216.5,N,610.1817265221808,35.32007060533386,0.36120481927710846,30.34808122872476,0.4238464531415499,37.224999999999994,0.4943410042309283,1,MEDIUM
ASSAM,SIBSAGAR,2026-08-25,0.0,48.5,56.8,56.8,10.8,NR,64.8,N,618.2,D,216.5,N,1818.671609806057,22.474080301510973,0.36120481927710846,28.604821482972117,0.774217240281675,34.845,0.4202970024232786,1,MEDIUM
ASSAM,SIBSAGAR,2026-08-26,0.1,6.9,48.6,56.9,6.4,LD,48.7,N,666.8,D,216.6,N,463.7389519511512,13.349075337478421,0.3451506024096386,29.012403169231153,0.690607444948836,22.445,0.2882159497307624,0,LOW
ASSAM,SIBSAGAR,2026-08-27,0.0,0.1,48.6,56.9,7.6,NR,0.0,NR,666.8,D,216.6,D,2344.8407450695604,6.842596004087644,0.3451506024096386,19.39294294564432,0.5093766555953397,20.71,0.24694133751414507,0,LOW
ASSAM,SIBSAGAR,2026-08-28,0.0,0.1,48.6,56.9,8.2,NR,0.0,NR,666.8,D,216.6,D,510.3637686393679,23.50521277930924,0.3451506024096386,22.129856938059838,0.4648157497075248,20.71,0.32099741207068544,0,LOW
ASSAM,SIBSAGAR,2026-08-29,0.0,0.0,48.6,56.9,9.5,NR,48.7,N,666.8,D,216.6,D,312.91528893967507,37.59101394072766,0.3451506024096386,24.414925408119007,0.7395329484985507,20.685000000000002,0.3834229190951549,0,LOW
ASSAM,SIBSAGAR,2026-08-30,4.9,4.9,11.799999999999994,61.8,12.5,LD,48.7,N,671.7,D,221.5,D,1269.236870795178,34.18727974377255,0.2731024096385542,15.751243925745209,0.7042361791214624,15.159999999999998,0.3145357068579011,0,LOW
ASSAM,SIBSAGAR,2026-08-31,12.3,17.200000000000003,17.299999999999994,74.1,5.6,LE,48.7,N,684.0,D,233.8,D,1322.8965153687504,21.344030705090013,0.2838704819277108,28.086467066414517,0.4894000348144285,24.044999999999998,0.3228884969500685,0,LOW
ASSAM,SIBSAGAR,2026-09-01,13.0,30.200000000000003,30.299999999999997,87.1,8.5,E,48.7,N,666.8,D,13.0,E,1295.0726412066997,28.788106876704013,0.3093222891566265,20.49887821505651,0.4548231175660763,32.74,0.42299071578734004,1,MEDIUM
ASSAM,SIBSAGAR,2026-09-02,4.9,30.200000000000003,35.099999999999994,92.0,8.1,D,35.0,D,701.8,D,17.8,N,1119.8353488801567,22.449860837848703,0.3187198795180723,19.804133326697244,0.2733327937975253,31.839999999999996,0.3902903185186691,0,LOW
ASSAM,SIBSAGAR,2026-09-03,0.0,17.9,35.099999999999994,83.7,8.6,NR,35.0,D,701.8,D,17.8,D,2487.2964874325403,28.160644391607114,0.3187198795180723,19.407964159054487,0.2990243472640874,25.805,0.37268941728048754,0,LOW
ASSAM,SIBSAGAR,2026-09-04,3.3,8.2,38.39999999999999,87.0,8.5,LD,35.0,D,705.2,D,21.2,D,1241.3875010429256,25.700209775741968,0.32518072289156624,19.817447512141094,0.28235107333254084,25.854999999999997,0.36340242838167724,0,LOW
ASSAM,SIBSAGAR,2026-09-05,10.5,13.8,48.89999999999999,97.5,5.9,LE,35.0,D,715.6,D,31.6,D,1220.969122812586,32.238664005006356,0.3457379518072289,20.746252146683148,0.2646492918088161,33.974999999999994,0.4544055102081028,1,MEDIUM
ASSAM,SIBSAGAR,2026-09-06,0.0,13.8,43.99999999999999,97.5,7.3,NR,0.0,NR,715.6,D,31.6,D,1083.3268536506753,25.308353741324957,0.336144578313253,25.282017487294706,0.3417234292844685,29.075,0.3867869327422425,0,LOW
ASSAM,SIBSAGAR,2026-09-07,38.6,49.1,70.3,94.4,8.9,LE,35.0,D,754.2,D,70.2,E,213.72309901858412,42.624439926702344,0.3876355421686747,24.920610472301075,0.7642850906083449,57.519999999999996,0.6766350003931407,1,MEDIUM
ASSAM,SIBSAGAR,2026-09-08,3.0,41.6,60.29999999999999,90.6,5.9,D,3.0,D,757.2,D,73.2,N,1502.7437463165593,22.121127263267446,0.3680572289156626,19.34709981123188,0.728895586453519,40.114999999999995,0.4576325226539856,1,MEDIUM
ASSAM,SIBSAGAR,2026-09-09,4.7,46.3,60.1,95.3,8.2,D,60.1,N,761.9,D,77.9,N,608.5210419467969,5.636652121588437,0.3676656626506024,18.509212701744527,0.7573443086969183,42.54,0.401561083653695,1,MEDIUM
ASSAM,SIBSAGAR,2026-09-10,0.0,7.7,60.1,95.2,8.1,NR,60.1,N,761.9,D,77.9,N,1612.1420015611723,14.454941416359382,0.3676656626506024,29.048089231213066,0.6242802168552831,31.229999999999997,0.36020198983067925,0,LOW
ASSAM,SIBSAGAR,2026-09-11,0.0,4.7,56.79999999999999,95.2,10.1,NR,60.1,N,761.9,D,77.9,N,174.541981773769,25.024274324266237,0.36120481927710846,16.576296740498233,0.624437860744402,29.654999999999998,0.3946672514244277,0,LOW
ASSAM,SIBSAGAR,2026-09-12,10.6,10.6,56.89999999999999,105.8,8.4,E,10.6,E,772.5,D,88.5,N,2454.398398069854,26.622874075546477,0.36140060240963856,23.71798830041577,0.32435904793181,36.455,0.4502419003156497,1,MEDIUM
ASSAM,SIBSAGAR,2026-09-13,25.3,35.9,82.19999999999999,131.1,6.5,LE,60.1,N,797.8,D,113.8,N,1199.0624435810469,27.09539157248214,0.41093373493975904,23.84953486121769,0.6693792121854321,58.044999999999995,0.6160157738137955,1,MEDIUM
ASSAM,SIBSAGAR,2026-09-14,0.0,35.900000000000006,43.59999999999999,126.20000000000002,7.4,NR,0.0,NR,797.8,D,113.8,N,2247.0506603972112,33.582083930803286,0.33536144578313254,24.760325715797567,0.41801584652228374,38.80500000000001,0.49270093770616963,1,MEDIUM
ASSAM,SIBSAGAR,2026-09-15,7.6,32.9,48.19999999999999,121.5,8.3,N,60.1,N,761.9,D,121.5,N,1215.1248744206903,15.985925704701117,0.34436746987951805,30.056051970421308,0.5615519978717207,41.16,0.4330696527293726,1,MEDIUM
ASSAM,SIBSAGAR,2026-09-16,4.7,12.300000000000004,48.19999999999998,113.2,8.1,D,4.7,D,810.1,D,126.1,N,197.81050550684324,31.596147161659086,0.34436746987951805,25.60653698161105,0.8228335622805144,33.75,0.449673300171172,1,MEDIUM
ASSAM,SIBSAGAR,2026-09-17,22.3,34.60000000000001,70.49999999999999,130.60000000000002,7.7,LE,48.2,N,832.4,D,148.4,N,2064.423187929827,33.16129092476851,0.3880271084337349,31.551774026216396,0.7723692365910564,53.67,0.60723460492391,1,MEDIUM
ASSAM,SIBSAGAR,2026-09-18,9.9,36.900000000000006,80.39999999999999,140.5,5.4,LE,9.9,LE,842.3,D,158.3,N,1638.050137684479,21.45123010483305,0.40740963855421686,29.81300241692837,0.38991610437747526,53.864999999999995,0.5604552149977146,1,MEDIUM
ASSAM,SIBSAGAR,2026-09-19,0.0,32.20000000000001,69.8,137.2,5.0,NR,0.0,NR,842.3,D,158.3,N,1965.3047665561655,21.08676396585288,0.38665662650602406,18.650584411282598,0.6919903694201761,46.08,0.4992388430981861,1,MEDIUM
ASSAM,SIBSAGAR,2026-09-20,1.9,11.800000000000004,46.399999999999984,128.60000000000002,8.2,LD,1.9,LD,844.2,D,160.2,N,1099.0161655967397,12.15699142625799,0.34084337349397587,19.100116273830118,0.3124544499755266,34.504999999999995,0.3679494547081319,0,LOW
ASSAM,SIBSAGAR,2026-09-21,0.4,2.300000000000004,46.79999999999999,129.0,5.8,LD,48.2,N,810.1,D,160.6,N,1612.9450234042802,21.55949505021495,0.3416265060240964,20.8611603105579,0.26604549144641954,31.764999999999997,0.3903803014626644,0,LOW
ASSAM,SONITPUR,2026-08-19,26.3,26.3,26.3,26.3,6.6,LE,26.3,LE,826.6,N,242.6,E,2147.7610593016884,36.47265166828049,0.3014909638554217,21.655745056362232,0.2669045648691161,26.3,0.4097113518312764,1,MEDIUM
ASSAM,SONITPUR,2026-08-20,2.5,28.8,28.8,28.8,5.6,D,47.0,D,829.1,N,245.1,E,1596.1103350361243,41.358920221995355,0.3063855421686747,24.400917045230823,0.3521478905308074,19.595,0.3846530161734943,0,LOW
ASSAM,SONITPUR,2026-08-21,4.3,33.1,33.1,33.1,7.3,D,47.0,D,826.6,N,249.4,E,901.8004053479631,28.744527652718617,0.3148042168674699,18.95271475923776,0.6669690412562758,23.02,0.35466614007226,0,LOW
ASSAM,SONITPUR,2026-08-22,0.0,6.8,33.1,33.1,11.0,LD,47.0,D,833.4,N,249.4,E,1673.1975061971896,16.974813734171953,0.3148042168674699,18.779868078934015,0.4679835360748112,14.94,0.2448093468742033,0,LOW
ASSAM,SONITPUR,2026-08-23,11.4,15.7,44.5,44.5,10.0,N,11.4,N,844.8,N,260.8,E,1696.0427621044648,32.29158874638926,0.33712349397590363,21.483629275257353,0.25956546338001507,25.715,0.39408889956536974,0,LOW
ASSAM,SONITPUR,2026-08-24,1.3,12.7,45.8,45.8,8.1,LD,47.0,D,846.1,N,262.1,N,2403.438058141231,34.60584834784015,0.3396686746987952,26.424392924616782,0.8428135788261051,21.949999999999996,0.37806864778098637,0,LOW
ASSAM,SONITPUR,2026-08-25,4.8,17.5,50.6,50.6,7.8,D,47.0,D,826.6,N,266.9,N,958.7351877770895,18.288511151226494,0.34906626506024097,26.698135422635204,0.570027041939196,26.294999999999998,0.3383723990356334,0,LOW
ASSAM,SONITPUR,2026-08-26,17.2,23.3,41.5,67.8,5.9,LE,41.5,D,868.1,N,284.1,E,1091.4503304096213,38.06191445958187,0.33125,31.59398458068492,0.4863281290667905,32.39,0.4661004288453423,1,MEDIUM
ASSAM,SONITPUR,2026-08-27,0.0,22.0,39.0,67.8,8.5,NR,0.0,NR,868.1,N,284.1,N,2039.701254908295,7.947833285533603,0.326355421686747,18.44106237667084,0.5613099370292989,25.42,0.2816397828158643,0,LOW
ASSAM,SONITPUR,2026-08-28,7.5,24.700000000000003,42.2,75.3,14.3,D,7.5,D,875.6,N,291.6,N,1289.117671119716,5.430148704001021,0.3326204819277109,21.67860558156867,0.56198254591513,30.645000000000003,0.30891630743846626,0,LOW
ASSAM,SONITPUR,2026-08-29,10.2,17.7,52.4,85.5,8.4,E,41.5,D,885.8,N,301.8,N,1854.604078133546,9.918830905282103,0.35259036144578315,31.399517464964028,0.5321419462557961,33.92,0.35618501579033635,0,LOW
ASSAM,SONITPUR,2026-08-30,17.3,35.0,58.3,102.8,15.6,N,41.5,D,903.1,N,319.1,N,1176.2881879113006,11.24033391310039,0.3641415662650602,26.730148625314385,0.6177693426789824,44.8,0.4418575706256035,1,MEDIUM
ASSAM,SONITPUR,2026-08-31,42.4,69.9,99.4,145.2,8.4,LE,41.5,D,945.5,N,361.5,E,577.9630974411161,40.15716131790885,0.44460843373493975,25.068734921974325,0.7813759719209838,78.945,0.829655910855166,2,HIGH
ASSAM,SONITPUR,2026-09-01,18.9,78.6,113.5,164.1,6.0,LE,41.5,D,868.1,N,18.9,LE,1875.7494148134765,21.999268088851235,0.4722138554216867,24.173982873822897,0.4310282152462519,79.255,0.7566831133003422,2,HIGH
ASSAM,SONITPUR,2026-09-02,28.0,89.3,124.3,192.1,5.9,LE,124.2,LE,992.3,N,46.9,LE,371.33016450253933,15.997267678815268,0.49335843373493976,16.28367646231636,0.5421811737075772,92.015,0.7697706542083891,2,HIGH
ASSAM,SONITPUR,2026-09-03,0.0,46.9,124.3,165.79999999999998,7.0,NR,124.2,LE,992.3,N,46.9,LE,536.5299756517047,22.163004639472774,0.49335843373493976,30.187354749870476,0.25218639771806123,67.66999999999999,0.6791296656546875,1,MEDIUM
ASSAM,SONITPUR,2026-09-04,1.6,29.6,118.4,164.89999999999998,8.3,LD,124.2,LE,993.9,N,48.4,LE,1585.721207821311,20.793635708025292,0.48180722891566263,25.63358866205683,0.7658885687909215,62.295,0.632451796567726,1,MEDIUM
ASSAM,SONITPUR,2026-09-05,0.1,1.7000000000000002,108.3,160.7,7.5,LD,124.2,LE,994.0,N,48.5,E,1880.811010470571,17.05846671952068,0.46203313253012046,24.71834593477658,0.43354233334786973,51.64,0.5360097422971117,1,MEDIUM
ASSAM,SONITPUR,2026-09-06,9.2,10.9,100.2,169.9,6.1,E,9.2,E,1003.2,N,57.7,E,2241.985322826147,10.515983296478613,0.44617469879518074,24.171505836471326,0.4127781389970213,56.480000000000004,0.5382315464020149,1,MEDIUM
ASSAM,SONITPUR,2026-09-07,0.0,9.3,57.8,158.5,7.6,LD,124.2,LE,1003.2,N,57.7,E,717.8369186689347,31.236618478955226,0.36316265060240965,21.6625415244589,0.8485223015266208,40.55,0.5002650355405369,1,MEDIUM
ASSAM,SONITPUR,2026-09-08,2.5,11.7,41.4,159.7,9.2,LD,2.5,LD,1005.7,N,60.2,N,321.27443357135814,10.464176111186214,0.3310542168674699,19.329299753135178,0.6006357632471128,38.105,0.3841077315444798,0,LOW
ASSAM,SONITPUR,2026-09-09,1.1,3.6,14.499999999999998,156.0,9.8,LD,14.4,LD,1006.8,N,61.3,N,2392.3143158304415,36.016978106906976,0.2783885542168675,27.840473750686233,0.32382594768459416,28.31,0.41738117098807836,1,MEDIUM
ASSAM,SONITPUR,2026-09-10,0.3,3.9,14.8,139.10000000000002,11.8,LD,14.4,LD,1006.8,N,61.6,D,428.336565654249,13.067520531218143,0.27897590361445784,23.662647801948253,0.4093149819361426,25.645000000000003,0.2965205279742942,0,LOW
ASSAM,SONITPUR,2026-09-11,0.0,1.4,13.2,139.10000000000002,11.9,NR,14.4,LD,1007.1,N,61.6,D,534.2841065238669,34.25485228533247,0.2758433734939759,15.576972048916746,0.46193595295978684,24.515,0.3820119139362239,0,LOW
ASSAM,SONITPUR,2026-09-12,17.1,17.400000000000002,30.200000000000003,148.70000000000002,6.0,LE,17.1,LE,1024.2,N,78.7,N,763.7571612182411,37.223444227818675,0.3091265060240964,21.784606496126777,0.8416360287223923,40.190000000000005,0.5135019478858485,1,MEDIUM
ASSAM,SONITPUR,2026-09-13,2.2,19.3,23.200000000000003,140.7,7.0,LD,14.4,LD,1026.3,N,80.9,D,1347.0088173644042,10.01304039097803,0.295421686746988,30.786261849788154,0.5083730067489147,32.5,0.3350565399165731,0,LOW
ASSAM,SONITPUR,2026-09-14,0.0,19.3,23.200000000000003,123.4,6.1,NR,0.0,NR,1026.3,N,80.9,D,2212.9226367834913,8.469830731520162,0.295421686746988,21.356207546194668,0.3880803929756854,29.135,0.3042318032484825,0,LOW
ASSAM,SONITPUR,2026-09-15,0.0,2.2,20.700000000000003,81.0,7.5,NR,14.4,LD,1006.8,N,80.9,D,1913.337755688174,42.982910826146394,0.29052710843373497,22.024961134734752,0.5918385804476902,17.875,0.3764489713702867,0,LOW
ASSAM,SONITPUR,2026-09-16,0.9,0.9,20.500000000000004,63.0,9.3,LD,0.9,LD,1027.2,N,81.7,D,1784.986006914456,23.521872270103227,0.2901355421686747,25.607339091935607,0.4928557948342063,15.115,0.27022002572253695,0,LOW
ASSAM,SONITPUR,2026-09-17,25.5,26.4,45.7,60.5,8.1,LE,20.4,LD,1052.7,N,107.2,D,479.192391247209,30.209419798919534,0.33947289156626503,28.62847166487,0.28297623288512225,36.025,0.4587340378432992,1,MEDIUM
ASSAM,SONITPUR,2026-09-18,3.0,29.4,48.7,63.5,9.0,LD,3.0,LD,1055.7,N,110.2,D,926.3224472386369,5.93041760487071,0.3453463855421687,26.363839000980107,0.7665517674725952,30.1,0.30980333499233875,0,LOW
ASSAM,SONITPUR,2026-09-19,0.0,28.5,31.600000000000005,61.9,6.4,NR,0.0,NR,1055.7,N,110.2,D,1222.092068912361,16.148407222253596,0.3118674698795181,29.450930429090093,0.25941251636998236,24.310000000000002,0.3072836037619377,0,LOW
ASSAM,SONITPUR,2026-09-20,2.7,5.7,32.10000000000001,64.5,5.7,D,2.7,D,1058.4,N,113.0,D,411.19358603968533,25.21590618237545,0.3128463855421687,16.93749997969187,0.7890901814472859,20.07,0.3175814759491853,0,LOW
ASSAM,SONITPUR,2026-09-21,2.9,5.6,35.00000000000001,58.2,4.3,D,20.4,LD,1027.2,N,115.8,D,719.9027702103476,40.448732535576156,0.3185240963855422,30.71807340641703,0.7251152221610813,19.895000000000003,0.38517209272590947,0,LOW
ASSAM,TAMULPUR,2026-08-19,0.0,0.0,0.0,0.0,5.9,NR,0.0,NR,901.7,N,61.0,LD,805.4163496844684,15.857576702575052,0.25,30.36667285099356,0.29549392608544667,0.0,0.12047811867811135,0,LOW
ASSAM,TAMULPUR,2026-08-20,0.0,0.0,0.0,0.0,11.9,NR,5.9,LD,901.7,N,61.0,LD,361.82668590614617,36.007652794348786,0.25,23.825525971954995,0.6841666466878323,0.0,0.21003401241932795,0,LOW
ASSAM,TAMULPUR,2026-08-21,59.2,59.2,59.2,59.2,5.2,LE,5.9,LD,901.7,N,120.2,D,1398.0872451752311,31.48851713034807,0.3659036144578313,25.620618042382418,0.7125650092835913,59.199999999999996,0.6347608328109086,1,MEDIUM
ASSAM,TAMULPUR,2026-08-22,0.0,59.2,59.2,59.2,7.7,NR,5.9,LD,960.9,N,120.2,D,1777.3190814842726,9.610830712229799,0.3659036144578313,18.61782185342383,0.6113842440572107,38.480000000000004,0.3899557702391545,0,LOW
ASSAM,TAMULPUR,2026-08-23,0.0,59.2,59.2,59.2,4.9,NR,0.0,NR,960.9,N,120.2,D,221.33249711830996,16.73500691167986,0.3659036144578313,22.61510644568361,0.596602480093674,38.480000000000004,0.4216187755700437,1,MEDIUM
ASSAM,TAMULPUR,2026-08-24,6.1,6.1,65.3,65.3,5.3,N,5.9,LD,967.0,N,126.3,D,1228.751599319717,14.51456145754479,0.37784638554216865,18.44595713563681,0.27981221574878445,29.78,0.35217599817896217,0,LOW
ASSAM,TAMULPUR,2026-08-25,0.4,6.5,65.7,65.7,8.7,LD,5.9,LD,901.7,N,126.7,D,1966.4174284060978,22.701103502931417,0.3786295180722892,15.373603541997332,0.28569782309366953,28.045,0.37636032970737965,0,LOW
ASSAM,TAMULPUR,2026-08-26,0.2,6.699999999999999,65.9,65.9,10.4,LD,65.9,E,967.5,N,126.8,D,1882.5758159334948,30.41336972190337,0.3790210843373494,31.675352158159892,0.686373189901418,28.105000000000004,0.41114271057444796,1,MEDIUM
ASSAM,TAMULPUR,2026-08-27,0.0,0.6000000000000001,65.9,65.9,9.0,NR,0.0,NR,967.5,N,126.8,D,2046.9290857359476,22.336790220340266,0.3790210843373494,19.405490767073488,0.3133391073513459,26.509999999999998,0.36388697606867204,0,LOW
ASSAM,TAMULPUR,2026-08-28,4.8,5.0,11.5,70.7,5.1,N,4.8,N,972.3,N,131.6,D,1148.1895512679873,14.781463030072238,0.27251506024096384,25.0828412512632,0.39510646042388653,16.41,0.23707284734255885,0,LOW
ASSAM,TAMULPUR,2026-08-29,0.0,4.8,11.5,70.7,5.9,NR,65.9,E,972.3,N,131.6,D,2060.3648524676587,32.835150729131016,0.27251506024096384,20.10425652014367,0.5493019562940152,14.68,0.30499014378652867,0,LOW
ASSAM,TAMULPUR,2026-08-30,0.0,4.8,11.5,70.7,7.4,NR,65.9,E,972.3,N,131.6,D,639.8450244749603,28.378843788459594,0.27251506024096384,21.300567543577394,0.34849820416760896,14.68,0.28518433516132236,0,LOW
ASSAM,TAMULPUR,2026-08-31,60.2,60.2,65.60000000000001,130.9,3.2,LE,65.9,E,1032.5,N,191.8,N,933.9858754729125,25.772556296627677,0.37843373493975907,21.76194649589867,0.7239037363300154,72.15500000000002,0.7041300102196993,2,HIGH
ASSAM,TAMULPUR,2026-09-01,16.7,76.9,81.89999999999999,147.6,6.3,LE,65.9,E,967.5,N,16.7,LE,482.0711622236132,27.176783897839133,0.4103463855421687,20.69579443252088,0.7344268142674532,67.685,0.684917551602418,1,MEDIUM
ASSAM,TAMULPUR,2026-09-02,13.9,90.8,95.6,161.5,5.6,LE,95.6,LE,1063.2,N,30.6,LE,1195.337121600001,13.876025851752942,0.43716867469879517,25.835795908778906,0.7552859267565352,75.69,0.6881803217101499,1,MEDIUM
ASSAM,TAMULPUR,2026-09-03,0.0,30.6,95.6,161.5,9.9,NR,95.6,LE,1063.2,N,30.6,E,1010.5470549178359,32.21724244369825,0.43716867469879517,31.335916598306305,0.279740872464823,55.77499999999999,0.6278592680959766,1,MEDIUM
ASSAM,TAMULPUR,2026-09-04,3.2,17.1,94.0,164.70000000000002,10.7,LD,95.6,LE,1066.4,N,33.8,N,640.2714352150649,20.50002142155073,0.4340361445783133,22.28678905010596,0.5067238967401746,53.6,0.5596655529093875,1,MEDIUM
ASSAM,TAMULPUR,2026-09-05,12.8,16.0,106.8,118.3,11.5,N,95.6,LE,1079.2,N,46.6,N,1891.8627376154147,19.538712789200787,0.4590963855421687,31.546554308922506,0.7581506036286014,52.925,0.5555976685821786,1,MEDIUM
ASSAM,TAMULPUR,2026-09-06,2.9,18.9,109.7,121.2,15.0,LD,2.9,LD,1082.1,N,49.5,N,818.9245916735341,10.989368330670821,0.4647740963855422,26.352553034861312,0.46793163418401934,51.345,0.5074831308743255,1,MEDIUM
ASSAM,TAMULPUR,2026-09-07,0.0,15.700000000000005,49.5,121.2,6.4,NR,95.6,LE,1082.1,N,49.5,D,718.3706088572975,28.873493382017855,0.3469126506024096,25.321315315357154,0.6674922269938135,34.480000000000004,0.44328082068469465,1,MEDIUM
ASSAM,TAMULPUR,2026-09-08,0.3,3.200000000000001,33.1,115.4,7.9,LD,0.3,LD,1082.4,N,49.9,D,370.6813105837129,29.10657642186026,0.3148042168674699,19.030765480581692,0.6035475425140058,26.49,0.38098909829376176,0,LOW
ASSAM,TAMULPUR,2026-09-09,0.8,1.100000000000002,20.0,115.8,6.6,LD,20.1,LD,1083.2,N,50.7,D,1125.1131694147743,18.612025746661132,0.2891566265060241,16.069652000289473,0.45832517002430717,22.924999999999997,0.3038266761620769,0,LOW
ASSAM,TAMULPUR,2026-09-10,0.0,1.100000000000002,20.0,115.6,11.1,NR,20.1,LD,1083.2,N,50.7,D,792.26334065139,39.394002274621364,0.2891566265060241,29.48289109496109,0.41584289745425423,22.615000000000002,0.39398315049381716,0,LOW
ASSAM,TAMULPUR,2026-09-11,0.0,0.8000000000000018,16.8,115.6,9.1,NR,20.1,LD,1083.2,N,50.7,D,954.7184612853731,38.81831594861713,0.28289156626506023,24.75767808705257,0.641645855259644,21.740000000000002,0.38393965329917046,0,LOW
ASSAM,TAMULPUR,2026-09-12,7.8,7.800000000000002,11.8,118.6,6.7,N,7.8,N,1091.1,N,58.5,D,628.1932934203539,9.362172259297253,0.2731024096385542,22.04503566122299,0.3301744822017382,25.42,0.2772751314007309,0,LOW
ASSAM,TAMULPUR,2026-09-13,24.5,32.300000000000004,33.4,143.1,8.1,LE,20.1,LD,1115.6,N,83.1,D,1919.730950058756,32.801535512396725,0.31539156626506026,28.803444475504218,0.7660735114526551,46.465,0.5397935092393309,1,MEDIUM
ASSAM,TAMULPUR,2026-09-14,2.5,34.8,35.9,145.6,5.1,D,2.5,D,1118.1,N,85.6,D,2328.5082010190577,20.75339024740089,0.3202861445783133,20.279866503814418,0.5958660646484221,40.39,0.44395806522729,1,MEDIUM
ASSAM,TAMULPUR,2026-09-15,0.0,27.0,35.6,85.4,14.2,NR,20.1,LD,1083.2,N,85.6,D,1269.9330393327748,44.988594042515714,0.3196987951807229,28.321493351396285,0.3169021030755035,28.46,0.46658538994122956,1,MEDIUM
ASSAM,TAMULPUR,2026-09-16,0.0,2.5,34.8,68.7,14.6,NR,0.0,NR,1118.1,N,85.6,D,1625.3461371850399,14.000945187386096,0.3181325301204819,20.57538520189855,0.6721165871160182,19.63,0.2656606887801609,0,LOW
ASSAM,TAMULPUR,2026-09-17,4.4,4.4,39.2,59.2,8.1,D,34.9,D,1122.5,N,90.0,D,2174.57207768643,16.22096821657958,0.32674698795180723,30.65498016887078,0.5086675299294514,21.32,0.2892867790081974,0,LOW
ASSAM,TAMULPUR,2026-09-18,6.4,10.8,45.6,65.6,11.5,D,6.4,D,1128.9,N,96.4,D,2497.1326114674634,22.684251782229097,0.33927710843373493,19.555436865765643,0.37244884921790544,26.18,0.35513214574945984,0,LOW
ASSAM,TAMULPUR,2026-09-19,2.6,13.4,40.4,65.0,5.5,D,2.6,D,1131.5,N,99.0,D,1553.1153875880887,15.748605947226526,0.3290963855421687,17.33841999876771,0.8266415757549196,24.11,0.30752806279522577,0,LOW
ASSAM,TAMULPUR,2026-09-20,0.0,9.0,15.9,52.2,1.7,NR,0.0,NR,1131.5,N,99.0,D,2229.9596930226785,32.679734655460564,0.28112951807228914,26.867644041940004,0.6817886710086554,14.055,0.3015709549239476,0,LOW
ASSAM,TAMULPUR,2026-09-21,6.9,9.5,20.3,56.2,6.1,N,34.9,D,1118.1,N,105.9,D,2276.0902040613228,24.23632448725922,0.28974397590361445,17.768403302101103,0.6057961739967976,18.295,0.2959654853995863,0,LOW
ASSAM,TINSUKIA,2026-08-19,0.0,0.0,0.0,0.0,13.2,NR,0.0,NR,1006.4,N,199.7,N,1989.0561451286746,13.835153393981606,0.25,31.139171854912757,0.759320308635617,0.0,0.11148957063991827,0,LOW
ASSAM,TINSUKIA,2026-08-20,8.7,8.7,8.7,8.7,7.9,N,61.7,D,1015.0,N,208.3,N,1179.28190812912,25.254962779462502,0.2670331325301205,26.14443691061072,0.5763218739292916,8.7,0.22761359067098388,0,LOW
ASSAM,TINSUKIA,2026-08-21,0.0,8.7,8.7,8.7,11.7,NR,61.7,D,1006.4,N,208.3,N,248.82730103855332,40.551510654601536,0.2670331325301205,18.92463124183694,0.5148823673997422,5.654999999999999,0.27391130809302977,0,LOW
ASSAM,TINSUKIA,2026-08-22,17.5,26.2,26.2,26.2,11.4,E,61.7,D,1032.5,N,225.9,N,88.72361082832792,36.69582587400211,0.3012951807228916,18.54992188285229,0.363668115916425,23.155,0.38826492599095586,0,LOW
ASSAM,TINSUKIA,2026-08-23,31.9,49.4,58.1,58.1,13.0,LE,31.9,LE,1064.5,N,257.8,N,1219.1415515431654,24.95315697707284,0.36375,30.705875665047166,0.34203425507090723,46.754999999999995,0.5166489364452723,1,MEDIUM
ASSAM,TINSUKIA,2026-08-24,49.1,98.5,107.2,107.2,12.3,LE,61.7,D,1113.6,N,306.9,N,1261.0706071598136,16.539704125677908,0.4598795180722892,25.333584518448145,0.5091815898231089,84.69,0.7654856997285818,2,HIGH
ASSAM,TINSUKIA,2026-08-25,1.1,82.1,108.3,108.3,11.0,LD,61.7,D,1006.4,N,308.0,N,1048.037850264282,12.195458588101111,0.46203313253012046,30.193512113431083,0.5235847474165094,64.22999999999999,0.6040642125916234,1,MEDIUM
ASSAM,TINSUKIA,2026-08-26,4.0,54.2,112.3,112.3,6.9,D,112.3,E,1118.7,N,312.0,N,1442.010010663843,40.13531508747582,0.4698644578313253,16.87382848237903,0.6899875031384364,59.87,0.6987550535993439,1,MEDIUM
ASSAM,TINSUKIA,2026-08-27,0.0,5.1,103.6,112.3,12.1,NR,0.0,NR,1118.7,N,312.0,N,1402.7986230958463,33.40667761994786,0.45283132530120485,30.731667324845994,0.5152510060221258,44.019999999999996,0.5525573303544689,1,MEDIUM
ASSAM,TINSUKIA,2026-08-28,5.6,9.6,109.2,117.9,7.1,D,5.6,D,1124.2,N,317.5,N,2099.7019505300977,27.886532125898338,0.4637951807228916,23.840838303899503,0.6058955203392506,49.345,0.568141558062701,1,MEDIUM
ASSAM,TINSUKIA,2026-08-29,0.0,5.6,91.7,117.9,13.7,NR,112.3,E,1124.2,N,317.5,N,316.2099029925429,40.17738583814673,0.4295331325301205,26.36317257763296,0.7495111144457476,42.01,0.5636742114127409,1,MEDIUM
ASSAM,TINSUKIA,2026-08-30,0.0,5.6,59.80000000000001,117.9,16.1,NR,112.3,E,1124.2,N,317.5,N,601.6852819585864,9.86761149496358,0.3670783132530121,21.33888301620177,0.846000817306325,34.035,0.35967401131569476,0,LOW
ASSAM,TINSUKIA,2026-08-31,1.6,1.6,12.3,119.5,10.2,LD,112.3,E,1125.8,N,319.1,N,1992.8621984510944,32.29957144008273,0.2740813253012048,16.005385474099047,0.4435151890907695,21.96,0.3547722797886136,0,LOW
ASSAM,TINSUKIA,2026-09-01,4.7,6.300000000000001,15.9,124.2,12.4,LD,112.3,E,1118.7,N,4.7,LD,2127.200324697954,13.668492496529279,0.28112951807228914,31.285531502811097,0.7911726782370212,25.825,0.30090422396756383,0,LOW
ASSAM,TINSUKIA,2026-09-02,5.8,12.1,17.7,130.0,11.4,D,17.6,LD,1136.2,N,10.5,D,2487.3193233711263,9.82309764063948,0.2846536144578313,31.908171594844195,0.7336305231121594,28.98,0.30698877549047326,0,LOW
ASSAM,TINSUKIA,2026-09-03,0.0,10.5,17.7,130.0,15.2,NR,17.6,LD,1136.2,N,10.5,LD,2188.634440148356,23.624340400277326,0.2846536144578313,21.19729642892753,0.29080401419173185,26.55,0.3510208132456464,0,LOW
ASSAM,TINSUKIA,2026-09-04,1.8,7.599999999999999,13.9,123.1,12.0,LD,17.6,LD,1138.0,N,12.3,LD,2230.252567327211,20.495717190574148,0.27721385542168675,31.045754805783655,0.45049535851233474,24.47,0.3208138021422045,0,LOW
ASSAM,TINSUKIA,2026-09-05,9.8,11.6,23.700000000000003,132.9,10.7,N,17.6,LD,1147.8,N,22.1,LD,820.1524594432668,42.646944373007415,0.29640060240963856,17.85134694634659,0.38142577590063,32.19,0.4780840305100396,1,MEDIUM
ASSAM,TINSUKIA,2026-09-06,3.4,15.0,27.1,118.8,11.7,LD,3.4,LD,1151.2,N,25.4,LD,1034.071003322972,17.959181870072655,0.30305722891566267,17.629635644195783,0.6486305634537988,29.535,0.35078266471847186,0,LOW
ASSAM,TINSUKIA,2026-09-07,0.7,13.9,26.2,87.60000000000001,10.7,LD,17.6,LD,1151.9,N,26.1,LD,706.8085068103501,37.5960903620801,0.3012951807228916,16.242901280155916,0.5831794817306128,23.41,0.3940822491615715,0,LOW
ASSAM,TINSUKIA,2026-09-08,0.0,4.099999999999998,21.5,38.5,11.5,NR,0.0,NR,1151.9,N,26.1,LD,1535.4335255721533,34.953080018733786,0.2920933734939759,21.651579928930563,0.5469106315537322,12.174999999999999,0.3004778454688665,0,LOW
ASSAM,TINSUKIA,2026-09-09,8.5,9.199999999999998,24.2,45.9,11.9,D,24.1,LD,1160.4,N,34.6,LD,2350.073117807244,31.71695480234145,0.29737951807228913,15.889138253087186,0.7081382582845465,18.21,0.3301344571221155,0,LOW
ASSAM,TINSUKIA,2026-09-10,0.0,8.499999999999998,24.2,41.9,12.2,NR,24.1,LD,1160.4,N,34.6,LD,894.3701719534635,41.816018918402385,0.29737951807228913,21.709172223419245,0.44998521748719,14.459999999999997,0.3483111325849659,0,LOW
ASSAM,TINSUKIA,2026-09-11,0.0,8.499999999999998,22.4,41.9,12.5,NR,24.1,LD,1160.4,N,34.6,LD,1414.654365609553,21.316983775253682,0.293855421686747,17.35263728704436,0.4796513773319594,14.009999999999998,0.253294523976395,0,LOW
ASSAM,TINSUKIA,2026-09-12,22.1,22.1,34.7,58.4,9.6,LE,22.1,LE,1182.5,N,56.7,LD,775.9340946110384,20.586847439314624,0.3179367469879518,27.418972524740276,0.7693803689352695,30.695,0.3736987733266886,0,LOW
ASSAM,TINSUKIA,2026-09-13,21.1,43.2,52.400000000000006,79.5,8.3,LE,24.1,LD,1203.5,N,77.8,D,466.0099357431334,11.437896943260375,0.35259036144578315,29.167165038718935,0.8333251055560039,43.21,0.42910117270221965,1,MEDIUM
ASSAM,TINSUKIA,2026-09-14,19.9,63.1,71.6,99.4,8.7,LE,19.9,LE,1223.4,N,97.7,D,528.2045480557064,16.030483019802766,0.39018072289156625,26.692862272536896,0.7158144044606993,55.55,0.5449180415029279,1,MEDIUM
ASSAM,TINSUKIA,2026-09-15,18.6,59.6,90.2,116.4,8.9,LE,24.1,LD,1160.4,N,116.2,D,191.96609411841834,40.19105824243483,0.4265963855421687,18.40840059141465,0.3802425848663358,61.42,0.7013885154595234,2,HIGH
ASSAM,TINSUKIA,2026-09-16,0.4,38.9,82.10000000000001,112.1,10.0,LD,0.4,LD,1242.4,N,116.6,D,2375.7691313726805,23.97528531645472,0.41073795180722894,28.036419279435247,0.3175909792983084,47.205,0.524905397010328,1,MEDIUM
ASSAM,TINSUKIA,2026-09-17,11.1,30.1,93.2,117.4,8.7,E,82.0,N,1253.4,N,127.7,D,1037.0550408436925,18.654132887628418,0.4324698795180723,19.241503349565676,0.3755230886594812,52.32,0.5420320017788613,1,MEDIUM
ASSAM,TINSUKIA,2026-09-18,9.9,21.4,103.1,127.3,8.3,E,9.9,E,1263.4,N,137.6,D,2093.5961854051648,13.644482203286845,0.4518524096385542,27.911306148464966,0.5036568190137378,53.684999999999995,0.5333651252851672,1,MEDIUM
ASSAM,TINSUKIA,2026-09-19,0.0,21.0,81.0,125.5,9.3,NR,0.0,NR,1263.4,N,137.6,D,1719.2572080897432,24.3984100097446,0.4085843373493976,24.645758773238647,0.39201821664858294,44.325,0.5058434428838091,1,MEDIUM
ASSAM,TINSUKIA,2026-09-20,0.0,9.9,59.9,115.7,11.0,NR,0.0,NR,1263.4,N,137.6,D,520.2068454571593,33.66661481858115,0.36727409638554215,21.234112776950564,0.790624688843207,34.805,0.4709705697898973,1,MEDIUM
ASSAM,TINSUKIA,2026-09-21,13.3,13.3,53.3,125.6,11.2,N,82.0,N,1242.4,N,150.9,D,479.88250411876515,16.467681018283017,0.3543524096385542,16.41937042627298,0.6524337410604641,40.144999999999996,0.42997879547461243,1,MEDIUM
ASSAM,UDALGURI,2026-08-19,19.5,19.5,19.5,19.5,8.2,LE,19.5,LE,488.6,D,150.1,D,2039.371093700835,35.30866083250616,0.2881777108433735,29.067661666719438,0.5000375468698084,19.5,0.35344480414417706,0,LOW
ASSAM,UDALGURI,2026-08-20,5.7,25.2,25.2,25.2,8.4,D,45.9,D,494.2,D,155.8,D,698.5436910178665,30.191510988996736,0.2993373493975904,30.97409965356983,0.4142870397169365,18.375,0.32492142747908576,0,LOW
ASSAM,UDALGURI,2026-08-21,0.7,25.9,25.9,25.9,11.1,LD,45.9,D,488.6,D,156.4,D,2287.5487000698404,36.50250250158817,0.3007078313253012,26.320602260010837,0.4783966030845786,17.08,0.34402119373711026,0,LOW
ASSAM,UDALGURI,2026-08-22,0.1,6.5,26.0,26.0,8.6,LD,45.9,D,495.0,D,156.6,D,393.13574148925204,15.036385154996491,0.3009036144578313,31.39720663378846,0.535630357220038,12.06,0.21290220283525466,0,LOW
ASSAM,UDALGURI,2026-08-23,0.0,0.7999999999999999,26.0,26.0,13.6,NR,0.0,NR,495.0,D,156.6,D,1710.3861054134502,30.241125789321813,0.3009036144578313,30.87989412373085,0.6782934113054372,10.6,0.27008049220866787,0,LOW
ASSAM,UDALGURI,2026-08-24,0.0,0.1,26.0,26.0,14.6,NR,45.9,D,495.0,D,156.6,D,2045.4609962757881,11.149411179553677,0.3009036144578313,18.308342813663813,0.3036049349373273,10.425,0.18398205142574467,0,LOW
ASSAM,UDALGURI,2026-08-25,0.1,0.1,26.1,26.1,17.2,LD,45.9,D,488.6,D,156.6,D,626.3781516183302,19.551879286585468,0.3010993975903614,27.43060992616963,0.7592997638733674,10.5,0.22189967182900705,0,LOW
ASSAM,UDALGURI,2026-08-26,0.0,0.1,6.6000000000000005,26.1,7.8,NR,6.5,LD,495.1,D,156.6,D,726.7080404685868,33.97440379371205,0.26292168674698796,20.938181930440805,0.326536018678108,5.59,0.24339449328634657,0,LOW
ASSAM,UDALGURI,2026-08-27,0.1,0.2,1.0,26.2,8.5,LD,0.1,LD,495.2,D,156.7,D,2413.071271041044,30.266735423197435,0.2519578313253012,23.287795129615642,0.40747004918346275,4.265,0.2152863503847076,0,LOW
ASSAM,UDALGURI,2026-08-28,1.7,1.8,2.0,27.9,9.0,LD,1.7,LD,496.9,D,158.4,D,698.2641330980878,12.514429013500878,0.2539156626506024,17.668412329530376,0.8461539374635503,5.7299999999999995,0.1472127234577383,0,LOW
ASSAM,UDALGURI,2026-08-29,0.3,2.1,2.2,28.2,7.0,LD,6.5,LD,497.2,D,158.8,D,1103.394772255117,39.33370688370117,0.25430722891566265,31.57125027698009,0.3641251804265507,5.41,0.26420873997526806,0,LOW
ASSAM,UDALGURI,2026-08-30,0.7,2.7,2.9,28.9,8.3,LD,6.5,LD,497.9,D,159.4,D,1109.6632034437969,7.134039293807275,0.2556777108433735,27.344335512298947,0.3106853126718074,5.98,0.12543282682711196,0,LOW
ASSAM,UDALGURI,2026-08-31,10.7,11.7,13.6,39.6,9.6,N,6.5,LD,508.6,D,170.2,D,669.9351373277248,28.80862754066598,0.2766265060240964,19.537441263726457,0.6330431811512789,16.01,0.2973892307924697,0,LOW
ASSAM,UDALGURI,2026-09-01,8.7,20.1,22.2,48.3,8.0,N,6.5,LD,495.1,D,8.7,N,1950.6881617708716,44.35282000926425,0.29346385542168674,21.31501873285657,0.48587744791073495,20.865000000000002,0.40442002770249225,1,MEDIUM
ASSAM,UDALGURI,2026-09-02,6.7,26.1,28.9,55.0,9.2,D,28.9,D,524.0,D,15.3,N,1941.0308909114303,26.260189273709944,0.3065813253012048,22.182209756089335,0.3051012605611052,24.345,0.35141690357842725,0,LOW
ASSAM,UDALGURI,2026-09-03,0.0,15.4,28.8,35.5,7.1,NR,28.9,D,524.0,D,15.3,D,976.8791348482748,37.02687279837683,0.3063855421686747,27.708073310445286,0.252245457009427,16.375,0.3424661564171085,0,LOW
ASSAM,UDALGURI,2026-09-04,0.1,6.8,27.2,29.9,8.1,LD,28.9,D,524.0,D,15.4,D,2096.0581881477974,28.807238927564086,0.30325301204819277,30.736853535082936,0.2974969458288867,13.02,0.2814131387071892,0,LOW
ASSAM,UDALGURI,2026-09-05,0.1,0.2,27.0,29.3,7.7,LD,28.9,D,524.1,D,15.5,LD,572.0335892775558,36.323532596919705,0.3028614457831325,20.464482260737718,0.5636413472631441,11.23,0.3019919306808409,0,LOW
ASSAM,UDALGURI,2026-09-06,0.2,0.4,26.5,29.4,4.1,LD,0.2,LD,524.3,D,15.6,LD,60.54915038581268,31.22376541421149,0.30188253012048194,23.032501500767133,0.38853576707856535,11.204999999999998,0.2789524619322174,0,LOW
ASSAM,UDALGURI,2026-09-07,0.0,0.3,15.8,29.4,6.4,NR,28.9,D,524.3,D,15.6,LD,1449.3600370365655,32.64528058150115,0.28093373493975904,25.08452873818992,0.71653128059137,8.434999999999999,0.261352198905636,0,LOW
ASSAM,UDALGURI,2026-09-08,0.1,0.3,7.2,29.5,6.4,LD,0.1,LD,524.3,D,15.7,LD,2485.4905425083275,14.112446043455362,0.2640963855421687,21.686847870805366,0.7645051798430458,6.335,0.1606600653162479,0,LOW
ASSAM,UDALGURI,2026-09-09,0.6,0.7,1.1,30.0,6.7,LD,0.9,LD,524.9,D,16.3,LD,144.67855907586727,34.672836542916706,0.2521536144578313,23.57108249721665,0.3368998106291766,5.16,0.2412825008618688,0,LOW
ASSAM,UDALGURI,2026-09-10,0.1,0.8,1.2,30.1,4.7,LD,0.9,LD,524.9,D,16.3,LD,559.5952805857285,14.51639546657323,0.25234939759036146,16.797029693341734,0.4522119224406821,5.05,0.15095403867788687,0,LOW
ASSAM,UDALGURI,2026-09-11,0.0,0.7000000000000001,1.1,30.0,6.4,NR,0.9,LD,525.0,D,16.3,LD,1321.3408740933562,44.22561100570353,0.2521536144578313,17.850464591242822,0.3379444752809185,4.95,0.282243625231288,0,LOW
ASSAM,UDALGURI,2026-09-12,10.2,10.3,11.2,38.5,4.8,LE,10.2,LE,535.1,D,26.5,LD,2034.354804289933,14.111487638448189,0.27192771084337347,21.818721372742463,0.4220156221491683,14.719999999999999,0.22194127941268899,0,LOW
ASSAM,UDALGURI,2026-09-13,0.1,10.3,11.1,38.3,6.1,LD,0.9,LD,535.3,D,26.6,LD,268.1529124338804,14.467360143906252,0.27173192771084337,30.553963200099393,0.3935226512503428,11.129999999999999,0.19791526805898466,0,LOW
ASSAM,UDALGURI,2026-09-14,0.0,10.3,11.1,37.6,6.6,NR,0.0,NR,535.3,D,26.6,LD,1018.3249017092911,39.34692481935456,0.27173192771084337,20.939086777658773,0.7221189405623119,10.989999999999998,0.3074940103804809,0,LOW
ASSAM,UDALGURI,2026-09-15,0.1,0.2,11.099999999999998,27.0,7.8,LD,0.9,LD,524.9,D,26.7,LD,1880.3357115432216,14.719434478512765,0.27173192771084337,19.24647774628523,0.4572878068084397,6.909999999999999,0.16898013506576837,0,LOW
ASSAM,UDALGURI,2026-09-16,0.0,0.1,10.499999999999998,18.3,10.1,NR,0.0,NR,535.3,D,26.7,LD,960.2808605955859,19.436111739651317,0.27055722891566264,27.62865775443769,0.5473388792465058,5.395,0.1789181515637235,0,LOW
ASSAM,UDALGURI,2026-09-17,0.8,0.9,11.2,12.4,12.5,LD,10.4,LD,536.1,LD,27.5,LD,512.6492301653154,33.58560644716108,0.27192771084337347,31.135212823302357,0.6543370632837888,5.164999999999999,0.24044079711865246,0,LOW
ASSAM,UDALGURI,2026-09-18,0.0,0.8,11.2,12.4,12.6,NR,0.0,NR,536.1,LD,27.5,LD,528.9647771216389,11.34994320779053,0.27192771084337347,22.805101490080308,0.7433539894913119,4.859999999999999,0.13944337211195612,0,LOW
ASSAM,UDALGURI,2026-09-19,0.0,0.8,1.0,12.3,7.6,NR,0.0,NR,536.1,LD,27.5,LD,1054.619527941736,11.36287019310009,0.2519578313253012,15.146284244642112,0.4307254541934711,2.295,0.1172385405801486,0,LOW
ASSAM,UDALGURI,2026-09-20,0.0,0.0,0.9,12.2,7.7,NR,0.0,NR,536.1,LD,27.5,LD,1224.5718332744332,24.45433693066476,0.2517620481927711,26.698538635085505,0.37553240062241144,2.0549999999999997,0.17367436511276177,0,LOW
ASSAM,UDALGURI,2026-09-21,0.0,0.0,0.9,12.0,8.2,NR,10.4,LD,535.3,D,27.5,LD,2161.445323649234,14.747870169309074,0.2517620481927711,22.056033627474463,0.8370720242535206,2.025,0.13032084840853492,0,LOW
ASSAM,WEST KARBI ANGLONG,2026-08-19,0.0,0.0,0.0,0.0,6.0,NR,0.0,NR,442.6,N,80.4,D,1623.5184254915841,14.426318222761342,0.25,26.451974122475658,0.4420885267884982,0.0,0.11411696987893931,0,LOW
ASSAM,WEST KARBI ANGLONG,2026-08-20,13.8,13.8,13.8,13.8,4.0,LE,68.4,LE,456.4,N,94.2,N,1741.4847885629786,5.369556856740507,0.27701807228915665,19.72118076909646,0.6526408595085254,13.8,0.1775539501049629,0,LOW
ASSAM,WEST KARBI ANGLONG,2026-08-21,0.0,13.8,13.8,13.8,7.8,NR,68.4,LE,442.6,N,94.2,D,2458.318570262972,19.81798364791792,0.27701807228915665,15.040938444888361,0.6567046244066825,8.97,0.2073692068108517,0,LOW
ASSAM,WEST KARBI ANGLONG,2026-08-22,0.0,13.8,13.8,13.8,2.7,NR,68.4,LE,456.4,N,94.2,D,1059.0164287373857,17.73002218473613,0.27701807228915665,20.856435718675264,0.5584176673597245,8.97,0.1980893780855993,0,LOW
ASSAM,WEST KARBI ANGLONG,2026-08-23,0.0,0.0,13.8,13.8,3.6,NR,0.0,NR,456.4,N,94.2,D,1038.2182879603643,6.246232433066816,0.27701807228915665,26.981469824420007,0.3870684672907342,5.52,0.1224789028961089,0,LOW
ASSAM,WEST KARBI ANGLONG,2026-08-24,14.2,14.2,28.0,28.0,4.4,LE,68.4,LE,470.6,N,108.4,D,2312.20007092824,29.84932712854654,0.3048192771084337,21.682925811156217,0.33487445257250575,19.72,0.3340762845441802,0,LOW
ASSAM,WEST KARBI ANGLONG,2026-08-25,0.0,14.2,28.0,28.0,6.4,ND,68.4,LE,442.6,N,108.4,D,652.3951881623937,30.06620728013416,0.3048192771084337,18.72596037410484,0.5422096869486587,14.75,0.2996431221713959,0,LOW
ASSAM,WEST KARBI ANGLONG,2026-08-26,0.0,14.2,28.0,28.0,5.8,NR,28.0,D,470.6,N,108.4,D,1838.0473534420232,7.832018870946356,0.3048192771084337,22.888116690279727,0.5565577220268262,14.75,0.20082450701945004,0,LOW
ASSAM,WEST KARBI ANGLONG,2026-08-27,0.0,0.0,14.2,28.0,5.7,NR,0.0,NR,470.6,N,108.4,D,1898.70418863443,17.681662516378122,0.2778012048192771,27.789924896072552,0.7140200540648786,7.75,0.1893420525165011,0,LOW
ASSAM,WEST KARBI ANGLONG,2026-08-28,0.0,0.0,14.2,28.0,4.3,NR,0.0,NR,470.6,N,108.4,D,289.5805937413356,39.91222127981591,0.2778012048192771,17.030362475469204,0.6759000663713162,7.75,0.2881445359095579,0,LOW
ASSAM,WEST KARBI ANGLONG,2026-08-29,8.6,8.6,22.8,36.6,5.6,E,28.0,D,479.2,N,117.0,D,1197.1669439492807,28.286682729783138,0.29463855421686747,26.759784571993013,0.79722476730152,16.35,0.3010934159400515,0,LOW
ASSAM,WEST KARBI ANGLONG,2026-08-30,0.0,8.6,22.8,36.6,9.9,NR,28.0,D,479.2,N,117.0,D,541.3780547378074,21.478988960479516,0.29463855421686747,26.344848404667104,0.8325163371325789,13.34,0.24939933455692076,0,LOW
ASSAM,WEST KARBI ANGLONG,2026-08-31,0.0,8.6,8.6,36.6,3.3,NR,28.0,D,479.2,N,117.0,D,504.1694183660899,23.604077138563838,0.26683734939759035,21.30254395464621,0.6867107957197245,9.79,0.22800030554180806,0,LOW
ASSAM,WEST KARBI ANGLONG,2026-09-01,8.6,8.6,17.2,45.2,3.8,LE,28.0,D,470.6,N,8.6,LE,1186.3788706340467,13.331199777432206,0.2836746987951807,31.495715253451404,0.295906749298152,16.240000000000002,0.23164839548519311,0,LOW
ASSAM,WEST KARBI ANGLONG,2026-09-02,14.2,22.8,31.4,59.4,3.0,LE,31.4,N,502.0,N,22.8,LE,759.1027833947592,37.475260028317116,0.3114759036144578,30.209990091165977,0.4930709855302615,27.43,0.42421240385995057,1,MEDIUM
ASSAM,WEST KARBI ANGLONG,2026-09-03,0.0,22.8,31.4,59.4,4.3,ND,31.4,N,502.0,N,22.8,LE,2000.3480966833838,41.560188218038704,0.3114759036144578,20.374745173635187,0.6152814219044098,22.46,0.406970566101095,1,MEDIUM
ASSAM,WEST KARBI ANGLONG,2026-09-04,24.2,38.4,55.6,69.8,5.1,LE,31.4,N,526.2,N,47.0,LE,2273.631983906682,41.42656169000175,0.358855421686747,15.528548587695333,0.6041170428699745,42.44,0.5581530854376444,1,MEDIUM
ASSAM,WEST KARBI ANGLONG,2026-09-05,0.0,24.2,47.0,69.8,6.2,NR,31.4,N,526.2,N,47.0,LE,2016.665482956496,13.957375667691988,0.34201807228915665,20.241181714666304,0.3588662714983589,28.27,0.3317795111862008,0,LOW
ASSAM,WEST KARBI ANGLONG,2026-09-06,0.0,24.2,47.0,69.8,3.6,NR,0.0,NR,526.2,N,47.0,LE,701.7756379230799,17.429610711058277,0.34201807228915665,18.480273023197736,0.5997668376705227,28.27,0.34721166693449546,0,LOW
ASSAM,WEST KARBI ANGLONG,2026-09-07,8.6,8.6,55.6,78.39999999999999,6.6,E,31.4,N,534.8,N,55.6,LE,721.6292645370905,11.424910992381472,0.358855421686747,24.30328253880908,0.45980830472886647,30.82,0.3420530591892514,0,LOW
ASSAM,WEST KARBI ANGLONG,2026-09-08,0.0,8.6,47.0,64.19999999999999,5.7,NR,0.0,NR,534.8,N,55.6,E,674.0844577877951,17.288045345292527,0.34201807228915665,30.61865516009663,0.4533561069062295,23.529999999999998,0.31282350734857495,0,LOW
ASSAM,WEST KARBI ANGLONG,2026-09-09,34.6,43.2,67.4,98.79999999999998,6.7,LE,67.4,LE,569.4,N,90.2,LE,380.84333533777834,18.312214884904012,0.38195783132530126,29.795737670637862,0.7504042031807416,54.58,0.5465060104149403,1,MEDIUM
ASSAM,WEST KARBI ANGLONG,2026-09-10,0.0,34.6,67.4,98.79999999999998,6.0,NR,67.4,LE,569.4,N,90.2,LE,2362.3060018540923,30.32422948258542,0.38195783132530126,20.199095646302055,0.503159895200932,40.31999999999999,0.4983309155039263,1,MEDIUM
ASSAM,WEST KARBI ANGLONG,2026-09-11,0.0,34.6,43.2,98.79999999999998,7.5,NR,67.4,LE,569.4,N,90.2,E,1035.01710548482,12.585855261924985,0.33457831325301207,22.28615807044583,0.5664375724386715,34.269999999999996,0.3669287994381023,0,LOW
ASSAM,WEST KARBI ANGLONG,2026-09-12,10.0,10.0,53.2,108.79999999999998,7.2,E,10.0,E,579.4,N,100.2,E,600.4892126373907,41.775876974709746,0.3541566265060241,15.62121738435263,0.5877237166206872,35.62,0.5101927913423749,1,MEDIUM
ASSAM,WEST KARBI ANGLONG,2026-09-13,0.0,10.0,53.2,100.2,3.4,ND,67.4,LE,579.4,N,100.2,E,2124.3440737451965,9.123978803412399,0.3541566265060241,24.250779630035538,0.5877980679109698,30.83,0.33095815634597814,0,LOW
ASSAM,WEST KARBI ANGLONG,2026-09-14,0.0,10.0,44.6,100.2,2.9,NR,0.0,NR,579.4,N,100.2,E,1028.0284915115867,5.275120441373322,0.33731927710843373,16.07725566086239,0.37787290827002323,28.68,0.2951720317085061,0,LOW
ASSAM,WEST KARBI ANGLONG,2026-09-15,0.0,0.0,44.6,100.2,6.4,NR,67.4,LE,569.4,N,100.2,E,136.03618721868312,39.197805145221324,0.33731927710843373,30.956304825894694,0.6096720178894042,26.18,0.4281341499865873,1,MEDIUM
ASSAM,WEST KARBI ANGLONG,2026-09-16,0.0,0.0,10.0,91.6,4.1,NR,0.0,NR,579.4,N,100.2,E,446.7568471115964,33.15079231064199,0.26957831325301207,29.73787519248863,0.45077416536647175,16.24,0.3169161963021362,0,LOW
ASSAM,WEST KARBI ANGLONG,2026-09-17,1.4,1.4,11.4,78.8,7.1,LD,10.0,LD,580.8,N,101.6,N,1616.1633338726165,19.214394814239938,0.27231927710843373,18.64118964943755,0.6430121767577017,15.509999999999998,0.2503256768107506,0,LOW
ASSAM,WEST KARBI ANGLONG,2026-09-18,2.2,3.6,13.6,81.0,3.2,D,2.2,D,583.0,N,103.8,N,1968.1179217207236,28.819988236404722,0.2766265060240964,26.889267557654772,0.33741855937943627,17.22,0.30605752151210586,0,LOW
ASSAM,WEST KARBI ANGLONG,2026-09-19,0.0,3.6,3.6,56.8,4.1,NR,0.0,NR,583.0,N,103.8,N,566.7892517973467,13.941764033569335,0.2570481927710843,24.656346501366663,0.8464693567802016,10.32,0.18687359870698153,0,LOW
ASSAM,WEST KARBI ANGLONG,2026-09-20,43.0,45.2,46.6,99.8,3.9,LE,43.0,LE,626.0,N,146.8,E,2297.6191937020485,11.735585945815039,0.3412349397590362,28.62308111277511,0.7132259748720373,52.97,0.49766531232447336,1,MEDIUM
ASSAM,WEST KARBI ANGLONG,2026-09-21,15.6,58.6,62.2,115.4,6.0,LE,10.0,LD,579.4,N,162.4,E,2134.942944127803,23.845965405548913,0.37177710843373496,23.08608581477584,0.5003508600905845,52.97,0.5575976547693414,1,MEDIUM
MANIPUR,BISHNUPUR,2026-08-19,40.0,40.0,40.0,40.0,9.2,LE,40.0,LE,359.9,D,74.0,D,2128.532847449648,19.127513188838435,0.32831325301204817,18.260123501318226,0.4308111105185698,40.0,0.43555972904380547,1,MEDIUM
MANIPUR,BISHNUPUR,2026-08-20,0.0,40.0,40.0,40.0,5.4,NR,44.0,D,359.9,D,74.0,LD,607.7698096580746,29.609202021411683,0.32831325301204817,25.87733780208814,0.4826812208907075,26.0,0.38243494469450223,0,LOW
MANIPUR,BISHNUPUR,2026-08-21,0.0,40.0,40.0,40.0,8.6,NR,44.0,D,359.9,D,74.0,LD,173.8131721926414,13.72596738244126,0.32831325301204817,16.364765558931065,0.6827249636643249,26.0,0.3118427907435226,0,LOW
MANIPUR,BISHNUPUR,2026-08-22,0.0,0.0,40.0,40.0,9.1,NR,44.0,D,359.9,D,74.0,LD,2175.18767173233,31.517108022424747,0.32831325301204817,24.937995849863178,0.6432446797507392,16.0,0.3196930497429207,0,LOW
MANIPUR,BISHNUPUR,2026-08-23,0.0,0.0,40.0,40.0,10.0,NR,0.0,NR,359.9,D,74.0,LD,799.2105604094901,35.67446081211253,0.32831325301204817,18.61598169289578,0.6712555072003524,16.0,0.3381701732526442,0,LOW
MANIPUR,BISHNUPUR,2026-08-24,0.0,0.0,40.0,40.0,8.1,NR,44.0,D,359.9,D,74.0,LD,1566.3451338751383,11.665445721138976,0.32831325301204817,26.643919431100525,0.7833995172709235,16.0,0.23146343951498397,0,LOW
MANIPUR,BISHNUPUR,2026-08-25,2.6,2.6,42.6,42.6,11.8,LD,44.0,D,359.9,D,76.6,LD,1911.9188650667886,6.754331336716639,0.33340361445783134,29.076733749377844,0.5237771357862455,18.6,0.2291719208286232,0,LOW
MANIPUR,BISHNUPUR,2026-08-26,0.0,2.6,2.6,42.6,4.8,NR,2.6,LD,362.5,D,76.6,LD,364.3184833522444,22.58349501205355,0.2550903614457831,16.86192039779523,0.6517126890685989,7.6899999999999995,0.20615847718173436,0,LOW
MANIPUR,BISHNUPUR,2026-08-27,0.0,2.6,2.6,42.6,9.8,NR,0.0,NR,362.5,D,76.6,LD,1963.0539685716674,35.96096343969748,0.2550903614457831,21.804565386526072,0.514904772975921,7.6899999999999995,0.2656138924157074,0,LOW
MANIPUR,BISHNUPUR,2026-08-28,0.0,0.0,2.6,42.6,4.9,NR,0.0,NR,362.5,LD,76.6,LD,2349.353074454611,31.031193422965707,0.2550903614457831,27.469866992191946,0.6328588468719258,7.04,0.23907440743586517,0,LOW
MANIPUR,BISHNUPUR,2026-08-29,0.0,0.0,2.6,42.6,10.8,NR,2.6,LD,362.5,LD,76.6,LD,1834.5186660787022,33.07526881658365,0.2550903614457831,17.782952045820593,0.5348941821777683,7.04,0.248159186963056,0,LOW
MANIPUR,BISHNUPUR,2026-08-30,1.6,1.6,4.2,44.2,5.5,LD,2.6,LD,364.1,LD,78.2,LD,1130.9957337773674,21.113573599734735,0.25822289156626504,24.630902390607122,0.7159981764027359,8.64,0.20701803948301956,0,LOW
MANIPUR,BISHNUPUR,2026-08-31,7.3,8.9,11.5,51.5,3.8,LE,2.6,LD,371.4,LD,85.5,LD,2197.861439941672,14.397821810122796,0.27251506024096384,26.421262691887293,0.2531560739702398,15.379999999999999,0.22803196310452908,0,LOW
MANIPUR,BISHNUPUR,2026-09-01,13.6,22.5,22.5,65.1,12.9,N,2.6,LD,362.5,D,13.6,N,1342.2711936777696,26.271153731384377,0.2940512048192771,21.0314913230695,0.3794265734738691,25.775,0.359144281641537,0,LOW
MANIPUR,BISHNUPUR,2026-09-02,8.0,28.9,30.5,73.1,8.1,N,30.5,D,393.0,D,21.6,N,1874.6887731510476,13.174627749967875,0.3097138554216867,29.14369866144422,0.42786257509794673,28.614999999999995,0.3242969291410289,0,LOW
MANIPUR,BISHNUPUR,2026-09-03,0.2,21.8,30.7,33.3,12.5,LD,30.5,D,393.0,D,21.8,D,2060.23956245358,34.04914787940263,0.310105421686747,23.681189145794136,0.8172367037506697,18.189999999999998,0.34290249745536683,0,LOW
MANIPUR,BISHNUPUR,2026-09-04,7.5,15.7,38.2,40.8,6.3,E,30.5,D,400.7,D,29.3,D,1885.9145111625646,12.878658238379082,0.32478915662650604,25.65891227898867,0.5542277277801507,22.22,0.2804504346749603,0,LOW
MANIPUR,BISHNUPUR,2026-09-05,0.0,7.699999999999998,38.2,40.8,11.8,NR,30.5,D,400.7,D,29.3,D,755.2444463179772,16.65053066857366,0.32478915662650604,17.39483754398124,0.4686111279988847,17.595,0.2642743789475251,0,LOW
MANIPUR,BISHNUPUR,2026-09-06,0.0,7.499999999999998,36.6,40.8,6.3,NR,0.0,NR,400.7,D,29.3,D,338.71755721928616,25.261791132920216,0.3216566265060241,15.393722967055375,0.4925872693682031,17.145,0.29871517518083407,0,LOW
MANIPUR,BISHNUPUR,2026-09-07,0.0,0.0,29.3,40.8,7.3,NR,30.5,D,400.7,D,29.3,D,633.9293969370473,24.468397365739797,0.3073644578313253,15.862725704024767,0.5210933700595217,13.445,0.26597860036911913,0,LOW
MANIPUR,BISHNUPUR,2026-09-08,0.0,0.0,15.7,40.8,10.4,NR,0.0,NR,400.7,LD,29.3,LD,1282.0435956018655,29.033975056281175,0.28073795180722894,30.36664251936967,0.7706982340683826,10.044999999999998,0.2567294533260819,0,LOW
MANIPUR,BISHNUPUR,2026-09-09,0.0,0.0,7.7,38.2,11.1,NR,7.7,LD,400.7,LD,29.3,LD,1287.9284596180848,22.49778401999668,0.26507530120481926,30.004920532220268,0.8274015194080827,7.655,0.20752525222094254,0,LOW
MANIPUR,BISHNUPUR,2026-09-10,0.0,0.0,7.5,38.2,10.2,NR,7.7,LD,400.7,LD,29.3,LD,1477.478655820617,41.77893234040366,0.26468373493975905,28.729054465751325,0.7564987838441384,7.605,0.2927848241171811,0,LOW
MANIPUR,BISHNUPUR,2026-09-11,15.2,15.199999999999998,15.2,53.4,9.7,E,7.7,LD,415.9,LD,44.5,D,1017.9995019923326,38.59736376788753,0.2797590361445783,18.393405550992632,0.7549940580513691,20.93,0.3765621979314997,0,LOW
MANIPUR,BISHNUPUR,2026-09-12,6.0,21.2,21.2,59.4,9.1,D,6.0,D,421.9,D,50.5,D,1977.883884552568,40.164538049465534,0.29150602409638554,23.932797083141555,0.3694090665732767,21.61,0.39071987499922156,0,LOW
MANIPUR,BISHNUPUR,2026-09-13,0.0,21.2,21.2,59.4,10.6,NR,7.7,LD,421.9,LD,50.5,LD,2287.226688350659,30.180662856137502,0.29150602409638554,28.533990709322346,0.4112068430573532,19.509999999999998,0.3313905861547637,0,LOW
MANIPUR,BISHNUPUR,2026-09-14,0.0,5.999999999999998,21.2,57.8,5.8,NR,0.0,NR,421.9,LD,50.5,LD,654.4763810247046,30.400316634432258,0.29150602409638554,26.469376081348155,0.6076295083348595,15.469999999999999,0.30359334838937135,0,LOW
MANIPUR,BISHNUPUR,2026-09-15,0.0,0.0,21.2,50.5,7.5,NR,7.7,LD,400.7,LD,50.5,LD,1854.4818833696256,29.367947348637948,0.29150602409638554,16.96386029249094,0.6436824480647865,12.875,0.2805230671247373,0,LOW
MANIPUR,BISHNUPUR,2026-09-16,0.0,0.0,21.2,36.9,13.0,NR,0.0,NR,421.9,LD,50.5,LD,1711.0310387353595,22.39536617685825,0.29150602409638554,30.224200396811206,0.3716232240676488,10.834999999999999,0.23500463612800862,0,LOW
MANIPUR,BISHNUPUR,2026-09-17,0.0,0.0,21.2,28.9,7.8,NR,21.2,LD,421.9,LD,50.5,LD,1331.5717232343216,17.884240042690504,0.29150602409638554,17.73160067722536,0.6977691236479104,9.635,0.2064086093814219,0,LOW
MANIPUR,BISHNUPUR,2026-09-18,0.0,0.0,6.0,28.7,6.3,NR,0.0,NR,421.9,LD,50.5,LD,511.8990729916926,28.680115497954812,0.26174698795180723,17.920526788026702,0.3699781317517521,5.805,0.2211606450832785,0,LOW
MANIPUR,BISHNUPUR,2026-09-19,0.0,0.0,0.0,21.2,4.7,NR,0.0,NR,421.9,LD,50.5,LD,1998.3190335276383,6.021273485538012,0.25,30.31714669590204,0.40780638795364854,3.1799999999999997,0.09940964523398144,0,LOW
MANIPUR,BISHNUPUR,2026-09-20,0.0,0.0,0.0,21.2,4.4,NR,0.0,NR,421.9,LD,50.5,LD,2403.5343997906402,5.298257256952121,0.25,23.238487964606776,0.4340773227889664,3.1799999999999997,0.0961962397735997,0,LOW
MANIPUR,BISHNUPUR,2026-09-21,0.0,0.0,0.0,21.2,4.9,NR,21.2,LD,421.9,LD,50.5,LD,1818.499013972353,39.06567305186994,0.25,21.339161041259935,0.7575948498941902,3.1799999999999997,0.2462736433065678,0,LOW
MANIPUR,CHANDEL,2026-08-19,6.7,6.7,6.7,6.7,9.2,D,6.7,D,405.6,D,46.0,LD,2298.7569917330484,6.8569617911048875,0.26311746987951806,24.41216461906696,0.6892503381225299,6.699999999999999,0.13081726942361274,0,LOW
MANIPUR,CHANDEL,2026-08-20,0.0,6.7,6.7,6.7,5.4,NR,8.0,LD,405.6,D,46.0,LD,2461.2538991225993,25.99180601333672,0.26311746987951806,31.683754658145894,0.5684112614345088,4.355,0.19915958512410809,0,LOW
MANIPUR,CHANDEL,2026-08-21,3.6,10.3,10.3,10.3,8.6,D,8.0,LD,405.6,D,49.6,LD,912.5241518861336,29.599510517985802,0.27016566265060243,17.033717739097728,0.741849578880937,7.955,0.24224319770539998,0,LOW
MANIPUR,CHANDEL,2026-08-22,0.0,3.6,10.3,10.3,9.1,NR,8.0,LD,409.2,D,49.6,LD,1613.6477046695254,12.926849184897424,0.27016566265060243,27.86813042946511,0.737756948401554,5.0200000000000005,0.14723897711761877,0,LOW
MANIPUR,CHANDEL,2026-08-23,2.5,6.1,12.8,12.8,10.0,LD,2.5,LD,411.8,D,52.1,LD,1211.135207213291,40.82923353060593,0.2750602409638554,20.683539658150167,0.48389985756923404,7.52,0.29003385916688373,0,LOW
MANIPUR,CHANDEL,2026-08-24,0.1,2.6,12.9,12.9,8.1,LD,8.0,LD,411.8,D,52.2,LD,2467.2404298149136,12.603830869934999,0.27525602409638555,16.989837604409605,0.7188623724924519,5.845000000000001,0.15269718431859713,0,LOW
MANIPUR,CHANDEL,2026-08-25,1.6,4.2,14.5,14.5,11.8,LD,8.0,LD,405.6,D,53.8,LD,279.82916881892606,40.38059949466699,0.2783885542168675,22.172867040999957,0.3737456632009945,7.409999999999999,0.28792215651990727,0,LOW
MANIPUR,CHANDEL,2026-08-26,4.1,5.8,11.9,18.6,4.8,N,11.9,LD,417.6,D,57.9,LD,1060.3185400282005,35.5196107733214,0.27329819277108436,24.328798921329607,0.5519373099733056,8.649999999999999,0.2741311530837691,0,LOW
MANIPUR,CHANDEL,2026-08-27,1.1,6.800000000000001,13.0,19.7,9.8,LD,1.1,LD,418.7,D,59.0,LD,2195.070659091729,14.629718140967757,0.27545180722891566,18.501347841378497,0.3209450382332022,8.29,0.17915393554201126,0,LOW
MANIPUR,CHANDEL,2026-08-28,0.0,5.199999999999999,9.4,19.7,4.9,NR,0.0,NR,418.7,D,59.0,LD,745.9257107899629,11.029766651043742,0.26840361445783134,21.889580804642243,0.5060766913547547,6.6049999999999995,0.1497436936835875,0,LOW
MANIPUR,CHANDEL,2026-08-29,0.1,1.2000000000000002,9.5,19.8,10.8,LD,11.9,LD,418.8,D,59.2,LD,1980.092484065238,17.649308407449404,0.26859939759036144,25.80649243302894,0.5622194618603144,5.68,0.17261504925512539,0,LOW
MANIPUR,CHANDEL,2026-08-30,2.2,2.3000000000000003,9.2,22.0,5.5,LD,11.9,LD,421.0,D,61.4,LD,987.8187488116265,20.91802265081099,0.2680120481927711,24.799616335243776,0.29795101474964214,6.945,0.19603471509804787,0,LOW
MANIPUR,CHANDEL,2026-08-31,22.2,24.5,31.3,44.2,3.8,LE,11.9,LD,443.2,D,83.6,LD,2450.947422730888,14.831387059956938,0.3112801204819277,27.293730098932457,0.52756765703905,28.349999999999998,0.33008618771891457,0,LOW
MANIPUR,CHANDEL,2026-09-01,13.3,37.7,43.0,57.5,12.9,N,11.9,LD,417.6,D,13.3,N,2214.6480992380834,44.95566195017693,0.3341867469879518,29.21887705993582,0.6410023257760797,33.455,0.5049117432984003,1,MEDIUM
MANIPUR,CHANDEL,2026-09-02,2.1,37.6,41.0,59.6,8.1,LD,41.1,D,458.6,D,15.4,D,788.2348762734076,14.186093449583241,0.3302710843373494,21.955385640079353,0.6184529408468427,29.324999999999996,0.3379605029132229,0,LOW
MANIPUR,CHANDEL,2026-09-03,0.1,15.5,40.0,53.0,12.5,LD,41.1,D,458.6,D,15.6,D,1936.973128167745,38.22539307931428,0.32831325301204817,22.190443682857868,0.2826123327346342,21.86,0.3912434356222505,0,LOW
MANIPUR,CHANDEL,2026-09-04,3.0,5.2,43.0,56.0,6.3,D,41.1,D,461.8,D,18.6,D,875.2985323915083,11.36470988361891,0.3341867469879518,23.443766285737603,0.30720381154492066,21.5,0.27047334703592174,0,LOW
MANIPUR,CHANDEL,2026-09-05,0.0,3.1,42.900000000000006,52.400000000000006,11.8,NR,41.1,D,461.8,D,18.6,LD,1535.588958528061,44.2097850110379,0.3339909638554217,24.62800743248216,0.4608137475730846,19.360000000000003,0.40117090597067595,1,MEDIUM
MANIPUR,CHANDEL,2026-09-06,0.0,3.0,40.7,52.400000000000006,6.3,NR,0.0,NR,461.8,D,18.6,LD,1663.2778825635653,14.020938331323393,0.32968373493975905,16.841485462044158,0.7556114337496633,18.785,0.2620415733399485,0,LOW
MANIPUR,CHANDEL,2026-09-07,0.0,0.0,18.5,49.900000000000006,7.3,NR,41.1,D,461.8,D,18.6,LD,2082.508752259977,21.867542191343688,0.28621987951807226,20.31480102131116,0.7718536319004174,12.11,0.2406822611725153,0,LOW
MANIPUR,CHANDEL,2026-09-08,0.0,0.0,5.2,49.8,10.4,NR,0.0,NR,461.8,D,18.6,LD,109.90456016093646,27.34256267071626,0.26018072289156624,17.922160521409413,0.4357677218247556,8.77,0.23601988082242675,0,LOW
MANIPUR,CHANDEL,2026-09-09,5.6,5.6,8.7,53.8,11.1,D,8.8,LD,467.4,D,24.2,LD,589.3868333231342,9.811428606243734,0.2670331325301205,21.559496959850236,0.6813352511448738,13.604999999999997,0.193909795568193,0,LOW
MANIPUR,CHANDEL,2026-09-10,2.2,7.8,10.8,51.9,10.2,LD,8.8,LD,467.4,D,26.4,LD,1794.198635942018,37.67280269916405,0.271144578313253,31.547019233758622,0.5964343554109859,13.204999999999998,0.31571155493955533,0,LOW
MANIPUR,CHANDEL,2026-09-11,17.6,25.4,25.4,68.4,9.7,LE,8.8,LD,487.3,D,44.0,D,1430.6319305753664,15.987421307233195,0.2997289156626506,24.906426263576655,0.8400533552556595,29.119999999999997,0.33839793048568323,0,LOW
MANIPUR,CHANDEL,2026-09-12,5.1,24.90000000000001,30.5,73.5,9.1,D,5.1,D,492.4,D,49.1,D,1264.2324415928006,26.97079606406655,0.3097138554216867,22.299485838649286,0.30678634737381505,26.660000000000004,0.3716894339708865,0,LOW
MANIPUR,CHANDEL,2026-09-13,2.6,25.3,33.1,76.0,10.6,LD,8.8,LD,495.0,D,51.8,LD,185.26439393455212,26.985352427729875,0.3148042168674699,24.62092721880305,0.5787284453441529,26.910000000000004,0.3745527381391156,0,LOW
MANIPUR,CHANDEL,2026-09-14,0.0,7.699999999999999,33.1,73.8,5.8,NR,0.0,NR,495.0,D,51.8,LD,903.2759144805677,29.1056260930314,0.3148042168674699,26.374301442262045,0.6055225893227523,21.269999999999996,0.343807263523002,0,LOW
MANIPUR,CHANDEL,2026-09-15,0.0,2.6,33.1,51.6,7.5,NR,8.8,LD,467.4,D,51.7,LD,2169.4955681810884,7.219439460972588,0.3148042168674699,22.394208875936815,0.4346011425706696,16.665,0.21373783269546398,0,LOW
MANIPUR,CHANDEL,2026-09-16,3.2,3.2,30.7,41.5,13.0,LD,3.2,LD,498.2,D,55.0,LD,125.68745073827886,11.744750473262716,0.310105421686747,22.61106667229908,0.27817194849488247,15.819999999999999,0.2268923522257086,0,LOW
MANIPUR,CHANDEL,2026-09-17,0.1,3.3000000000000003,28.6,39.5,7.8,LD,30.7,D,498.3,D,55.1,LD,1021.2687766437896,11.447689716934569,0.30599397590361443,26.923819199489046,0.2812627214126956,13.934999999999999,0.21132454459284628,0,LOW
MANIPUR,CHANDEL,2026-09-18,0.0,3.3000000000000003,11.0,39.4,6.3,NR,0.0,NR,498.3,D,55.1,LD,2365.613304793393,17.082050376634076,0.27153614457831327,16.03466391449692,0.5221708325203829,9.485,0.19778102391543756,0,LOW
MANIPUR,CHANDEL,2026-09-19,0.0,0.1,5.9,36.4,4.7,NR,0.0,NR,498.3,D,55.1,LD,174.65779963528584,10.796566274333594,0.2615512048192771,24.18136966090185,0.6654842736663515,6.96,0.14986512807699479,0,LOW
MANIPUR,CHANDEL,2026-09-20,3.6,3.6,6.9,40.0,4.4,N,3.6,N,501.9,D,58.7,LD,1886.77909005936,41.876852830971586,0.2635090361445783,24.304572807700925,0.6701054714818764,9.885,0.30922358333510064,0,LOW
MANIPUR,CHANDEL,2026-09-21,5.3,8.9,12.2,45.3,4.9,N,30.7,D,498.2,D,64.0,LD,681.1509096459894,25.51817802045203,0.2738855421686747,27.864788439182476,0.3585819098330945,13.924999999999999,0.26736713993986877,0,LOW
MANIPUR,CHURACHANDPUR,2026-08-19,0.0,0.0,0.0,0.0,9.2,NR,0.0,NR,192.0,LD,50.5,LD,2173.1916387764977,29.943005908107377,0.25,31.704960789723188,0.7647832846034718,0.0,0.18308002625825504,0,LOW
MANIPUR,CHURACHANDPUR,2026-08-20,0.0,0.0,0.0,0.0,5.4,NR,8.5,LD,192.0,LD,50.5,LD,1877.8665484504443,19.299527015924834,0.25,28.52783137537574,0.47629745558184694,0.0,0.13577567562633258,0,LOW
MANIPUR,CHURACHANDPUR,2026-08-21,0.0,0.0,0.0,0.0,8.6,NR,8.5,LD,192.0,LD,50.5,LD,2219.977668602989,16.049845641356463,0.25,23.564406415057956,0.8286207411834506,0.0,0.1213326472949176,0,LOW
MANIPUR,CHURACHANDPUR,2026-08-22,0.0,0.0,0.0,0.0,9.1,NR,8.5,LD,192.0,LD,50.5,LD,579.0157365566017,25.12708680928852,0.25,17.880704053322034,0.3208957806553821,0.0,0.16167594137461566,0,LOW
MANIPUR,CHURACHANDPUR,2026-08-23,0.0,0.0,0.0,0.0,10.0,NR,0.0,NR,192.0,LD,50.5,LD,1351.6672493055821,16.772918993393343,0.25,25.0004365177639,0.7518728191812891,0.0,0.12454630663730376,0,LOW
MANIPUR,CHURACHANDPUR,2026-08-24,0.0,0.0,0.0,0.0,8.1,NR,8.5,LD,192.0,LD,50.5,LD,1959.2113617582618,18.74583702919057,0.25,29.183081074115663,0.7950028919472686,0.0,0.13331483124084698,0,LOW
MANIPUR,CHURACHANDPUR,2026-08-25,0.0,0.0,0.0,0.0,11.8,NR,8.5,LD,192.0,LD,50.5,LD,651.9643703377034,23.110034970834285,0.25,30.851039081970654,0.7436053156862388,0.0,0.15271126653704126,0,LOW
MANIPUR,CHURACHANDPUR,2026-08-26,2.0,2.0,2.0,2.0,4.8,D,2.0,LD,194.0,LD,52.5,LD,615.3284479046815,25.22934748737422,0.2539156626506024,29.030276451399708,0.7353046847198104,2.0,0.17715786124300048,0,LOW
MANIPUR,CHURACHANDPUR,2026-08-27,3.5,5.5,5.5,5.5,9.8,LD,3.5,LD,197.5,LD,56.0,LD,116.59622706908331,44.37256047127355,0.2607680722891566,18.21246630816358,0.466786009242967,4.8,0.28355130337574525,0,LOW
MANIPUR,CHURACHANDPUR,2026-08-28,0.0,5.5,5.5,5.5,4.9,NR,0.0,NR,197.5,LD,56.0,LD,2398.3624702398583,13.93290352647762,0.2607680722891566,27.113789693938635,0.6780058640325838,3.575,0.13953930822230967,0,LOW
MANIPUR,CHURACHANDPUR,2026-08-29,0.0,3.5,5.5,5.5,10.8,NR,2.0,LD,197.5,LD,56.0,LD,1789.5413561338273,24.519046595305888,0.2607680722891566,29.962634107259337,0.5976079396067802,3.075,0.18302775911374222,0,LOW
MANIPUR,CHURACHANDPUR,2026-08-30,0.0,0.0,5.5,5.5,5.5,NR,2.0,LD,197.5,LD,56.0,LD,1607.122867324953,10.980469579573558,0.2607680722891566,26.577288432658577,0.504687478858731,2.2,0.11662442645738563,0,LOW
MANIPUR,CHURACHANDPUR,2026-08-31,2.0,2.0,7.5,7.5,3.8,D,2.0,LD,199.5,LD,58.0,LD,1872.7870706027277,18.999969308318903,0.26468373493975905,26.657784695779657,0.8458670176322078,4.2,0.16729407543981334,0,LOW
MANIPUR,CHURACHANDPUR,2026-09-01,3.5,5.5,11.0,11.0,12.9,LD,2.0,LD,194.0,LD,3.5,LD,1352.4516508038264,33.69242874825617,0.27153614457831327,23.502758866268337,0.4242728308870719,7.0,0.2539063907105044,0,LOW
MANIPUR,CHURACHANDPUR,2026-09-02,8.0,13.5,17.0,19.0,8.1,N,17.0,LD,211.0,LD,11.5,D,1216.5278616715054,11.978485750422983,0.2832831325301205,25.828595776133586,0.4978864133126705,13.275,0.20444085190655004,0,LOW
MANIPUR,CHURACHANDPUR,2026-09-03,0.0,11.5,13.5,19.0,12.5,NR,17.0,LD,211.0,LD,11.5,LD,1151.353990752626,28.254052302001725,0.2764307228915663,20.004472226791357,0.7917166224028704,9.1,0.24567125459724629,0,LOW
MANIPUR,CHURACHANDPUR,2026-09-04,0.0,8.0,13.5,19.0,6.3,ND,17.0,LD,211.0,LD,11.5,LD,1619.0760696539212,21.66804094272029,0.2764307228915663,16.509771475357667,0.42340496745776446,8.225,0.21016821374733813,0,LOW
MANIPUR,CHURACHANDPUR,2026-09-05,1.5,1.5,15.0,20.5,11.8,LD,17.0,LD,212.5,LD,13.0,LD,543.7606897113387,7.0631817761789195,0.27936746987951805,29.07115338067181,0.3416086852771227,7.725,0.14228400410138484,0,LOW
MANIPUR,CHURACHANDPUR,2026-09-06,0.0,1.5,15.0,20.5,6.3,NR,0.0,NR,212.5,LD,13.0,LD,2225.7438027864305,42.32300965913778,0.27936746987951805,31.033453225655766,0.43599984980169104,7.199999999999999,0.2952552226960076,0,LOW
MANIPUR,CHURACHANDPUR,2026-09-07,0.0,1.5,13.0,20.5,7.3,NR,17.0,LD,212.5,LD,13.0,LD,2038.7933094871996,21.544125611715454,0.27545180722891566,29.56597970140805,0.7055870062610746,6.699999999999999,0.19856042054065035,0,LOW
MANIPUR,CHURACHANDPUR,2026-09-08,0.0,0.0,9.5,20.5,10.4,NR,0.0,NR,212.5,LD,13.0,LD,906.430848057483,36.35706143004665,0.26859939759036144,20.67653041427365,0.7659124058213596,5.449999999999999,0.2541225242693454,0,LOW
MANIPUR,CHURACHANDPUR,2026-09-09,0.0,0.0,1.5,20.5,11.1,NR,1.5,LD,212.5,LD,13.0,LD,1467.5927771906847,21.652539549272014,0.2529367469879518,16.59001257223478,0.3186669925734167,3.4499999999999997,0.17139226813198166,0,LOW
MANIPUR,CHURACHANDPUR,2026-09-10,0.0,0.0,1.5,18.5,10.2,NR,1.5,LD,212.5,LD,13.0,LD,395.5168848775358,42.49441286315138,0.2529367469879518,19.76235258973391,0.6230276086448959,3.15,0.26188617187831853,0,LOW
MANIPUR,CHURACHANDPUR,2026-09-11,13.0,13.0,14.5,28.0,9.7,E,1.5,LD,225.5,LD,26.0,LD,2432.2483074373154,16.6188133771559,0.2783885542168675,29.3282013887683,0.5903721433568457,15.625,0.24082266172183656,0,LOW
MANIPUR,CHURACHANDPUR,2026-09-12,0.0,13.0,13.0,28.0,9.1,NR,0.0,NR,225.5,LD,26.0,LD,2262.087084694195,21.489225987507872,0.27545180722891566,26.148846629764673,0.651278671308019,10.7,0.22680501308216136,0,LOW
MANIPUR,CHURACHANDPUR,2026-09-13,0.0,13.0,13.0,28.0,10.6,NR,1.5,LD,225.5,LD,26.0,LD,2308.648890923041,35.354569610371456,0.27545180722891566,31.43380214974993,0.6526338226760775,10.7,0.2884287625171107,0,LOW
MANIPUR,CHURACHANDPUR,2026-09-14,0.0,0.0,13.0,28.0,5.8,NR,0.0,NR,225.5,LD,26.0,LD,863.7994668734565,18.746692611234277,0.27545180722891566,20.825577313430756,0.825680482159917,7.45,0.1914689957713292,0,LOW
MANIPUR,CHURACHANDPUR,2026-09-15,0.0,0.0,13.0,26.0,7.5,NR,1.5,LD,212.5,LD,26.0,LD,464.3800330879966,19.574282853407176,0.27545180722891566,24.37502604495792,0.45791752505604355,7.15,0.1930105303100818,0,LOW
MANIPUR,CHURACHANDPUR,2026-09-16,6.5,6.5,19.5,29.0,13.0,D,6.5,D,232.0,LD,32.5,LD,568.8418004924604,44.79292693656894,0.2881777108433735,28.430649767849875,0.4298601530414673,13.125,0.35019340623884143,0,LOW
MANIPUR,CHURACHANDPUR,2026-09-17,0.0,6.5,19.5,21.0,7.8,NR,19.5,LD,232.0,LD,32.5,LD,270.5034080604702,27.22458102761408,0.2881777108433735,18.977863026440808,0.5987351714930951,9.65,0.24736240554624725,0,LOW
MANIPUR,CHURACHANDPUR,2026-09-18,0.0,6.5,6.5,21.0,6.3,NR,0.0,NR,232.0,LD,32.5,LD,344.27104374839166,32.57521814680592,0.26272590361445786,31.389529569214318,0.5076510755431971,6.4,0.24290567343614503,0,LOW
MANIPUR,CHURACHANDPUR,2026-09-19,0.0,0.0,6.5,21.0,4.7,NR,0.0,NR,232.0,LD,32.5,LD,224.6961087528712,30.738489366144393,0.26272590361445786,25.070760432360853,0.534252563387547,4.775,0.2231689443695079,0,LOW
MANIPUR,CHURACHANDPUR,2026-09-20,0.0,0.0,6.5,19.5,4.4,NR,0.0,NR,232.0,LD,32.5,LD,2475.06651955194,38.11696588626289,0.26272590361445786,15.134258576434105,0.2915661961026957,4.55,0.25435969011130044,0,LOW
MANIPUR,CHURACHANDPUR,2026-09-21,0.0,0.0,6.5,19.5,4.9,ND,19.5,LD,232.0,LD,32.5,LD,231.4413242542303,39.47300397766972,0.26272590361445786,15.42760568567621,0.3389453061721558,4.55,0.2603865260731085,0,LOW
MANIPUR,IMPHAL EAST,2026-08-19,4.5,4.5,4.5,4.5,5.5,N,4.5,N,396.6,D,46.9,D,374.72809833096335,27.530245298812382,0.2588102409638554,29.997672278827118,0.8112249619557171,4.5,0.20616835869550837,0,LOW
MANIPUR,IMPHAL EAST,2026-08-20,0.0,4.5,4.5,4.5,4.9,NR,9.2,LD,396.6,D,46.9,LD,2076.7737591973046,16.782242998655974,0.2588102409638554,25.969785971938318,0.29097487100207303,2.925,0.14718207692811888,0,LOW
MANIPUR,IMPHAL EAST,2026-08-21,0.8,5.3,5.3,5.3,5.7,LD,9.2,LD,396.6,D,47.6,LD,1471.5885310202107,5.912009902998778,0.2603765060240964,27.972232824085655,0.6040873556083726,3.7249999999999996,0.10488090102262182,0,LOW
MANIPUR,IMPHAL EAST,2026-08-22,0.0,0.8,5.3,5.3,3.1,NR,9.2,LD,397.3,D,47.6,LD,1947.3221511948643,29.576130042572807,0.2603765060240964,28.328272016267437,0.7027450174107341,2.32,0.2000481507660655,0,LOW
MANIPUR,IMPHAL EAST,2026-08-23,0.2,1.0,5.5,5.5,4.6,LD,0.2,LD,397.6,D,47.9,LD,1595.7344190430047,38.01875333062478,0.2607680722891566,22.1478161962632,0.2571181170644965,2.52,0.23907366373176356,0,LOW
MANIPUR,IMPHAL EAST,2026-08-24,0.0,0.2,5.5,5.5,5.3,NR,9.2,LD,397.6,D,47.9,LD,2211.328922305923,23.02159222046638,0.2607680722891566,28.57639118441913,0.3836488887600309,2.25,0.1704966344694675,0,LOW
MANIPUR,IMPHAL EAST,2026-08-25,0.0,0.2,5.5,5.5,3.4,NR,9.2,LD,396.6,D,47.9,LD,1614.2454430236144,11.588245619634572,0.2607680722891566,30.938051561813147,0.476243218509632,2.25,0.11968176068799277,0,LOW
MANIPUR,IMPHAL EAST,2026-08-26,0.5,0.5,1.5,6.0,5.9,LD,1.5,LD,398.1,D,48.4,LD,1329.2064776127197,16.523282917425636,0.2529367469879518,17.92690883208357,0.5540904682412011,1.575,0.13524154501950977,0,LOW
MANIPUR,IMPHAL EAST,2026-08-27,3.7,4.2,5.2,9.7,10.2,LD,3.7,LD,401.7,D,52.0,LD,1796.2367497151843,25.399557180474584,0.26018072289156624,27.990318792214353,0.4549571768533962,5.1,0.20124601874135872,0,LOW
MANIPUR,IMPHAL EAST,2026-08-28,0.0,4.2,4.4,9.7,3.0,NR,0.0,NR,401.7,D,52.0,LD,1146.1122418906682,38.46724875910666,0.2586144578313253,20.232464129464606,0.63939955488943,3.6050000000000004,0.2483637841295185,0,LOW
MANIPUR,IMPHAL EAST,2026-08-29,0.0,3.7,4.4,9.7,4.3,NR,1.5,LD,401.7,D,52.0,LD,897.8563661166,11.870125842736826,0.2586144578313253,20.465381051915514,0.3858385103504276,3.4800000000000004,0.12926408048092375,0,LOW
MANIPUR,IMPHAL EAST,2026-08-30,0.1,0.1,4.3,9.8,3.6,LD,1.5,LD,401.9,D,52.2,LD,1195.7485085030205,29.485995028380568,0.2584186746987952,22.016832467618563,0.2652897618574114,2.605,0.20128579653751033,0,LOW
MANIPUR,IMPHAL EAST,2026-08-31,7.3,7.399999999999999,11.6,17.1,5.1,E,1.5,LD,409.2,D,59.5,LD,465.79955749147365,35.13474455802182,0.272710843373494,29.683231838437454,0.2509426304909525,9.87,0.28099218690756184,0,LOW
MANIPUR,IMPHAL EAST,2026-09-01,12.8,20.2,24.4,29.9,7.1,LE,1.5,LD,398.1,D,12.8,LE,2001.600738016594,42.44190081339293,0.2977710843373494,15.374953144270837,0.4573072071697805,20.115,0.3914468884933792,0,LOW
MANIPUR,IMPHAL EAST,2026-09-02,1.9,22.0,25.8,31.8,5.8,LD,25.9,D,423.9,D,14.8,N,688.7242642730644,9.668147667154376,0.3005120481927711,22.376745515774488,0.46699767951654825,17.384999999999998,0.22689049290039243,0,LOW
MANIPUR,IMPHAL EAST,2026-09-03,0.0,14.7,22.1,27.3,4.8,NR,25.9,D,423.9,D,14.8,N,426.15228852576627,42.055665366582296,0.29326807228915663,26.560810042677602,0.8191624704319264,13.294999999999998,0.3402566366623108,0,LOW
MANIPUR,IMPHAL EAST,2026-09-04,2.5,4.4,24.6,29.8,4.5,D,25.9,D,426.4,D,17.2,D,653.5629923689056,29.05870140697918,0.29816265060240965,16.877062790802874,0.2768684275121418,12.594999999999999,0.27848576465757724,0,LOW
MANIPUR,IMPHAL EAST,2026-09-05,0.0,2.5,24.6,29.0,6.4,NR,25.9,D,426.4,D,17.2,D,2113.0718718419876,35.66806349729144,0.29816265060240965,28.46831114929608,0.5680390360811086,11.125,0.2973911501359763,0,LOW
MANIPUR,IMPHAL EAST,2026-09-06,0.0,2.5,24.5,29.0,5.0,NR,0.0,NR,426.4,D,17.2,D,858.9931742144419,7.150988382742218,0.29796686746987955,31.012344164255,0.5966879885583078,11.1,0.17043138375186126,0,LOW
MANIPUR,IMPHAL EAST,2026-09-07,0.0,0.0,17.200000000000003,28.8,3.5,NR,25.9,D,426.4,D,17.2,D,1730.8221802894554,25.245926225623805,0.2836746987951807,16.545891958308637,0.6695650071386317,8.620000000000001,0.2303319696450642,0,LOW
MANIPUR,IMPHAL EAST,2026-09-08,5.1,5.1,9.5,33.9,3.5,E,5.1,E,431.5,D,22.4,D,2148.2035951065614,29.90518696323175,0.26859939759036144,17.60011834312493,0.6332407600843963,10.52,0.2615568155684582,0,LOW
MANIPUR,IMPHAL EAST,2026-09-09,2.7,7.8,10.3,36.6,4.2,D,10.3,LD,434.2,D,25.1,D,240.4744339663532,17.27335359491361,0.27016566265060243,31.55965282408545,0.2548836962343657,10.96,0.20886233193938242,0,LOW
MANIPUR,IMPHAL EAST,2026-09-10,0.0,7.8,10.3,36.1,4.3,NR,10.3,LD,434.2,D,25.1,D,1924.3097926862051,22.266008324050105,0.27016566265060243,18.363545893357607,0.629114604045407,9.940000000000001,0.22378731784113515,0,LOW
MANIPUR,IMPHAL EAST,2026-09-11,1.9,4.6,9.7,34.3,4.4,D,10.3,LD,436.2,D,27.0,D,803.7803926286235,27.17192541118392,0.2689909638554217,16.341974486954477,0.44343276381983926,9.385,0.24140366204151992,0,LOW
MANIPUR,IMPHAL EAST,2026-09-12,1.8,3.7,11.5,36.1,3.9,D,1.8,D,437.9,D,28.8,D,580.7247922509046,27.101917590919196,0.27251506024096384,31.187273118730303,0.7137213768086812,9.844999999999999,0.24507352340098726,0,LOW
MANIPUR,IMPHAL EAST,2026-09-13,0.2,3.9,11.7,36.3,3.9,LD,10.3,LD,438.1,D,29.0,D,1737.808558509782,6.674461016273523,0.2729066265060241,30.174586066760973,0.3630192316814195,9.415,0.15130061724801802,0,LOW
MANIPUR,IMPHAL EAST,2026-09-14,0.2,2.2,11.9,36.400000000000006,3.5,LD,0.2,LD,438.4,D,29.2,D,2279.001725696423,22.579270663155697,0.27329819277108436,26.14733303646323,0.6797233911863076,9.055000000000001,0.21950300019764296,0,LOW
MANIPUR,IMPHAL EAST,2026-09-15,0.0,0.4,6.8,29.1,3.8,NR,10.3,LD,434.2,D,29.2,D,772.7970613453688,13.552726191689235,0.2633132530120482,24.374325763888407,0.6252972002134365,6.165,0.1568050299125654,0,LOW
MANIPUR,IMPHAL EAST,2026-09-16,0.0,0.2,4.1,16.299999999999997,4.8,NR,0.0,NR,438.4,D,29.2,LD,1443.6428231915816,41.66780312341399,0.25802710843373494,30.626955837147097,0.6413745311964849,3.5199999999999996,0.26186561775757294,0,LOW
MANIPUR,IMPHAL EAST,2026-09-17,0.1,0.1,4.2,14.5,4.0,LD,4.1,LD,438.4,D,29.3,LD,760.0935789312542,44.06319960493336,0.25822289156626504,26.143841276894186,0.35556861225253256,3.285,0.2708772762549193,0,LOW
MANIPUR,IMPHAL EAST,2026-09-18,0.0,0.1,2.3000000000000003,14.5,5.6,NR,0.0,NR,438.4,D,29.3,LD,1407.9996850297484,16.985875854082764,0.25450301204819276,26.19274320835619,0.6515044007994774,2.775,0.14615734390031973,0,LOW
MANIPUR,IMPHAL EAST,2026-09-19,2.5,2.6,3.0,14.5,2.9,N,2.5,N,440.9,D,31.8,LD,1573.5619751031343,12.007415890042349,0.2558734939759036,29.342654591433202,0.6921870451851488,4.449999999999999,0.13623454898415965,0,LOW
MANIPUR,IMPHAL EAST,2026-09-20,4.3,6.8,7.1,18.8,2.7,LE,4.3,LE,445.2,D,36.1,LD,1545.3217025359404,13.780166037933723,0.26390060240963853,26.105176513971156,0.5436461567426834,7.800000000000001,0.16957805507182314,0,LOW
MANIPUR,IMPHAL EAST,2026-09-21,3.7,10.5,10.6,22.5,6.7,D,4.1,LD,438.4,D,39.8,D,1577.6886056247274,24.11009021411815,0.2707530120481928,23.56250707964052,0.4542194097925271,9.945,0.2321363179706559,0,LOW
MANIPUR,IMPHAL WEST,2026-08-19,1.1,1.1,1.1,1.1,11.5,LD,1.1,LD,561.3,D,96.7,LD,380.94549093293404,39.980223964527134,0.2521536144578313,21.625265464273614,0.3499329095729055,1.1,0.23595496966796725,0,LOW
MANIPUR,IMPHAL WEST,2026-08-20,0.5,1.6,1.6,1.6,11.1,LD,30.7,LD,561.8,D,97.2,LD,1749.1741504874628,25.001448597505586,0.2531325301204819,23.553276177451092,0.4239763150664443,1.2149999999999999,0.17039746482350765,0,LOW
MANIPUR,IMPHAL WEST,2026-08-21,9.1,10.7,10.7,10.7,7.8,N,30.7,LD,561.3,D,106.3,LD,1703.138373131547,7.215682468611906,0.2709487951807229,23.882137034482305,0.7082970174715125,10.14,0.15847803675544447,0,LOW
MANIPUR,IMPHAL WEST,2026-08-22,5.6,15.2,16.299999999999997,16.299999999999997,11.0,D,30.7,LD,576.5,D,111.9,LD,1722.3408994313636,6.59542410852576,0.2819126506024096,21.13414197901028,0.49564043472775343,12.279999999999998,0.17315550013333425,0,LOW
MANIPUR,IMPHAL WEST,2026-08-23,0.0,14.7,16.299999999999997,16.299999999999997,8.4,NR,0.0,NR,576.5,D,111.9,LD,231.4728542098305,14.095637824913943,0.2819126506024096,22.618012952665882,0.6716279451959546,10.194999999999999,0.19164010532560488,0,LOW
MANIPUR,IMPHAL WEST,2026-08-24,0.0,5.6,16.299999999999997,16.299999999999997,13.7,NR,30.7,LD,576.5,D,111.9,LD,1144.7551639146739,38.710851104377156,0.2819126506024096,28.63182285867986,0.6940547949990921,7.919999999999999,0.2848381671762656,0,LOW
MANIPUR,IMPHAL WEST,2026-08-25,0.0,0.0,16.299999999999997,16.299999999999997,14.7,NR,30.7,LD,561.3,D,111.9,LD,1052.136073512038,29.859222301405758,0.2819126506024096,22.080727267490094,0.6545021344745738,6.519999999999999,0.23552658791365205,0,LOW
MANIPUR,IMPHAL WEST,2026-08-26,7.1,7.1,22.3,23.4,13.7,D,22.2,LD,583.5,D,118.9,LD,262.44313492583785,27.51831415145166,0.2936596385542169,15.4345160328023,0.6541230542097691,13.345,0.27608060745618934,0,LOW
MANIPUR,IMPHAL WEST,2026-08-27,5.2,12.3,27.0,28.6,13.8,LD,5.2,LD,588.8,D,124.2,LD,594.8014233471862,17.758783703305685,0.3028614457831325,19.811328470155434,0.6164849225956309,15.934999999999999,0.252991640610505,0,LOW
MANIPUR,IMPHAL WEST,2026-08-28,8.1,20.4,26.0,36.7,10.0,D,8.1,D,596.9,D,132.3,LD,1130.35844790519,42.17701620184749,0.3009036144578313,18.93961168955887,0.5610531872282281,19.939999999999998,0.38964975372665334,0,LOW
MANIPUR,IMPHAL WEST,2026-08-29,0.3,13.6,20.7,37.0,11.3,LD,22.2,LD,597.2,D,132.6,LD,1870.1204591523015,18.247129798485297,0.2905271084337349,28.490894201143462,0.36869001212216185,14.23,0.24055193837141142,0,LOW
MANIPUR,IMPHAL WEST,2026-08-30,0.0,8.399999999999999,20.7,37.0,16.2,NR,22.2,LD,597.2,D,132.6,LD,630.8020886124249,38.39777650611787,0.2905271084337349,22.63798199402075,0.7556820321531101,12.825,0.32010375063955976,0,LOW
MANIPUR,IMPHAL WEST,2026-08-31,14.4,14.7,35.1,51.4,7.4,LE,22.2,LD,611.6,D,147.0,LD,2082.887279806033,40.83614071903536,0.3187198795180723,19.765279231597262,0.8285585034925572,25.200000000000003,0.42471605714421456,1,MEDIUM
MANIPUR,IMPHAL WEST,2026-09-01,9.8,24.200000000000003,44.9,61.2,24.5,LD,22.2,LD,583.5,D,9.8,LD,1387.2058000616853,24.33340052864547,0.3379066265060241,28.781983025307618,0.5298904393600998,29.884999999999998,0.3885751566425529,0,LOW
MANIPUR,IMPHAL WEST,2026-09-02,10.3,34.5,48.1,71.5,14.5,D,48.2,D,631.7,D,20.1,D,1913.033128702313,40.771570779229705,0.34417168674698795,15.326685677462404,0.8099432535307934,34.980000000000004,0.4991740457601338,1,MEDIUM
MANIPUR,IMPHAL WEST,2026-09-03,4.9,25.000000000000004,47.8,75.30000000000001,7.7,D,48.2,D,631.7,D,25.1,D,1207.7621591753,16.072131495641884,0.3435843373493976,17.9622643264307,0.84879672263397,31.21,0.3624307932795595,0,LOW
MANIPUR,IMPHAL WEST,2026-09-04,12.4,27.6,52.1,87.2,12.1,N,48.2,D,649.1,D,37.5,D,1273.0258522844472,31.337337047331033,0.3520030120481928,29.0582319297286,0.5417175475514924,37.345,0.4756542624757168,1,MEDIUM
MANIPUR,IMPHAL WEST,2026-09-05,8.0,25.3,59.8,86.1,18.7,D,48.2,D,657.1,D,45.5,D,1568.3125039801184,8.51854994097545,0.36707831325301205,24.361079370226847,0.6846132242499808,36.989999999999995,0.3747241286930481,0,LOW
MANIPUR,IMPHAL WEST,2026-09-06,7.4,27.8,67.2,87.9,14.5,D,7.4,D,664.5,D,52.9,D,2323.527990006269,23.957368563695756,0.38156626506024094,28.152046167851168,0.6362742029503134,39.525,0.46429333517572924,1,MEDIUM
MANIPUR,IMPHAL WEST,2026-09-07,0.0,15.4,52.8,87.9,17.8,NR,48.2,D,664.5,D,52.9,D,1254.9408244616293,13.693272086333916,0.3533734939759036,29.248992250955318,0.3923588896004483,30.235,0.3468718220941627,0,LOW
MANIPUR,IMPHAL WEST,2026-09-08,3.5,10.9,46.5,91.4,26.2,LD,3.5,LD,668.0,D,56.4,D,1345.210968365313,7.510531117224115,0.341039156626506,31.013379306005174,0.2782536662525913,29.285,0.31016006554074493,0,LOW
MANIPUR,IMPHAL WEST,2026-09-09,5.9,9.4,42.1,97.3,12.1,D,42.2,LD,674.0,D,62.4,D,1524.8925606424473,5.149020323104829,0.3324246987951807,16.078218188156747,0.522013186704674,29.535,0.29972210737451843,0,LOW
MANIPUR,IMPHAL WEST,2026-09-10,0.0,9.4,37.2,90.20000000000002,11.9,NR,42.2,LD,674.0,D,62.4,LD,1856.912086379428,17.990084657632334,0.32283132530120484,28.586990636074024,0.7223229984377633,25.180000000000003,0.32385787640691543,0,LOW
MANIPUR,IMPHAL WEST,2026-09-11,2.2,8.100000000000001,27.000000000000004,87.2,13.5,LD,42.2,LD,676.2,D,64.6,LD,226.03332194127407,28.581223781470513,0.30286144578313257,27.049024519737195,0.44508079761381814,22.625,0.34873854252352443,0,LOW
MANIPUR,IMPHAL WEST,2026-09-12,1.2,3.4000000000000004,20.2,80.3,13.9,LD,1.2,LD,677.4,D,65.8,LD,1313.4342243788317,23.209213906046294,0.28954819277108435,18.519435211501506,0.7206632327159106,18.365000000000002,0.2918599431968265,0,LOW
MANIPUR,IMPHAL WEST,2026-09-13,0.0,3.4000000000000004,12.8,80.0,8.3,NR,42.2,LD,677.4,D,65.8,LD,1229.8993935548067,17.070771940779842,0.2750602409638554,30.83893852778209,0.6428810091777732,16.05,0.2451926165785297,0,LOW
MANIPUR,IMPHAL WEST,2026-09-14,0.0,1.2,12.8,80.0,9.4,NR,0.0,NR,677.4,D,65.8,LD,2308.1282113820475,44.648001231050046,0.2750602409638554,21.871431965208664,0.6673248110905523,15.5,0.3638408988460349,0,LOW
MANIPUR,IMPHAL WEST,2026-09-15,0.0,0.0,9.3,65.6,13.8,NR,42.2,LD,674.0,D,65.8,LD,1259.0911220690357,42.58100159918711,0.2682078313253012,30.089378966731672,0.421444533026434,12.165,0.32953138924885694,0,LOW
MANIPUR,IMPHAL WEST,2026-09-16,0.0,0.0,3.4000000000000004,55.8,10.7,NR,0.0,NR,677.4,D,65.8,LD,1197.3853100011108,10.026132273499876,0.2566566265060241,25.28693297930373,0.5320284297058282,9.219999999999999,0.16155811514182483,0,LOW
MANIPUR,IMPHAL WEST,2026-09-17,6.7,6.7,10.1,52.2,6.8,N,3.4,LD,684.1,D,72.5,LD,2407.38997191002,21.60429706673979,0.2697740963855422,23.954715091196263,0.35902228001513026,14.375,0.25235479079532275,0,LOW
MANIPUR,IMPHAL WEST,2026-09-18,7.1,13.8,15.0,54.4,8.3,N,7.1,N,691.2,D,79.6,LD,1153.9123358221598,30.953877359744432,0.27936746987951805,17.71190687623165,0.3979483168478358,17.845,0.3205410082661219,0,LOW
MANIPUR,IMPHAL WEST,2026-09-19,0.0,13.8,13.8,42.0,6.2,NR,0.0,NR,691.2,D,79.6,LD,493.1668542891213,34.33963190119747,0.27701807228915665,30.54356961288432,0.30391002585544913,13.2,0.3020365505607399,0,LOW
MANIPUR,IMPHAL WEST,2026-09-20,8.3,15.400000000000002,22.1,42.3,5.0,LE,8.3,LE,699.5,D,87.9,LD,581.4445008741814,19.654886196379614,0.29326807228915663,24.463252425158185,0.3260640437777248,18.625,0.2786586654641139,0,LOW
MANIPUR,IMPHAL WEST,2026-09-21,6.2,14.500000000000004,28.3,41.1,5.1,E,3.4,LD,677.4,D,94.2,LD,283.20946892558663,34.8512725094139,0.3054066265060241,15.103570893445896,0.3763080875775019,19.035,0.3515459515963948,0,LOW
MANIPUR,SENAPATI,2026-08-19,0.0,0.0,0.0,0.0,7.8,NR,0.0,NR,485.0,N,51.9,LD,51.3919166844139,9.966000516427131,0.25,15.310837198194815,0.5981405268255022,0.0,0.09429333562856504,0,LOW
MANIPUR,SENAPATI,2026-08-20,8.2,8.2,8.2,8.2,4.0,LE,7.8,LD,493.2,N,60.1,D,1108.2668694511808,18.272505010308187,0.2660542168674699,28.219754285306806,0.5147266717285839,8.2,0.19282358803885258,0,LOW
MANIPUR,SENAPATI,2026-08-21,0.0,8.2,8.2,8.2,4.9,NR,7.8,LD,485.0,N,60.1,D,1934.6443241806426,33.6573270302362,0.2660542168674699,17.752918007432623,0.4101637075393372,5.329999999999999,0.24076001084391435,0,LOW
MANIPUR,SENAPATI,2026-08-22,0.0,8.2,8.2,8.2,3.9,NR,7.8,LD,493.2,N,60.1,LD,1846.9927848595978,30.027311610415005,0.2660542168674699,25.17855340567847,0.7666674681386134,5.329999999999999,0.22462660897804237,0,LOW
MANIPUR,SENAPATI,2026-08-23,1.9,1.9,10.1,10.1,6.2,LD,1.9,LD,495.1,N,62.0,LD,128.76526511698296,38.48840859446619,0.2697740963855422,26.578393352877665,0.5650886148051917,5.18,0.2619071382086542,0,LOW
MANIPUR,SENAPATI,2026-08-24,0.6,2.5,10.7,10.7,6.9,LD,7.8,LD,495.7,N,62.6,LD,1446.4581138053807,6.874280906686203,0.2709487951807229,19.749215080124447,0.8038656841814762,5.114999999999999,0.12117190419812024,0,LOW
MANIPUR,SENAPATI,2026-08-25,3.2,5.7,13.9,13.9,2.6,E,7.8,LD,485.0,N,65.8,LD,427.9936572630162,11.97566871292194,0.27721385542168675,24.67833474299401,0.6309789773665406,8.105,0.16639297261700764,0,LOW
MANIPUR,SENAPATI,2026-08-26,0.0,3.8,13.9,13.9,6.1,NR,13.9,LD,498.9,N,65.8,LD,2355.6368976735084,6.939783290878658,0.27721385542168675,19.08439868181427,0.25947255791723,6.51,0.13265143402020876,0,LOW
MANIPUR,SENAPATI,2026-08-27,30.2,33.4,35.9,44.1,4.5,LE,30.2,LE,529.2,N,96.0,D,460.04424912823924,12.684568969968453,0.3202861445783133,31.08736226525516,0.7980854146094171,34.51,0.36621840874674616,0,LOW
MANIPUR,SENAPATI,2026-08-28,0.0,30.2,35.9,44.1,5.9,NR,0.0,NR,529.2,N,96.0,D,1585.2660833588297,5.1713124253174,0.3202861445783133,29.62289265793584,0.7644780014084958,23.14,0.25184733788545177,0,LOW
MANIPUR,SENAPATI,2026-08-29,5.6,35.8,41.5,49.7,5.7,N,13.9,LD,534.8,N,101.6,D,849.2839873019391,25.16841206715465,0.33125,19.896727455456976,0.6311627336685395,28.739999999999995,0.38280013459780615,0,LOW
MANIPUR,SENAPATI,2026-08-30,0.0,5.6,39.6,49.7,4.7,NR,13.9,LD,534.8,N,101.6,D,1621.825248612663,26.132575822730217,0.3275301204819277,23.989846346155776,0.5708641334384907,18.755000000000003,0.31522668597865544,0,LOW
MANIPUR,SENAPATI,2026-08-31,1.6,7.199999999999999,40.6,51.3,10.8,LD,13.9,LD,536.4,N,103.2,D,1060.0335613369841,31.315671256239792,0.3294879518072289,23.5107585716164,0.521755643991151,20.205,0.34898134613905707,0,LOW
MANIPUR,SENAPATI,2026-09-01,15.4,17.0,52.8,66.7,8.2,LE,13.9,LD,498.9,N,15.4,LE,1911.125478150667,20.396497888041736,0.3533734939759036,31.320395385151258,0.5393049074600991,32.845,0.39525274231195756,0,LOW
MANIPUR,SENAPATI,2026-09-02,23.0,40.0,75.8,89.69999999999999,4.7,LE,75.8,LE,574.8,N,38.4,LE,615.1638570532517,5.12830762740736,0.39840361445783135,21.698489263125516,0.7115323845054098,50.455,0.4618211643387432,1,MEDIUM
MANIPUR,SENAPATI,2026-09-03,0.0,38.4,45.6,89.69999999999999,4.0,NR,75.8,LE,574.8,N,38.4,LE,2269.1900396399374,31.955646176305486,0.33927710843373493,24.557868428566636,0.5578849614152115,34.455,0.4552741154215144,1,MEDIUM
MANIPUR,SENAPATI,2026-09-04,2.6,25.6,48.2,84.1,6.3,D,75.8,LE,577.4,N,41.0,LE,1275.5136408177127,7.171643509916503,0.34436746987951805,30.78801211308643,0.3556148192214644,31.974999999999998,0.3284781384087223,0,LOW
MANIPUR,SENAPATI,2026-09-05,1.8,4.4,44.4,85.89999999999999,5.3,LD,75.8,LE,579.2,N,42.8,E,1902.4282118964895,39.64681723270976,0.3369277108433735,17.767787870001488,0.28490654030379564,25.714999999999996,0.42673964732251035,1,MEDIUM
MANIPUR,SENAPATI,2026-09-06,1.4,5.8,45.8,87.3,6.6,LD,1.4,LD,580.6,N,44.2,E,2131.8389689330065,5.9061595083174945,0.3396686746987952,24.35825525573175,0.32571176577190747,26.485,0.2828134150612476,0,LOW
MANIPUR,SENAPATI,2026-09-07,4.4,7.6,48.6,89.8,3.0,E,75.8,LE,585.0,N,48.6,E,2497.130096839272,26.2190049302653,0.3451506024096386,16.796439646151104,0.4008646653024317,29.06,0.3925286439632648,0,LOW
MANIPUR,SENAPATI,2026-09-08,5.8,11.6,39.0,95.0,6.7,N,5.8,N,590.8,N,54.4,E,598.6668807051976,40.79671529542083,0.326355421686747,25.49748184091451,0.47064047286382393,28.93,0.4526335524605042,1,MEDIUM
MANIPUR,SENAPATI,2026-09-09,5.0,15.2,21.0,96.79999999999998,2.4,LE,21.0,D,595.8,N,59.4,E,752.8864132304644,27.899583031551206,0.2911144578313253,21.21661445757908,0.7854496073051253,25.319999999999997,0.36255381858863067,0,LOW
MANIPUR,SENAPATI,2026-09-10,0.0,10.8,21.0,96.79999999999998,4.6,NR,21.0,D,595.8,N,59.4,N,663.5610624931262,29.336669861757198,0.2911144578313253,31.44981324405321,0.3934523393198008,22.469999999999995,0.3486427501715067,0,LOW
MANIPUR,SENAPATI,2026-09-11,0.0,4.999999999999999,18.4,66.6,2.8,NR,21.0,D,595.8,N,59.4,N,694.0347637914675,32.26443393349623,0.28602409638554216,22.061956079524947,0.44175913480152085,15.839999999999998,0.3134171232764177,0,LOW
MANIPUR,SENAPATI,2026-09-12,0.0,0.0,16.6,66.6,2.3,NR,0.0,NR,595.8,N,59.4,N,1476.9896167714746,9.89635390921868,0.2825,17.315189838209015,0.38380872371606434,14.139999999999999,0.20119096388220806,0,LOW
MANIPUR,SENAPATI,2026-09-13,0.1,0.0999999999999991,15.3,61.1,4.5,LD,21.0,D,595.9,N,59.5,N,2484.1301817073154,31.99708403242238,0.2799548192771084,29.17799933578287,0.5774450912236799,13.049999999999999,0.291144253939433,0,LOW
MANIPUR,SENAPATI,2026-09-14,0.0,0.0999999999999991,10.9,61.1,2.0,NR,0.0,NR,595.9,N,59.5,N,2476.1813133772484,40.214195280512605,0.2713403614457831,28.95473375418954,0.6202520177766921,11.915,0.31785821914938683,0,LOW
MANIPUR,SENAPATI,2026-09-15,0.0,0.0999999999999991,5.1,59.5,3.4,NR,21.0,D,595.8,N,59.5,N,1340.5944168376539,43.96883331341266,0.25998493975903614,26.812613532227335,0.5692765191382965,10.224999999999998,0.3202379853151261,0,LOW
MANIPUR,SENAPATI,2026-09-16,0.0,0.0,0.1,44.1,3.0,NR,0.0,NR,595.9,N,59.5,N,1615.6166651484507,22.72207997433388,0.2501957831325301,27.729800632031875,0.8211139907301641,6.640000000000001,0.19831723958105196,0,LOW
MANIPUR,SENAPATI,2026-09-17,0.0,0.0,0.1,21.1,5.5,NR,0.1,LD,595.9,N,59.5,D,2156.9278320689345,18.780194067101874,0.2501957831325301,19.500158700719915,0.8472268105924745,3.19,0.15622633703350516,0,LOW
MANIPUR,SENAPATI,2026-09-18,0.0,0.0,0.1,21.1,2.9,NR,0.0,NR,595.9,N,59.5,D,2335.6869732110877,35.13238462385268,0.2501957831325301,25.914909507187282,0.752437593883338,3.19,0.2289027395079532,0,LOW
MANIPUR,SENAPATI,2026-09-19,16.0,16.0,16.1,34.5,5.3,LE,16.0,LE,611.9,N,75.5,N,549.4585369573826,26.714971523812583,0.2815210843373494,15.646337810491692,0.7331776869341813,18.8,0.308933800735186,0,LOW
MANIPUR,SENAPATI,2026-09-20,5.7,21.7,21.7,38.4,9.0,D,5.7,D,617.6,N,81.2,N,1344.9272359090096,15.29218617820122,0.2924849397590361,18.347132446130587,0.46963166604976514,18.604999999999997,0.2589698181451625,0,LOW
MANIPUR,SENAPATI,2026-09-21,0.2,21.9,21.9,37.2,1.6,LD,0.1,LD,595.9,N,81.4,N,2090.4507839207054,11.886315398788119,0.2928765060240964,30.848750608402476,0.597870103697199,16.6,0.22963102175986597,0,LOW
MANIPUR,TAMENGLONG,2026-08-19,30.6,30.6,30.6,30.6,57.1,D,30.6,D,1404.8,D,270.3,D,792.8450877547496,11.809212023709748,0.3099096385542169,27.5670000504052,0.46088345136933107,30.599999999999998,0.33240503464850385,0,LOW
MANIPUR,TAMENGLONG,2026-08-20,20.5,51.1,51.1,51.1,12.8,LE,54.2,LD,1425.3,D,290.8,D,1127.5321540771433,23.367081464246084,0.3500451807228916,18.921433196817382,0.7206135077042436,40.39,0.4615262778644065,1,MEDIUM
MANIPUR,TAMENGLONG,2026-08-21,20.9,72.0,72.0,72.0,25.8,N,54.2,LD,1404.8,D,311.7,D,2464.7716987044196,11.804976224626005,0.39096385542168677,16.893512521827898,0.3530986834551016,54.114999999999995,0.5160743558330794,1,MEDIUM
MANIPUR,TAMENGLONG,2026-08-22,1.0,42.4,73.0,73.0,9.2,LD,54.2,LD,1447.2,D,312.7,D,2463.364406966134,5.788757760459431,0.3929216867469879,31.131630562764528,0.3800030285767858,40.15,0.39026638048900575,0,LOW
MANIPUR,TAMENGLONG,2026-08-23,0.0,21.9,73.0,73.0,13.7,NR,0.0,NR,1447.2,D,312.7,D,2269.961686374695,7.0835509987876,0.3929216867469879,16.907190323022256,0.2732164425221853,34.675,0.35702725834867494,0,LOW
MANIPUR,TAMENGLONG,2026-08-24,5.2,6.2,78.2,78.2,8.8,D,54.2,LD,1452.4,D,317.9,D,2006.1984448287412,42.19538175811863,0.40310240963855426,19.37019081680322,0.6153638040027953,34.650000000000006,0.5149379303866248,1,MEDIUM
MANIPUR,TAMENGLONG,2026-08-25,7.1,12.3,85.3,85.3,62.0,LD,54.2,LD,1404.8,D,325.0,D,709.3697267708741,7.91845364640543,0.4170030120481928,18.10477788099077,0.6631229552733742,39.68,0.40120055117051523,1,MEDIUM
MANIPUR,TAMENGLONG,2026-08-26,8.3,20.6,63.0,93.6,18.9,D,63.0,D,1467.8,D,333.3,D,836.0826814646093,7.927227623238382,0.3733433734939759,15.126884947000056,0.25201737173882727,37.845,0.37943847785004353,0,LOW
MANIPUR,TAMENGLONG,2026-08-27,10.9,26.300000000000004,53.4,104.5,1.5,LE,10.9,LE,1478.7,D,344.2,D,1390.842960951943,23.047537821341297,0.35454819277108435,20.340291159666748,0.5564714583965503,39.415,0.4540625922806945,1,MEDIUM
MANIPUR,TAMENGLONG,2026-08-28,8.5,27.700000000000003,41.0,113.0,7.9,N,8.5,N,1487.2,D,352.7,D,1423.9045676769297,14.804011293401302,0.3302710843373494,31.561040817178963,0.47612472309386433,37.099999999999994,0.3960815029474362,0,LOW
MANIPUR,TAMENGLONG,2026-08-29,0.0,19.4,40.0,113.0,8.5,NR,63.0,D,1487.2,D,352.7,D,1288.4819074248142,43.50775408689991,0.32831325301204817,20.812356198759062,0.7254284690912606,31.799999999999997,0.48551474397120087,1,MEDIUM
MANIPUR,TAMENGLONG,2026-08-30,0.0,8.5,40.0,113.0,18.5,NR,63.0,D,1487.2,D,352.7,D,1609.84218579495,41.43943357991217,0.32831325301204817,23.57318295095215,0.273334447599186,29.075,0.45691435585350026,1,MEDIUM
MANIPUR,TAMENGLONG,2026-08-31,0.0,0.0,34.8,113.0,15.9,NR,63.0,D,1487.2,D,352.7,D,1050.3914054508227,21.189729946850683,0.3181325301204819,27.680908326670284,0.2791394132908471,25.65,0.3404861725280105,0,LOW
MANIPUR,TAMENGLONG,2026-09-01,0.1,0.1,27.8,113.1,30.8,LD,63.0,D,1467.8,D,0.1,LD,1885.4766854230556,22.94926077665037,0.3044277108433735,24.368361735346674,0.6221254592355279,23.975,0.33363574826655445,0,LOW
MANIPUR,TAMENGLONG,2026-09-02,5.3,5.4,24.8,118.4,47.2,LD,24.8,LD,1492.6,D,5.4,LD,867.1973198719706,20.00454612302281,0.29855421686746986,27.641055626009212,0.6049833127478583,27.165000000000003,0.3420930800084643,0,LOW
MANIPUR,TAMENGLONG,2026-09-03,0.0,5.4,13.9,87.80000000000001,15.4,NR,24.8,LD,1492.6,D,5.4,LD,860.1586425185637,6.514644665725129,0.27721385542168675,26.24780975923876,0.7486540137988061,17.995,0.21255979555881113,0,LOW
MANIPUR,TAMENGLONG,2026-09-04,10.4,15.7,15.8,77.7,32.8,LD,24.8,LD,1503.0,D,15.8,LD,361.7036066349786,16.713873570188348,0.28093373493975904,25.345571390983253,0.6053601334944168,23.17,0.2954907921442579,0,LOW
MANIPUR,TAMENGLONG,2026-09-05,10.0,20.4,25.8,66.8,19.8,D,24.8,LD,1513.0,D,25.8,LD,512.3449145708521,9.906938784479365,0.3005120481927711,26.044031422599666,0.8196224971549008,25.07,0.2826854919666985,0,LOW
MANIPUR,TAMENGLONG,2026-09-06,0.0,20.4,25.8,65.8,64.8,ND,0.0,ND,1513.0,D,25.8,LD,2133.776153357326,9.09481320060491,0.3005120481927711,28.58579415533027,0.43863078534065325,21.42,0.2530802057571747,0,LOW
MANIPUR,TAMENGLONG,2026-09-07,3.0,13.000000000000002,28.8,68.8,29.6,LD,24.8,LD,1516.0,D,28.8,LD,1143.3917295220817,27.434462917455512,0.3063855421686747,27.07325371161877,0.4887528438428801,21.82,0.3386133179366015,0,LOW
MANIPUR,TAMENGLONG,2026-09-08,6.2,9.200000000000005,34.9,69.8,48.8,LD,6.2,LD,1522.2,D,35.0,LD,608.2760770544428,8.95059430854249,0.31832831325301203,28.460173651988256,0.83660479990175,23.665,0.27199170754214186,0,LOW
MANIPUR,TAMENGLONG,2026-09-09,0.0,9.200000000000005,29.6,62.7,8.0,NR,29.6,LD,1522.2,D,35.0,LD,1910.385695054849,9.117252951810544,0.3079518072289157,17.475159850820035,0.3145145460230669,19.105,0.23818011782520634,0,LOW
MANIPUR,TAMENGLONG,2026-09-10,0.0,6.200000000000002,29.6,54.4,59.5,NR,29.6,LD,1522.2,D,35.0,LD,1407.2537582513055,24.220548592773945,0.3079518072289157,26.520453456079185,0.7275429119177677,17.11,0.291097191532416,0,LOW
MANIPUR,TAMENGLONG,2026-09-11,2.1,2.100000000000002,21.3,45.6,94.5,LD,29.6,LD,1524.3,D,37.1,LD,101.83222798706905,22.69129460490555,0.29170180722891564,27.529372509534063,0.2569412287962642,13.425,0.25480539280168396,0,LOW
MANIPUR,TAMENGLONG,2026-09-12,3.1,5.200000000000002,14.4,40.2,34.4,LD,3.1,LD,1527.4,LD,40.2,LD,825.0855704749522,10.505391405294775,0.2781927710843374,20.099429352446187,0.5419079496420114,12.015,0.1879017875145792,0,LOW
MANIPUR,TAMENGLONG,2026-09-13,2.1,7.300000000000002,16.5,42.3,44.3,LD,29.6,LD,1529.5,LD,42.3,LD,483.6534572472856,5.17796099235452,0.28230421686746987,29.8678145733358,0.3420414024212047,13.030000000000001,0.1722755881028471,0,LOW
MANIPUR,TAMENGLONG,2026-09-14,1.0,6.200000000000003,14.5,43.3,33.3,LD,1.0,LD,1530.5,LD,43.3,LD,1656.8885094079594,12.718977670713754,0.2783885542168675,20.180097256145906,0.6093170222368389,12.02,0.1978147160593143,0,LOW
MANIPUR,TAMENGLONG,2026-09-15,0.0,3.100000000000002,8.3,43.3,15.7,NR,29.6,LD,1522.2,D,43.3,LD,723.8260495441195,14.43569016728163,0.26625,19.145146029400454,0.7289019818246968,9.344999999999999,0.1839650933888233,0,LOW
MANIPUR,TAMENGLONG,2026-09-16,10.4,11.400000000000002,18.700000000000003,53.6,14.6,D,10.4,D,1540.9,LD,53.7,LD,209.1196090643619,37.0099377443547,0.2866114457831325,29.74064586316869,0.26982538141041235,19.205,0.35859174827469564,0,LOW
MANIPUR,TAMENGLONG,2026-09-17,10.9,21.300000000000004,29.6,59.2,12.9,N,18.7,LD,1551.8,LD,64.6,LD,184.59072353428968,41.6175340210886,0.3079518072289157,19.199337247979255,0.34826363595504717,25.42,0.4276021743045425,1,MEDIUM
MANIPUR,TAMENGLONG,2026-09-18,0.0,21.300000000000004,27.5,59.2,7.0,NR,0.0,NR,1551.8,LD,64.6,LD,1475.2318799988516,21.237775899518788,0.30384036144578314,22.063541861340603,0.4555662286971415,21.080000000000002,0.3052930612899986,0,LOW
MANIPUR,TAMENGLONG,2026-09-19,0.0,10.900000000000002,24.4,48.8,0.0,NR,0.0,NR,1551.8,LD,64.6,LD,103.22246647501957,21.201069060039114,0.2977710843373494,21.25468811062592,0.4034793795134044,16.145,0.26876826537201914,0,LOW
MANIPUR,TAMENGLONG,2026-09-20,0.0,0.0,22.3,38.8,2.0,NR,0.0,NR,1551.8,LD,64.6,LD,2129.5406771834173,33.49925135039467,0.2936596385542169,30.26705098349063,0.47993193388375305,11.395,0.28877436251283306,0,LOW
MANIPUR,TAMENGLONG,2026-09-21,0.0,0.0,21.3,38.8,7.8,NR,18.7,LD,1540.9,LD,64.6,LD,430.7229421803253,30.07688062818756,0.29170180722891564,22.739007550895394,0.8211209798904711,11.145,0.2713917227751724,0,LOW
MANIPUR,THOUBAL,2026-08-19,0.0,0.0,0.0,0.0,5.5,NR,0.0,NR,255.9,D,89.3,D,1536.087521228803,12.365607467736366,0.25,26.803251866035666,0.3107236764641443,0.0,0.10495825541216164,0,LOW
MANIPUR,THOUBAL,2026-08-20,0.0,0.0,0.0,0.0,4.9,NR,0.0,NR,255.9,D,89.3,D,1139.485668626327,9.307564891834454,0.25,28.498661378945094,0.5039692651994632,0.0,0.0913669550748198,0,LOW
MANIPUR,THOUBAL,2026-08-21,0.0,0.0,0.0,0.0,5.7,NR,0.0,NR,255.9,D,89.3,D,1134.9862270181611,22.50447562620203,0.25,25.674360872701996,0.5242548229645496,0.0,0.15001989167200902,0,LOW
MANIPUR,THOUBAL,2026-08-22,0.0,0.0,0.0,0.0,3.1,NR,0.0,NR,255.9,D,89.3,D,225.90299878211238,27.593134526510518,0.25,31.04280647152355,0.41820523109749763,0.0,0.17263615345115785,0,LOW
MANIPUR,THOUBAL,2026-08-23,0.0,0.0,0.0,0.0,4.6,NR,0.0,NR,255.9,D,89.3,D,2016.7430130199284,10.54830412635237,0.25,28.642627997352136,0.4171039346125418,0.0,0.09688135167267721,0,LOW
MANIPUR,THOUBAL,2026-08-24,0.0,0.0,0.0,0.0,5.3,NR,0.0,NR,255.9,D,89.3,D,2237.978587645469,16.73093973633778,0.25,21.803512670472674,0.6788512970495924,0.0,0.12435973216150126,0,LOW
MANIPUR,THOUBAL,2026-08-25,10.2,10.2,10.2,10.2,3.4,LE,0.0,NR,255.9,D,99.5,D,76.99083509135974,17.237719857222995,0.2699698795180723,31.163801335380615,0.6207063055905896,10.199999999999998,0.20325197087981126,0,LOW
MANIPUR,THOUBAL,2026-08-26,1.4,11.6,11.6,11.6,5.9,LD,11.6,LD,267.5,D,100.9,D,487.58023045793846,15.45192804096656,0.272710843373494,23.917772165612682,0.7376992118398918,8.03,0.1804082505865079,0,LOW
MANIPUR,THOUBAL,2026-08-27,0.2,11.8,11.8,11.8,10.2,LD,0.2,LD,267.7,D,101.1,D,2264.5652625489233,23.43045065167164,0.2731024096385542,15.38381449006323,0.4930439334868313,7.74,0.21388124149337165,0,LOW
MANIPUR,THOUBAL,2026-08-28,0.0,1.6,11.8,11.8,3.0,NR,0.0,NR,267.7,D,101.1,D,1396.2593513601425,31.122543372789544,0.2731024096385542,19.420225754099246,0.6140266161878039,5.12,0.2294082932331794,0,LOW
MANIPUR,THOUBAL,2026-08-29,0.0,0.2,11.8,11.8,4.3,NR,11.6,LD,267.7,D,101.1,D,417.5969667081148,25.375595344639695,0.2731024096385542,25.56940297963353,0.7861528844095507,4.77,0.20137355029571713,0,LOW
MANIPUR,THOUBAL,2026-08-30,0.1,0.1,11.9,11.9,3.6,LD,11.6,LD,267.8,D,101.2,D,546.8366088924392,13.058262489893767,0.27329819277108436,17.665853339515426,0.7607970830298313,4.82,0.14702511273146612,0,LOW
MANIPUR,THOUBAL,2026-08-31,20.2,20.3,32.099999999999994,32.099999999999994,5.1,LE,11.6,LD,288.0,D,121.4,D,1666.9662983809296,9.117561881895991,0.31284638554216865,24.929156763184462,0.8020140354999753,24.984999999999996,0.28103863509130295,0,LOW
MANIPUR,THOUBAL,2026-09-01,20.2,40.5,42.1,52.3,7.1,LE,11.6,LD,267.5,D,20.2,LE,1825.801214504839,37.874818515948014,0.3324246987951807,21.147166379228008,0.4113850135169349,35.565,0.488116650081229,1,MEDIUM
MANIPUR,THOUBAL,2026-09-02,1.5,41.9,42.2,53.8,5.8,LD,42.2,N,309.7,D,21.7,LE,1518.5956810208413,24.17218730871143,0.3326204819277109,24.08455316099066,0.8412527107192721,29.619999999999997,0.3849140553819583,0,LOW
MANIPUR,THOUBAL,2026-09-03,0.0,21.7,42.0,53.8,4.8,NR,42.2,N,309.7,D,21.7,E,2385.213530785688,7.485567365355088,0.3322289156626506,15.0318724138453,0.73983394928285,23.994999999999997,0.27061090591234305,0,LOW
MANIPUR,THOUBAL,2026-09-04,1.2,2.7,43.2,55.0,4.5,LD,42.2,N,310.9,D,22.9,N,1260.4558289713536,15.32485998598232,0.33457831325301207,29.42316302936787,0.726884683624782,20.145000000000003,0.2785018172528885,0,LOW
MANIPUR,THOUBAL,2026-09-05,0.0,1.2,43.2,55.0,6.4,NR,42.2,N,310.9,D,22.9,D,785.6661847491904,37.16135113536619,0.33457831325301207,21.15273329218398,0.6505471605751956,19.35,0.3698907815922525,0,LOW
MANIPUR,THOUBAL,2026-09-06,0.0,1.2,43.1,55.0,5.0,NR,0.0,NR,310.9,D,22.9,D,1219.2206294407015,35.069052990942,0.3343825301204819,17.3826933827252,0.8399607840232393,19.325000000000003,0.36037446840869325,0,LOW
MANIPUR,THOUBAL,2026-09-07,0.0,0.0,22.9,55.0,3.5,NR,42.2,N,310.9,D,22.9,D,931.1824194831969,40.03266531589511,0.29483433734939757,22.444569569086358,0.5149379368278882,13.975,0.3364218387860963,0,LOW
MANIPUR,THOUBAL,2026-09-08,0.0,0.0,2.7,55.0,3.5,NR,0.0,NR,310.9,D,22.9,D,599.8189370529815,29.083513040067682,0.2552861445783133,23.26501398931018,0.6949235828574465,8.925,0.24388245525315735,0,LOW
MANIPUR,THOUBAL,2026-09-09,0.0,0.0,1.2,44.8,4.2,NR,1.2,LD,310.9,D,22.9,D,162.60996088334315,21.9162373743222,0.25234939759036146,25.83584607843521,0.6692867727931129,7.02,0.1978728559386753,0,LOW
MANIPUR,THOUBAL,2026-09-10,0.0,0.0,1.2,43.4,4.3,NR,1.2,LD,310.9,D,22.9,D,912.9206092345543,22.065399902178026,0.25234939759036146,23.917561485988756,0.6892533438682393,6.81,0.19704014948617898,0,LOW
MANIPUR,THOUBAL,2026-09-11,5.4,5.4,5.4,48.6,4.4,E,1.2,LD,316.3,D,28.3,D,1792.9529018888686,12.760001779717749,0.2605722891566265,15.739900895140066,0.700878888501554,11.879999999999999,0.1934366917401209,0,LOW
MANIPUR,THOUBAL,2026-09-12,6.2,11.6,11.6,54.8,3.9,E,6.2,E,322.5,D,34.5,D,95.17261704422484,31.031958460715273,0.272710843373494,29.815709475322002,0.364453534672728,16.189999999999998,0.3077695556073334,0,LOW
MANIPUR,THOUBAL,2026-09-13,0.0,11.6,11.6,54.8,3.9,NR,1.2,LD,322.5,D,34.5,D,1125.98735735454,28.40275024371416,0.272710843373494,22.760651840378344,0.4594308818214414,14.02,0.2806291252063027,0,LOW
MANIPUR,THOUBAL,2026-09-14,0.0,6.2,11.6,54.7,3.5,NR,0.0,NR,322.5,D,34.5,D,1627.8230335521775,11.194576457153435,0.272710843373494,16.308792133061154,0.48535239749554293,12.655000000000001,0.19442662118674953,0,LOW
MANIPUR,THOUBAL,2026-09-15,0.0,0.0,11.6,34.5,3.8,NR,1.2,LD,310.9,D,34.5,D,1545.4900674770527,40.42651680181499,0.272710843373494,28.138080020996146,0.6987998883879772,8.075,0.29172691950424773,0,LOW
MANIPUR,THOUBAL,2026-09-16,0.0,0.0,11.6,14.3,4.8,NR,0.0,NR,322.5,D,34.5,D,1952.788667927354,19.73872813242388,0.272710843373494,26.222625119312163,0.6797487854315826,5.045,0.1782010844997049,0,LOW
MANIPUR,THOUBAL,2026-09-17,0.0,0.0,11.6,12.8,4.0,NR,11.6,LD,322.5,D,34.5,D,2035.773303366504,6.989550620842739,0.272710843373494,26.04044213707677,0.7500197231414315,4.82,0.11993559010061014,0,LOW
MANIPUR,THOUBAL,2026-09-18,0.0,0.0,6.2,12.8,5.6,NR,0.0,NR,322.5,D,34.5,D,1793.6792612525003,18.115236831191353,0.2621385542168675,22.257538029504538,0.7231114947342017,3.4699999999999998,0.15765372711842957,0,LOW
MANIPUR,THOUBAL,2026-09-19,0.0,0.0,0.0,11.6,2.9,NR,0.0,NR,322.5,D,34.5,LD,301.8543555546361,39.794268588463034,0.25,21.978450064556803,0.6076203276336465,1.74,0.23925595297774988,0,LOW
MANIPUR,THOUBAL,2026-09-20,3.2,3.2,3.2,14.8,2.7,N,3.2,N,325.7,D,37.7,D,1213.8049878106835,41.67826343447138,0.25626506024096385,24.11775681858483,0.3339690918924655,4.9399999999999995,0.27167314814970445,0,LOW
MANIPUR,THOUBAL,2026-09-21,0.2,3.4000000000000004,3.4000000000000004,15.000000000000002,6.7,LD,11.6,LD,322.5,D,37.9,LD,1528.3445958446412,24.61593669038534,0.2566566265060241,15.860105019284756,0.6312731555394191,4.02,0.18936652219526323,0,LOW
MANIPUR,UKHRUL,2026-08-19,0.8,0.8,0.8,0.8,12.1,LD,0.8,LD,729.8,N,219.5,E,651.6367950831565,43.253597602936715,0.251566265060241,20.082281991704654,0.7822355701824875,0.7999999999999999,0.24824918275492036,0,LOW
MANIPUR,UKHRUL,2026-08-20,0.9,1.7000000000000002,1.7000000000000002,1.7000000000000002,6.0,LD,14.4,LD,730.7,N,220.4,E,154.25195323460247,40.009672368479045,0.253328313253012,31.79420095056035,0.6359046180338388,1.42,0.238599878492051,0,LOW
MANIPUR,UKHRUL,2026-08-21,11.3,13.0,13.0,13.0,5.1,LE,14.4,LD,729.8,N,231.7,E,597.796286146315,38.00922868396901,0.27545180722891566,26.25727231517729,0.7873758571466449,12.405,0.3123705091475566,0,LOW
MANIPUR,UKHRUL,2026-08-22,0.8,13.0,13.8,13.8,7.3,LD,14.4,LD,742.8,N,232.5,E,1164.491284244965,39.38840258728824,0.27701807228915665,22.121880812094474,0.8494318108821396,9.05,0.2949186183588129,0,LOW
MANIPUR,UKHRUL,2026-08-23,0.2,12.3,14.0,14.0,5.7,LD,0.2,LD,743.0,N,232.7,E,1064.1292816837722,20.27501648675294,0.27740963855421685,18.780172749987702,0.46552133981411975,8.745,0.20787629388884082,0,LOW
MANIPUR,UKHRUL,2026-08-24,0.2,1.2000000000000002,14.2,14.2,11.9,LD,14.4,LD,743.2,N,232.9,N,482.834104251546,35.258757630221744,0.2778012048192771,27.66855915230397,0.6839738166087106,6.05,0.25535482412438293,0,LOW
MANIPUR,UKHRUL,2026-08-25,10.0,10.4,24.2,24.2,5.8,LE,14.4,LD,729.8,N,242.9,E,2069.8180795745575,28.09356012304597,0.29737951807228913,19.424935265005253,0.5739751795603032,15.779999999999998,0.29672366181536275,0,LOW
MANIPUR,UKHRUL,2026-08-26,0.8,11.000000000000002,24.2,25.0,5.2,LD,24.2,D,754.0,N,243.7,N,2317.9323384049753,33.78736006961226,0.29737951807228913,17.76029176538702,0.5229830804248994,12.83,0.30101910358805706,0,LOW
MANIPUR,UKHRUL,2026-08-27,2.2,13.0,25.5,27.2,7.6,LD,2.2,LD,756.2,N,245.9,N,543.3033816791523,12.111444303230986,0.29992469879518074,17.626753303982884,0.3939202472154767,14.475,0.21690666932232774,0,LOW
MANIPUR,UKHRUL,2026-08-28,0.0,3.0,14.2,27.2,6.4,NR,0.0,NR,756.2,N,245.9,N,2327.453643139693,34.25575647099768,0.2778012048192771,27.39747574580045,0.3975487575975586,8.379999999999999,0.2674916453770435,0,LOW
MANIPUR,UKHRUL,2026-08-29,4.9,7.1000000000000005,18.3,32.1,4.8,N,24.2,D,761.1,N,250.8,N,93.75934997919302,43.30369736776687,0.28582831325301206,25.927774322908196,0.36098337205598263,12.880000000000003,0.3413598024463359,0,LOW
MANIPUR,UKHRUL,2026-08-30,14.9,19.8,33.0,47.0,2.0,LE,24.2,D,776.0,N,265.7,N,2316.1580581320163,17.106532895257182,0.31460843373493974,16.18670368931092,0.6288901038993648,25.465,0.32031621347157674,0,LOW
MANIPUR,UKHRUL,2026-08-31,9.2,29.0,42.0,56.2,9.3,N,24.2,D,785.2,N,274.9,N,2382.2255356982246,44.44645295822508,0.3322289156626506,16.955727861157442,0.33523185798586186,29.4,0.4733767169621953,1,MEDIUM
MANIPUR,UKHRUL,2026-09-01,17.2,41.3,49.2,73.4,13.3,E,24.2,D,754.0,N,17.2,E,79.52706438901674,20.135040592214843,0.3463253012048193,25.77539674501081,0.5088318818902304,39.655,0.4411828972902699,1,MEDIUM
MANIPUR,UKHRUL,2026-09-02,18.0,44.4,66.4,91.4,3.9,LE,66.4,E,820.4,N,35.2,LE,1919.3972771030328,12.988939880841315,0.38,24.708973731826703,0.5639999435633165,47.71,0.4735262893103272,1,MEDIUM
MANIPUR,UKHRUL,2026-09-03,0.6,35.800000000000004,64.8,91.2,1.3,D,66.4,E,820.4,N,35.8,LE,2426.9938527961162,9.491449192009537,0.3768674698795181,26.66198402632083,0.5129406863133819,39.04,0.39560635951116474,0,LOW
MANIPUR,UKHRUL,2026-09-04,0.0,18.6,64.8,90.3,4.8,NR,66.4,E,821.0,N,35.8,E,2269.4604361035567,36.39847653152711,0.3768674698795181,18.026661442175453,0.7629577080843499,34.395,0.48211077153747517,1,MEDIUM
MANIPUR,UKHRUL,2026-09-05,0.0,0.6,59.9,79.0,2.5,NR,66.4,E,821.0,N,35.8,E,2428.2398949307217,27.193016015062735,0.36727409638554215,27.35199440569184,0.5159016158763161,26.975,0.38643260292142395,0,LOW
MANIPUR,UKHRUL,2026-09-06,8.4,8.4,53.4,86.6,6.8,E,8.4,E,829.4,N,44.2,E,1398.2925889592163,17.285251746481155,0.35454819277108435,30.913639944619348,0.2996992557785816,31.38,0.3712259750352137,0,LOW
MANIPUR,UKHRUL,2026-09-07,33.6,42.0,77.80000000000001,120.0,4.2,LE,66.4,E,863.0,N,77.8,LE,241.48254271920126,29.338014791750314,0.40231927710843374,25.2178553471025,0.8453197247035884,59.71,0.6361184725055771,1,MEDIUM
MANIPUR,UKHRUL,2026-09-08,31.4,73.4,92.0,151.2,5.0,LE,31.4,LE,894.4,N,109.2,LE,2131.9835346223385,18.28404751364019,0.43012048192771085,18.334210333927327,0.7569901546361276,75.02,0.7015900515711521,2,HIGH
MANIPUR,UKHRUL,2026-09-09,0.0,65.0,74.0,141.2,6.0,NR,74.0,LE,894.4,N,109.2,LE,1553.8792267320785,22.93431029313835,0.39487951807228916,26.552245539829812,0.6460260912435998,55.92999999999999,0.5792478934422284,1,MEDIUM
MANIPUR,UKHRUL,2026-09-10,0.0,31.4,73.4,140.4,1.7,NR,74.0,LE,894.4,N,109.2,LE,1556.1050232613081,39.506565030123646,0.39370481927710843,20.832388620283094,0.7037941724851644,47.260000000000005,0.5909183984673133,1,MEDIUM
MANIPUR,UKHRUL,2026-09-11,0.0,0.0,73.4,138.2,8.5,NR,74.0,LE,894.4,N,109.2,LE,1072.2713441537812,31.72665907436659,0.39370481927710843,15.837891688557264,0.3269144198529065,39.08,0.498081870332094,1,MEDIUM
MANIPUR,UKHRUL,2026-09-12,7.6,7.6,81.0,145.79999999999998,7.3,N,7.6,N,902.0,N,116.8,LE,1451.0128424767174,35.49607358818866,0.4085843373493976,20.13975782099247,0.7095488764619049,46.67999999999999,0.5719390499968293,1,MEDIUM
MANIPUR,UKHRUL,2026-09-13,0.0,7.6,72.6,140.89999999999998,7.0,NR,74.0,LE,902.0,N,116.8,LE,426.2704587609806,28.339742058783052,0.3921385542168675,30.394946733152246,0.3746493650272571,41.18499999999999,0.4977077737523746,1,MEDIUM
MANIPUR,UKHRUL,2026-09-14,0.4,8.0,39.4,126.4,2.9,LD,0.4,LD,902.4,N,117.2,E,1862.4365650870682,44.65592195542484,0.32713855421686744,21.989368442991577,0.5433856777443855,30.950000000000003,0.484328946956564,1,MEDIUM
MANIPUR,UKHRUL,2026-09-15,0.0,0.4,8.0,117.2,4.4,NR,74.0,LE,894.4,N,117.2,E,233.7924030112787,14.656402651635707,0.2656626506024096,29.699310746528568,0.35678967359457014,19.68,0.2584359645479918,0,LOW
MANIPUR,UKHRUL,2026-09-16,0.0,0.4,8.0,100.0,5.4,NR,0.0,NR,902.4,N,117.2,E,1837.9628792572905,15.49164642875259,0.2656626506024096,23.64720883988746,0.7022709785993151,17.1,0.2437730180009527,0,LOW
MANIPUR,UKHRUL,2026-09-17,0.0,0.0,8.0,82.0,8.5,NR,8.0,LD,902.4,N,117.2,E,2129.9971354308923,8.702357549533314,0.2656626506024096,23.7886258123132,0.3975603283074681,14.299999999999999,0.19365638715005234,0,LOW
MANIPUR,UKHRUL,2026-09-18,6.2,6.2,14.2,87.6,6.6,N,6.2,N,908.6,N,123.4,E,1207.548260032996,27.16078008282842,0.2778012048192771,15.088677458103204,0.40192505109501564,20.409999999999997,0.32163785403068257,0,LOW
MANIPUR,UKHRUL,2026-09-19,0.5,6.7,7.1000000000000005,88.1,3.1,LD,0.5,LD,909.1,N,123.9,E,1299.084396839771,29.534369456334716,0.26390060240963853,25.830769245912528,0.3155334096041794,16.839999999999996,0.30398095230057187,0,LOW
MANIPUR,UKHRUL,2026-09-20,13.0,19.7,20.1,101.1,1.2,LE,13.0,LE,922.1,N,136.9,E,814.9249686590917,34.03846291595279,0.28935240963855424,16.832835365517145,0.682363874178323,29.665,0.4204310513813909,1,MEDIUM
MANIPUR,UKHRUL,2026-09-21,0.2,13.7,19.9,92.9,1.6,LD,8.0,LD,902.4,N,137.1,E,2425.1735301276894,18.417837037970443,0.288960843373494,23.138723049594923,0.4275067784685267,22.405,0.29922094179478487,0,LOW
MEGHALAYA,EAST GARO HILLS,2026-08-19,1.1,1.1,1.1,1.1,9.7,LD,1.1,LD,564.3,LD,103.5,LD,1846.154962670886,5.490272074601088,0.2521536144578313,19.42538654618768,0.5609680079211804,1.1,0.08266629460162923,0,LOW
MEGHALAYA,EAST GARO HILLS,2026-08-20,0.8,1.9,1.9,1.9,16.3,LD,32.2,LD,565.1,LD,104.3,LD,954.0219555858451,30.2891814835328,0.2537198795180723,21.670510419098353,0.44934613442022353,1.515,0.19615261406738477,0,LOW
MEGHALAYA,EAST GARO HILLS,2026-08-21,0.7,2.6,2.6,2.6,10.6,LD,32.2,LD,564.3,LD,105.0,LD,478.2780962708624,44.94781970081531,0.2550903614457831,24.130315046335614,0.7148207552933399,1.935,0.26456751568233805,0,LOW
MEGHALAYA,EAST GARO HILLS,2026-08-22,1.1,2.6,3.7,3.7,15.6,LD,32.2,LD,566.9,LD,106.1,LD,587.9700008951238,16.781974151599698,0.2572439759036145,15.245889948233538,0.3858901938964008,2.515,0.14394754847595448,0,LOW
MEGHALAYA,EAST GARO HILLS,2026-08-23,0.6,2.4,4.3,4.3,14.8,LD,0.6,LD,567.5,LD,106.7,LD,1186.6096009696225,12.35737809876079,0.2584186746987952,19.837920915617588,0.814500700027835,2.53,0.12462444910480737,0,LOW
MEGHALAYA,EAST GARO HILLS,2026-08-24,4.6,6.3,8.899999999999999,8.899999999999999,14.5,LD,32.2,LD,572.1,LD,111.3,LD,2359.2925807701276,16.270678313054127,0.2674246987951807,31.8234028829617,0.44280398493382456,6.744999999999999,0.17383795195159985,0,LOW
MEGHALAYA,EAST GARO HILLS,2026-08-25,4.3,9.5,13.2,13.2,14.5,LD,32.2,LD,564.3,LD,115.6,LD,1848.6585471142494,22.016618991081888,0.2758433734939759,15.975785138949513,0.3123109727744504,9.16,0.21825918775448766,0,LOW
MEGHALAYA,EAST GARO HILLS,2026-08-26,4.7,13.6,16.8,17.9,13.4,LD,16.8,LD,581.1,LD,120.3,LD,577.347183038917,15.036517158102587,0.28289156626506023,20.429689298675264,0.39418313968895946,11.93,0.20837450067385402,0,LOW
MEGHALAYA,EAST GARO HILLS,2026-08-27,1.6,10.6,17.599999999999998,19.5,9.6,LD,1.6,LD,721.0,D,155.2,D,2155.9247768763003,18.878401014701197,0.2844578313253012,20.46416507439902,0.2943645574403051,10.535,0.215827396982189,0,LOW
MEGHALAYA,EAST GARO HILLS,2026-08-28,0.2,6.5,17.1,19.7,7.9,LD,0.2,LD,583.2,LD,122.4,LD,976.5912813737187,30.528269543174503,0.2834789156626506,21.449560655856963,0.5312432385954549,8.925,0.2559421494838329,0,LOW
MEGHALAYA,EAST GARO HILLS,2026-08-29,1.2,3.0,17.2,20.9,8.5,LD,16.8,LD,584.4,LD,123.6,LD,2136.719347743671,18.80111947370459,0.2836746987951807,26.641275613519873,0.4001507324340814,8.605,0.2015815518652113,0,LOW
MEGHALAYA,EAST GARO HILLS,2026-08-30,0.3,1.7,16.900000000000002,21.2,5.7,LD,16.8,LD,584.7,LD,123.8,LD,642.1640150537708,20.84235779134619,0.2830873493975904,19.2116445776104,0.7816276266669258,7.9350000000000005,0.20576441331537604,0,LOW
MEGHALAYA,EAST GARO HILLS,2026-08-31,2.2,3.7,14.5,23.4,11.7,LD,16.8,LD,586.9,LD,126.1,LD,1565.7184992439782,6.601250511970558,0.2783885542168675,22.824578850312896,0.5602771721320878,8.83,0.14790516635613152,0,LOW
MEGHALAYA,EAST GARO HILLS,2026-09-01,2.0,4.5,12.2,25.4,7.6,LD,16.8,LD,581.1,LD,2.0,LD,2320.3426957991405,41.71770006491479,0.2738855421686747,25.962680636491633,0.39002106923757174,8.684999999999999,0.3020449616516041,0,LOW
MEGHALAYA,EAST GARO HILLS,2026-09-02,3.9,8.1,11.4,29.3,7.8,D,11.7,LD,592.8,LD,5.9,LD,681.8403224120957,21.275438396594147,0.27231927710843373,20.479474991586006,0.5207621979429649,10.635,0.22476540038567833,0,LOW
MEGHALAYA,EAST GARO HILLS,2026-09-03,2.8,8.7,12.6,31.0,12.4,LD,11.7,LD,592.8,LD,8.8,LD,1747.6701469353445,18.125740641391772,0.2746686746987952,31.12913386855533,0.3675965632842546,10.954999999999998,0.21351571048366808,0,LOW
MEGHALAYA,EAST GARO HILLS,2026-09-04,3.5,10.2,15.9,33.7,17.2,LD,11.7,LD,599.2,LD,12.3,LD,2468.9159188950025,8.45936784981538,0.28112951807228914,31.654434794025583,0.3572376255549511,12.805,0.1850221955849029,0,LOW
MEGHALAYA,EAST GARO HILLS,2026-09-05,0.8,7.1,15.5,33.8,13.8,LD,11.7,LD,599.9,LD,13.1,LD,418.9658037453586,30.367328615807345,0.2803463855421687,17.03445065068769,0.43039388208006635,11.0,0.26937880696371436,0,LOW
MEGHALAYA,EAST GARO HILLS,2026-09-06,0.0,4.300000000000001,15.2,32.7,10.3,LD,0.0,LD,600.0,LD,13.1,LD,266.5856122166523,39.5529980105502,0.2797590361445783,20.844938034813772,0.31498087886136805,9.780000000000001,0.3013975141784112,0,LOW
MEGHALAYA,EAST GARO HILLS,2026-09-07,0.1,0.9,13.1,32.2,6.8,LD,11.7,LD,600.0,LD,13.1,LD,1701.7782214897995,6.646128002096012,0.27564759036144576,18.535525186710082,0.3631885221465344,8.365,0.14424463040792462,0,LOW
MEGHALAYA,EAST GARO HILLS,2026-09-08,0.0,0.1,11.1,27.6,11.5,LD,0.0,LD,600.1,LD,13.2,LD,882.3530719851244,10.81089869464142,0.27173192771084337,18.175423124470957,0.8128281237972531,6.9399999999999995,0.15182252934676396,0,LOW
MEGHALAYA,EAST GARO HILLS,2026-09-09,0.2,0.3,7.399999999999999,23.5,13.2,LD,7.5,LD,600.3,LD,13.4,LD,224.54896954814825,10.855593155448293,0.2644879518072289,23.346657251750752,0.6500815808184772,5.52,0.14045892645475214,0,LOW
MEGHALAYA,EAST GARO HILLS,2026-09-10,0.6,0.8,5.199999999999999,19.4,11.9,LD,7.5,LD,600.3,LD,14.0,LD,1214.4987638148302,29.090994213911717,0.26018072289156624,24.58506083829294,0.8026615980743593,4.619999999999999,0.21423377465207616,0,LOW
MEGHALAYA,EAST GARO HILLS,2026-09-11,1.2,2.0,2.9,19.0,15.2,LD,7.5,LD,602.1,LD,15.2,LD,1896.7381651276914,41.849220108734755,0.2556777108433735,22.23608469015919,0.40410816488067025,4.495,0.2691461299769223,0,LOW
MEGHALAYA,EAST GARO HILLS,2026-09-12,1.9,3.7,4.0,20.7,14.7,LD,1.9,LD,604.0,LD,17.1,LD,748.5498810172124,22.510734682620384,0.25783132530120484,19.633432842655132,0.7642080014805542,5.695,0.19217460601382144,0,LOW
MEGHALAYA,EAST GARO HILLS,2026-09-13,0.1,3.2,4.1,19.6,12.1,LD,7.5,LD,604.1,LD,17.2,LD,870.8648498875801,18.752257927754027,0.25802710843373494,19.736566762311874,0.4673636841123903,4.8,0.16913509930012965,0,LOW
MEGHALAYA,EAST GARO HILLS,2026-09-14,0.6,2.6,4.6,19.9,15.9,LD,0.6,LD,604.7,LD,17.8,LD,2121.963531585082,35.63362742386765,0.25900602409638557,31.866178657792425,0.3365169886734914,4.994999999999999,0.24574801010925287,0,LOW
MEGHALAYA,EAST GARO HILLS,2026-09-15,0.4,1.1,5.0,18.1,9.0,LD,7.5,LD,600.3,LD,18.3,LD,1324.1761850406458,34.702762470226055,0.25978915662650603,30.70251535783426,0.7328242600025181,4.380000000000001,0.2373873381970707,0,LOW
MEGHALAYA,EAST GARO HILLS,2026-09-16,0.1,1.1,4.9,16.2,13.3,LD,0.1,LD,605.2,LD,18.4,LD,2114.6933235758565,14.870245571088386,0.25959337349397593,16.290280296819073,0.2857900791176501,3.965,0.146247970715942,0,LOW
MEGHALAYA,EAST GARO HILLS,2026-09-17,9.4,9.9,13.7,21.700000000000003,23.0,LD,5.0,LD,614.6,LD,27.7,LD,1143.6542557520881,11.433054492315442,0.2768222891566265,26.161361083934136,0.4929117033609798,12.445000000000002,0.19481316170112942,0,LOW
MEGHALAYA,EAST GARO HILLS,2026-09-18,1.6,11.1,14.1,20.5,8.9,LD,1.6,LD,616.2,LD,29.3,LD,2384.7891458222534,19.312401296614254,0.277605421686747,22.766919327242352,0.741588801106986,9.934999999999999,0.21211251656561556,0,LOW
MEGHALAYA,EAST GARO HILLS,2026-09-19,6.3,17.3,18.5,23.3,11.5,D,6.3,D,622.5,LD,35.7,LD,1644.446744808455,36.02413568906525,0.28621987951807226,26.709839652385753,0.6203109552679056,14.649999999999999,0.321690709699012,0,LOW
MEGHALAYA,EAST GARO HILLS,2026-09-20,0.5,8.4,18.9,23.0,8.5,LD,0.5,LD,623.0,LD,36.2,LD,333.9522200321611,32.80253559659913,0.2870030120481928,25.14833199418941,0.5608394172398159,10.45,0.2776160931569647,0,LOW
MEGHALAYA,EAST GARO HILLS,2026-09-21,2.9,9.7,21.200000000000003,25.9,16.5,LD,5.0,LD,605.2,LD,39.1,LD,2218.477821155662,31.63414825424821,0.29150602409638554,30.117290801401097,0.46218035290214843,12.625,0.28881453422021414,0,LOW
MEGHALAYA,EAST JAINTIA HILLS,2026-08-19,2.8,2.8,2.8,2.8,22.8,LD,2.8,LD,1224.5,LD,311.3,D,1248.6997175354545,38.177142406528155,0.2554819277108434,16.138801342910025,0.2950334982328121,2.8,0.24071458762555292,0,LOW
MEGHALAYA,EAST JAINTIA HILLS,2026-08-20,16.7,19.5,19.5,19.5,23.4,D,51.2,LD,1241.2,LD,328.0,D,397.0154715336172,16.08521249365575,0.2881777108433735,20.94316450498099,0.8445831916215393,18.52,0.26102755120803456,0,LOW
MEGHALAYA,EAST JAINTIA HILLS,2026-08-21,5.8,25.3,25.3,25.3,24.4,LD,51.2,LD,1224.5,LD,333.8,D,424.09082791148074,18.587349018780404,0.2995331325301205,31.75340013818494,0.35486423603502903,18.475,0.27409874567641335,0,LOW
MEGHALAYA,EAST JAINTIA HILLS,2026-08-22,5.4,27.9,30.7,30.7,31.6,LD,51.2,LD,1252.4,LD,339.2,D,1734.4581410191859,6.6935780243670395,0.310105421686747,18.098850932840485,0.4031850849856263,21.145,0.24236813349473146,0,LOW
MEGHALAYA,EAST JAINTIA HILLS,2026-08-23,6.8,18.0,37.5,37.5,39.9,LD,6.8,LD,1259.2,LD,346.0,D,166.06264148724995,39.74983103214134,0.3234186746987952,17.164668471613002,0.3915494574967706,21.88,0.3971822427042991,0,LOW
MEGHALAYA,EAST JAINTIA HILLS,2026-08-24,8.4,20.6,45.9,45.9,50.0,LD,51.2,LD,1267.5,LD,354.3,D,752.1547240388426,28.297189396887124,0.3398644578313253,27.39252410200978,0.7947648440114219,26.449999999999996,0.3821189849112723,0,LOW
MEGHALAYA,EAST JAINTIA HILLS,2026-08-25,5.2,20.4,51.1,51.1,62.5,LD,51.2,LD,1224.5,LD,359.5,D,392.47959665117685,16.924891675347734,0.3500451807228916,28.21639772029688,0.7082130356341182,27.36,0.3400927384837475,0,LOW
MEGHALAYA,EAST JAINTIA HILLS,2026-08-26,3.3,16.9,51.6,54.4,23.8,LD,51.5,LD,1276.0,LD,362.8,D,1130.6397025623464,7.776661257974622,0.35102409638554216,26.428650310469223,0.524397879663602,26.44,0.29307734386088186,0,LOW
MEGHALAYA,EAST JAINTIA HILLS,2026-08-27,9.4,17.9,44.3,63.8,36.6,LD,9.4,LD,1392.1,LD,423.4,D,1065.166741386185,33.936380126498385,0.33673192771084337,28.195329088918733,0.8232538203711155,28.409999999999997,0.42051495832350727,1,MEDIUM
MEGHALAYA,EAST JAINTIA HILLS,2026-08-28,30.3,43.0,68.80000000000001,94.1,17.5,LE,30.3,LE,1318.2,LD,405.0,D,1328.597264987697,34.94950078196244,0.3846987951807229,26.793266725583926,0.28167002847186506,52.67,0.6073943939207834,1,MEDIUM
MEGHALAYA,EAST JAINTIA HILLS,2026-08-29,11.4,51.10000000000001,74.8,105.5,17.2,D,51.5,LD,1329.6,LD,416.4,D,735.1090063011991,31.647146084600905,0.3964457831325301,17.308101598916004,0.7862022287329913,51.290000000000006,0.585238095672265,1,MEDIUM
MEGHALAYA,EAST JAINTIA HILLS,2026-08-30,3.5,45.2,71.5,109.0,25.4,LD,51.5,LD,1333.0,LD,419.8,D,128.50679397653414,13.151238837869181,0.38998493975903614,25.33977225713462,0.2862564014128955,46.75,0.46940734415091867,1,MEDIUM
MEGHALAYA,EAST JAINTIA HILLS,2026-08-31,14.6,29.500000000000004,77.7,123.6,22.1,D,51.5,LD,1347.7,LD,434.5,D,1555.245961011205,41.52864234034419,0.40212349397590363,28.206903603512053,0.48467841756073826,50.45,0.6243087948945989,1,MEDIUM
MEGHALAYA,EAST JAINTIA HILLS,2026-09-01,1.0,19.1,73.5,124.6,24.8,LD,51.5,LD,1276.0,LD,1.0,LD,965.6091070617608,35.12632076083506,0.39390060240963853,29.713782307515952,0.2824029270258938,42.19,0.5353805138564687,1,MEDIUM
MEGHALAYA,EAST JAINTIA HILLS,2026-09-02,9.6,25.200000000000003,79.8,134.2,33.7,LD,82.2,D,1358.2,LD,10.5,LD,1645.7707469131137,31.31025294335881,0.40623493975903613,19.18599912562303,0.8493813950546112,49.739999999999995,0.5746592951849638,1,MEDIUM
MEGHALAYA,EAST JAINTIA HILLS,2026-09-03,17.6,28.200000000000003,88.0,149.0,31.1,D,82.2,D,1358.2,LD,28.1,LD,316.23407847045775,31.037756936871503,0.422289156626506,17.166322935955154,0.798633701500361,57.56,0.6323542403497275,1,MEDIUM
MEGHALAYA,EAST JAINTIA HILLS,2026-09-04,3.1,30.300000000000004,60.8,135.4,38.5,LD,82.2,D,1378.8,LD,31.2,LD,83.7545204704233,41.174308003665644,0.36903614457831324,28.278537540903855,0.6008793731477386,44.17,0.5713894180729775,1,MEDIUM
MEGHALAYA,EAST JAINTIA HILLS,2026-09-05,15.8,36.5,65.2,145.4,47.8,LD,82.2,D,1394.7,LD,47.0,LD,658.3209073189672,42.13228532388495,0.37765060240963855,19.36132186560631,0.3807067443989473,52.765,0.6385848462527494,1,MEDIUM
MEGHALAYA,EAST JAINTIA HILLS,2026-09-06,23.5,42.4,85.2,163.5,16.0,E,23.5,E,1418.1,LD,70.5,LD,1168.540941335428,28.825496720409596,0.4168072289156627,15.542801131455084,0.4160666351184815,64.65,0.6719216144982585,1,MEDIUM
MEGHALAYA,EAST JAINTIA HILLS,2026-09-07,0.2,39.5,70.8,156.9,37.5,LD,82.2,D,1418.4,LD,70.7,LD,1015.4763367127449,21.666776438501934,0.3886144578313253,29.028630582038172,0.5197260196342721,51.18,0.5385311959359561,1,MEDIUM
MEGHALAYA,EAST JAINTIA HILLS,2026-09-08,0.1,23.8,69.9,148.6,36.9,LD,0.1,LD,1418.5,LD,70.8,LD,2035.2412604199926,19.549359182376648,0.3868524096385542,23.60184927478462,0.44366810949540747,45.75,0.49009478082902486,1,MEDIUM
MEGHALAYA,EAST JAINTIA HILLS,2026-09-09,1.1,1.4,61.4,144.5,28.2,LD,61.4,LD,1419.6,LD,71.9,LD,975.7022282724187,37.7631536432289,0.37021084337349397,20.552763251283174,0.26278834326096445,37.760000000000005,0.5108107049143339,1,MEDIUM
MEGHALAYA,EAST JAINTIA HILLS,2026-09-10,0.1,1.3000000000000005,43.9,141.3,14.0,LD,61.4,LD,1419.6,LD,72.0,LD,1349.5808900275433,30.78421359337334,0.3359487951807229,15.194294788936336,0.6437536048702808,32.53,0.43569195137883415,1,MEDIUM
MEGHALAYA,EAST JAINTIA HILLS,2026-09-11,4.6,5.8,45.4,136.5,21.1,LD,61.4,LD,1424.2,LD,76.6,LD,1504.1132014833709,8.090641210146146,0.3388855421686747,15.60056656003511,0.6180567424559807,34.885,0.3521916369486836,0,LOW
MEGHALAYA,EAST JAINTIA HILLS,2026-09-12,36.2,40.900000000000006,65.80000000000001,142.4,22.9,E,36.2,E,1460.5,LD,112.8,LD,103.48690953223843,10.687440520601088,0.3788253012048193,28.47459559952501,0.7925864219313045,60.705000000000005,0.555614773098988,1,MEDIUM
MEGHALAYA,EAST JAINTIA HILLS,2026-09-13,0.3,41.1,42.6,131.3,35.0,LD,61.4,LD,1460.8,LD,113.2,LD,1312.076773273163,41.007435804193854,0.33340361445783134,23.325000044402696,0.5361124240632702,40.725,0.5389854589410801,1,MEDIUM
MEGHALAYA,EAST JAINTIA HILLS,2026-09-14,5.7,42.2,48.1,133.5,19.3,LD,5.7,LD,1466.5,LD,118.9,LD,894.8365855271527,40.379925924180036,0.34417168674698795,17.545274838039823,0.4568253770790327,44.595,0.5659128522668545,1,MEDIUM
MEGHALAYA,EAST JAINTIA HILLS,2026-09-15,6.3,12.3,54.3,125.20000000000002,29.4,LD,61.4,LD,1419.6,LD,125.2,LD,1082.1363128239739,43.07329794789875,0.35631024096385544,21.094595663233306,0.5569103097506601,37.635,0.5307409573217655,1,MEDIUM
MEGHALAYA,EAST JAINTIA HILLS,2026-09-16,4.5,16.5,57.7,128.70000000000002,11.8,LD,4.5,LD,1477.4,LD,129.7,LD,295.70412631336313,22.114038693132947,0.3629668674698795,17.81018750813789,0.36681699453750377,39.43000000000001,0.4517042744219617,1,MEDIUM
MEGHALAYA,EAST JAINTIA HILLS,2026-09-17,7.8,18.6,65.4,126.9,25.1,LD,57.8,LD,1485.2,LD,137.5,LD,1967.910385839181,36.362436305628286,0.3780421686746988,16.918986404066573,0.6253242110948718,42.765,0.5417979089129811,1,MEDIUM
MEGHALAYA,EAST JAINTIA HILLS,2026-09-18,0.0,12.3,60.8,109.3,24.3,LD,0.0,LD,1485.2,LD,137.6,LD,2358.8904144808803,38.129001092572864,0.36903614457831324,19.697232951460443,0.7120197296740969,34.67,0.49019431737095204,1,MEDIUM
MEGHALAYA,EAST JAINTIA HILLS,2026-09-19,0.0,7.8,24.6,106.2,28.8,LD,0.0,LD,1485.2,LD,137.6,LD,104.55861054252001,17.627876233527722,0.29816265060240965,24.341645306860755,0.3420770280254153,24.03,0.3091238563734084,0,LOW
MEGHALAYA,EAST JAINTIA HILLS,2026-09-20,0.6,0.6,24.9,91.0,16.2,LD,0.6,LD,1485.9,LD,138.2,LD,1523.3632688878024,10.813508449085688,0.29875,18.57011233280786,0.4410299305811975,20.235,0.2519266966217947,0,LOW
MEGHALAYA,EAST JAINTIA HILLS,2026-09-21,1.5,2.1,20.7,69.0,10.3,LD,57.8,LD,1477.4,LD,139.7,LD,1921.4179648564773,44.88105446556692,0.2905271084337349,20.84240838184104,0.7706805876198392,16.575,0.375626373290087,0,LOW
MEGHALAYA,EAST KHASI HILLS,2026-08-19,22.7,22.7,22.7,22.7,31.3,D,22.7,D,1696.4,D,293.2,D,747.7785921922291,6.208768150053996,0.29444277108433736,23.124825027259813,0.5533190491802931,22.7,0.24815583252297377,0,LOW
MEGHALAYA,EAST KHASI HILLS,2026-08-20,0.7,23.4,23.4,23.4,29.0,LD,126.4,D,1697.1,D,293.9,D,1979.5111829148811,28.89343674845772,0.2958132530120482,22.140505566113582,0.569101988006528,15.455,0.29765071801907184,0,LOW
MEGHALAYA,EAST KHASI HILLS,2026-08-21,7.2,30.6,30.6,30.6,36.9,LD,126.4,D,1696.4,D,301.2,D,1599.269874377438,31.008490967268358,0.3099096385542169,17.186672585061924,0.6834449182320109,22.41,0.35940477347750927,0,LOW
MEGHALAYA,EAST KHASI HILLS,2026-08-22,1.1,9.0,31.7,31.7,32.0,LD,126.4,D,1705.5,D,302.2,D,2326.4484490641216,32.271573678785934,0.3120632530120482,15.6607158041101,0.596735689132796,15.314999999999998,0.31491755925114534,0,LOW
MEGHALAYA,EAST KHASI HILLS,2026-08-23,3.0,11.3,34.7,34.7,30.2,LD,3.0,LD,1708.5,D,305.2,D,2453.4617878167433,15.225109758763589,0.3179367469879518,15.602798358131961,0.2917478608442915,17.755000000000003,0.25770823661106684,0,LOW
MEGHALAYA,EAST KHASI HILLS,2026-08-24,17.0,21.1,51.7,51.7,35.7,D,126.4,D,1725.5,D,322.2,D,153.74797929682677,33.863169771954034,0.3512198795180723,20.953043306473745,0.7323770271178214,31.904999999999998,0.4479790756052407,1,MEDIUM
MEGHALAYA,EAST KHASI HILLS,2026-08-25,39.4,59.4,91.1,91.1,30.1,E,126.4,D,1696.4,D,361.6,D,1140.0975145161651,13.655982531250622,0.42835843373493976,27.219635335134488,0.8037016223490806,65.08,0.6098743159178522,1,MEDIUM
MEGHALAYA,EAST KHASI HILLS,2026-08-26,11.0,67.4,79.39999999999999,102.1,27.8,LD,79.4,LD,1775.8,D,372.6,D,1390.1200795666346,38.1615302300673,0.40545180722891566,17.2313400783976,0.2819663397944873,55.864999999999995,0.6485759447249124,1,MEDIUM
MEGHALAYA,EAST KHASI HILLS,2026-08-27,5.1,55.5,83.79999999999998,107.2,26.7,LD,5.1,LD,1946.5,D,417.8,D,409.5209213587486,13.76466696338538,0.4140662650602409,28.378661978195233,0.3227498538745306,52.69,0.51925551387959,1,MEDIUM
MEGHALAYA,EAST KHASI HILLS,2026-08-28,7.3,23.4,83.9,114.5,24.6,LD,7.3,LD,1787.6,D,384.4,D,873.9002845470362,32.868241163043095,0.4142620481927711,27.166463258335227,0.6711851213244883,46.55500000000001,0.560505068477906,1,MEDIUM
MEGHALAYA,EAST KHASI HILLS,2026-08-29,13.8,26.2,96.6,128.29999999999998,29.9,D,79.4,LD,1801.4,D,398.1,D,2469.7362470033313,36.336539433359036,0.4391265060240964,15.06703934505539,0.6126843595087152,54.775,0.639436673263921,1,MEDIUM
MEGHALAYA,EAST KHASI HILLS,2026-08-30,9.9,31.0,103.5,138.2,29.6,LD,79.4,LD,1811.3,D,408.1,D,89.76461803905504,12.55783001848755,0.4526355421686747,15.454713840691367,0.4795101993830475,57.82,0.5581422673386464,1,MEDIUM
MEGHALAYA,EAST KHASI HILLS,2026-08-31,13.5,37.2,100.0,151.7,39.8,LD,79.4,LD,1824.8,D,421.6,D,1158.6444322347409,14.519459505304111,0.4457831325301205,18.315564664146876,0.5735491893642228,61.78,0.593693843648285,1,MEDIUM
MEGHALAYA,EAST KHASI HILLS,2026-09-01,18.5,41.900000000000006,79.1,170.2,24.4,D,79.4,LD,1775.8,D,18.5,D,2114.503823209581,36.16414954937468,0.4048644578313253,15.954055487859945,0.6720031408006353,62.254999999999995,0.6850917512925869,1,MEDIUM
MEGHALAYA,EAST KHASI HILLS,2026-09-02,12.4,44.400000000000006,80.5,182.6,22.3,D,79.9,LD,1855.7,D,30.8,D,843.5580936622566,8.439958865398115,0.40760542168674696,24.0328327895952,0.5526858771285577,62.955,0.5674068222040347,1,MEDIUM
MEGHALAYA,EAST KHASI HILLS,2026-09-03,12.3,43.2,87.7,172.20000000000002,27.3,D,79.9,LD,1855.7,D,43.1,D,1225.5063317501256,12.630438098666566,0.4217018072289157,15.673663444793068,0.33411299478138956,62.86,0.5881738474271344,1,MEDIUM
MEGHALAYA,EAST KHASI HILLS,2026-09-04,17.0,41.7,97.4,188.5,29.8,D,79.9,LD,1885.0,D,60.1,D,2446.2120771805508,23.221236247596607,0.44069277108433735,28.64497924592176,0.3036616174799741,69.0,0.6827722411809433,1,MEDIUM
MEGHALAYA,EAST KHASI HILLS,2026-09-05,13.9,43.2,97.5,195.2,20.6,D,79.9,LD,1898.8,D,74.0,D,1213.4482493654746,42.207277149790826,0.44088855421686746,23.38035517207878,0.5133152411130291,69.32,0.7694728890869071,2,HIGH
MEGHALAYA,EAST KHASI HILLS,2026-09-06,9.0,39.9,96.6,203.1,18.3,D,9.0,D,1907.8,D,83.0,D,370.75721475892266,27.47511339572042,0.4391265060240964,27.37522423343212,0.8037308547093002,67.74,0.6923912027027566,1,MEDIUM
MEGHALAYA,EAST KHASI HILLS,2026-09-07,2.9,25.8,86.00000000000001,203.0,21.9,LD,79.9,LD,1910.8,D,85.9,D,176.7176545826581,20.50711392832902,0.4183734939759036,27.7619433659093,0.5846675048250962,59.415000000000006,0.5979798340204385,1,MEDIUM
MEGHALAYA,EAST KHASI HILLS,2026-09-08,6.6,18.5,74.1,192.6,29.7,LD,6.6,LD,1917.3,D,92.5,D,2366.2706024778736,44.134808888899066,0.39507530120481926,23.614986974393958,0.46493204141070943,54.349999999999994,0.662258494877943,1,MEDIUM
MEGHALAYA,EAST KHASI HILLS,2026-09-09,3.2,12.7,64.9,156.4,20.0,LD,64.9,LD,1920.5,D,95.7,D,701.2330625239109,23.54845224885154,0.37706325301204824,30.731168896308922,0.7952237017126212,43.980000000000004,0.49330449500527407,1,MEDIUM
MEGHALAYA,EAST KHASI HILLS,2026-09-10,0.7,10.5,53.3,146.1,22.5,LD,64.9,LD,1920.5,D,96.4,LD,1284.9565710831498,22.34939894749928,0.3543524096385542,31.834093155540238,0.48317929370736284,38.11,0.44162619344312165,1,MEDIUM
MEGHALAYA,EAST KHASI HILLS,2026-09-11,1.0,4.9,37.3,142.0,20.8,LD,64.9,LD,1922.2,D,97.4,LD,272.2193269204231,21.46577267550894,0.32302710843373494,21.10664966224728,0.5554878885606251,32.2,0.38934201231426624,0,LOW
MEGHALAYA,EAST KHASI HILLS,2026-09-12,8.2,9.9,31.6,142.9,26.7,LD,8.2,LD,1930.3,D,105.5,LD,1087.9550453489824,17.48720290427185,0.3118674698795181,17.13969038423697,0.3198995983772327,34.68,0.3870904786270335,0,LOW
MEGHALAYA,EAST KHASI HILLS,2026-09-13,0.4,9.6,23.0,129.50000000000003,31.3,LD,64.9,LD,1930.8,D,106.0,LD,2328.758522162804,18.027792389503375,0.2950301204819277,21.175049037013736,0.6924405673116287,27.715000000000003,0.33651986982718746,0,LOW
MEGHALAYA,EAST KHASI HILLS,2026-09-14,4.2,12.8,24.3,123.8,22.8,LD,4.2,LD,1935.0,D,110.2,LD,1280.9118343957991,32.51348239717992,0.2975753012048193,18.797016249242592,0.6701817742862293,29.315,0.4128051867988572,1,MEDIUM
MEGHALAYA,EAST KHASI HILLS,2026-09-15,4.5,9.1,22.200000000000003,114.8,21.7,LD,64.9,LD,1920.5,D,114.7,LD,2429.2811219157034,6.633423893675245,0.29346385542168674,24.027096340049752,0.7265463957155973,26.619999999999997,0.27776622730487854,0,LOW
MEGHALAYA,EAST KHASI HILLS,2026-09-16,0.5,9.2,19.5,96.8,18.8,LD,0.5,LD,1940.0,D,115.2,LD,684.1473112316291,32.27266902585276,0.2881777108433735,21.432589221290826,0.44511478805665805,21.869999999999997,0.3568309973169761,0,LOW
MEGHALAYA,EAST KHASI HILLS,2026-09-17,7.3,12.3,26.1,91.7,18.7,LD,19.5,LD,1947.3,D,122.4,LD,1286.135837274646,13.048179925034912,0.3010993975903614,23.167640042875448,0.5116319314397151,25.910000000000004,0.30274663766499676,0,LOW
MEGHALAYA,EAST KHASI HILLS,2026-09-18,1.0,8.8,26.1,80.4,12.8,LD,1.0,LD,1948.3,D,123.5,LD,2155.8504399328467,20.368320128179715,0.3010993975903614,27.974188793292026,0.351005026916319,21.135,0.30127233877077686,0,LOW
MEGHALAYA,EAST KHASI HILLS,2026-09-19,3.9,12.2,21.8,67.3,19.6,LD,3.9,LD,1952.2,D,127.4,LD,1148.2182686566723,10.861558902413279,0.29268072289156627,19.658356567211484,0.8287029256578996,19.96,0.2489678081480493,0,LOW
MEGHALAYA,EAST KHASI HILLS,2026-09-20,8.1,13.0,29.5,61.5,20.0,LD,8.1,LD,1960.2,D,135.4,LD,734.7440652469645,27.110041762898792,0.3077560240963855,24.13707031887533,0.30164640844472956,22.685,0.3436062003000373,0,LOW
MEGHALAYA,EAST KHASI HILLS,2026-09-21,13.6,25.6,38.9,66.1,21.6,D,19.5,LD,1940.0,D,149.0,LD,2145.91464037381,34.174017798085586,0.32615963855421687,20.697741238587703,0.6394079822048844,30.799999999999997,0.4364786009670737,1,MEDIUM
MEGHALAYA,NORTH GARO HILLS,2026-08-19,1.3,1.3,1.3,1.3,12.3,LD,1.3,LD,422.4,LD,39.4,LD,1005.229198737892,19.186223042254586,0.25254518072289156,28.34433469005124,0.6731544367391118,1.3,0.1450399305877785,0,LOW
MEGHALAYA,NORTH GARO HILLS,2026-08-20,0.2,1.5,1.5,1.5,13.6,LD,19.5,LD,422.6,LD,39.6,LD,1350.2720630975734,11.536663101610518,0.2529367469879518,25.872122750930835,0.3446418841905878,1.045,0.10930405199210345,0,LOW
MEGHALAYA,NORTH GARO HILLS,2026-08-21,36.5,38.0,38.0,38.0,13.3,LE,19.5,LD,422.4,LD,76.1,LD,2442.4913127171067,14.060223277247022,0.3243975903614458,15.144580418680382,0.4691939234982939,37.475,0.39427188503020083,0,LOW
MEGHALAYA,NORTH GARO HILLS,2026-08-22,0.2,36.900000000000006,38.2,38.2,13.3,LD,19.5,LD,459.3,LD,76.3,LD,506.8840721518665,37.7245167410229,0.32478915662650604,26.22087279878871,0.27587594005748994,24.575000000000003,0.4076491303399795,1,MEDIUM
MEGHALAYA,NORTH GARO HILLS,2026-08-23,0.3,37.0,38.5,38.5,11.8,LD,0.3,LD,459.6,LD,76.6,LD,788.4315599644549,15.705949402394097,0.3253765060240964,17.8927541371319,0.5839649545519846,24.755,0.31118828752591243,0,LOW
MEGHALAYA,NORTH GARO HILLS,2026-08-24,1.7,2.2,40.2,40.2,23.3,LD,19.5,LD,461.3,LD,78.3,LD,126.12052017110786,35.98810372044909,0.32870481927710843,27.31605443345167,0.8469628856941744,17.225,0.34836708594149457,0,LOW
MEGHALAYA,NORTH GARO HILLS,2026-08-25,7.3,9.3,47.5,47.5,10.2,D,19.5,LD,422.4,LD,85.6,LD,1010.0023892796291,18.247976272248444,0.3429969879518072,24.644757336372788,0.5079309740932954,23.88,0.3197784018577054,0,LOW
MEGHALAYA,NORTH GARO HILLS,2026-08-26,0.5,9.5,46.7,48.0,10.3,LD,46.7,D,469.1,LD,86.1,LD,540.449404932906,12.549302173718502,0.3414307228915663,21.82520552129397,0.8440049322237618,21.425,0.2766528357604722,0,LOW
MEGHALAYA,NORTH GARO HILLS,2026-08-27,0.6,8.4,47.1,48.6,22.5,LD,0.6,LD,485.4,LD,97.8,LD,1716.0855917493338,34.09234238509724,0.34221385542168675,26.799129296523393,0.32573525428537753,21.375,0.3722002002645103,0,LOW
MEGHALAYA,NORTH GARO HILLS,2026-08-28,10.5,11.6,21.1,59.1,11.5,N,10.5,N,480.4,LD,97.4,LD,494.2375739763383,23.74180117900827,0.29131024096385544,29.56208585976926,0.48547260596067743,20.715,0.31131645451878037,0,LOW
MEGHALAYA,NORTH GARO HILLS,2026-08-29,0.3,11.400000000000002,21.2,59.4,16.2,LD,46.7,D,480.7,LD,97.7,LD,1703.2912433943807,6.251090050992256,0.29150602409638554,28.238643135655245,0.7911789820290831,17.165,0.20833549284469424,0,LOW
MEGHALAYA,NORTH GARO HILLS,2026-08-30,0.3,11.1,21.2,59.7,4.4,LD,46.7,D,481.0,LD,98.0,LD,695.5147990638284,43.39769677377595,0.29150602409638554,24.27144770172243,0.7760172889944833,17.134999999999998,0.373217858292198,0,LOW
MEGHALAYA,NORTH GARO HILLS,2026-08-31,17.5,18.1,37.0,77.2,8.5,LE,46.7,D,498.5,LD,115.5,LD,920.2836935969394,10.910137802884297,0.3224397590361446,27.285803444412004,0.4441549467218705,31.479999999999997,0.3371826633106894,0,LOW
MEGHALAYA,NORTH GARO HILLS,2026-09-01,40.3,58.1,70.0,117.5,7.5,LE,46.7,D,469.1,LD,40.3,LE,904.7085975136738,19.136279058123655,0.3870481927710844,22.03654742467681,0.657166350260999,63.754999999999995,0.6165322954517246,1,MEDIUM
MEGHALAYA,NORTH GARO HILLS,2026-09-02,7.6,65.39999999999999,77.1,125.1,14.5,D,77.4,N,546.5,LD,48.0,LE,1806.041787900843,20.391785399828294,0.4009487951807229,28.413444066573188,0.7816961029346744,57.05,0.5771384436709519,1,MEDIUM
MEGHALAYA,NORTH GARO HILLS,2026-09-03,4.7,52.6,81.2,128.5,7.2,D,77.4,N,546.5,LD,52.7,LE,1192.9476946889406,24.577195970336533,0.40897590361445785,29.093882157587906,0.7101264796919367,54.37,0.5782583342317272,1,MEDIUM
MEGHALAYA,NORTH GARO HILLS,2026-09-04,7.0,19.3,77.7,135.29999999999998,14.3,D,77.4,N,558.1,LD,59.7,E,935.1823021890735,36.417760893366825,0.40212349397590363,17.33399522689878,0.6270857181597504,46.995000000000005,0.5769867458762613,1,MEDIUM
MEGHALAYA,NORTH GARO HILLS,2026-09-05,2.1,13.8,79.5,100.9,13.3,LD,77.4,N,560.2,LD,61.7,N,2138.9256616466523,5.243611187005071,0.4056475903614458,19.046533113097087,0.34154536873601354,39.195,0.38358703648157194,0,LOW
MEGHALAYA,NORTH GARO HILLS,2026-09-06,2.6,11.7,81.8,103.3,13.3,LD,2.6,LD,562.9,LD,64.4,N,1451.2790328209467,42.29888205344299,0.4101506024096385,19.589808534935692,0.2938016155423381,39.78,0.5533441880458655,1,MEDIUM
MEGHALAYA,NORTH GARO HILLS,2026-09-07,2.1,6.800000000000001,66.39999999999999,105.1,13.7,LD,77.4,N,565.0,LD,66.5,D,573.8855121310946,30.839578408120445,0.38,17.823389222695557,0.6187733078899366,34.8,0.4609155335054855,1,MEDIUM
MEGHALAYA,NORTH GARO HILLS,2026-09-08,2.7,7.4,28.8,106.1,18.2,LD,2.7,LD,567.6,LD,69.1,D,2255.2236314520223,43.02595516595743,0.3063855421686747,21.673095117256153,0.5501653994134648,25.91,0.43703842320698166,1,MEDIUM
MEGHALAYA,NORTH GARO HILLS,2026-09-09,0.8,5.6000000000000005,22.000000000000004,99.6,16.2,LD,21.9,LD,568.4,LD,69.9,D,889.4932252824195,37.69558149665943,0.29307228915662653,18.28156459464341,0.3928219958388906,22.119999999999997,0.3836922831126695,0,LOW
MEGHALAYA,NORTH GARO HILLS,2026-09-10,1.5,5.0,18.8,100.6,11.8,LD,21.9,LD,568.4,LD,71.4,D,145.49947496643495,42.11352872332868,0.2868072289156627,25.12416828575236,0.4256618769754148,21.564999999999998,0.3981218000884996,0,LOW
MEGHALAYA,NORTH GARO HILLS,2026-09-11,0.3,2.6,12.1,100.3,17.2,LD,21.9,LD,570.2,LD,71.7,D,1261.7705487374096,29.04002203742712,0.27368975903614456,16.72746252925947,0.48525230632084604,18.825,0.31787914720617766,0,LOW
MEGHALAYA,NORTH GARO HILLS,2026-09-12,0.1,1.9,10.1,89.9,12.7,LD,0.1,LD,570.3,LD,71.8,D,353.6482333801506,19.292359315086994,0.2697740963855422,19.588625601454858,0.5473125112735033,16.520000000000003,0.2573565187538348,0,LOW
MEGHALAYA,NORTH GARO HILLS,2026-09-13,0.0,0.4,7.5,89.6,12.5,LD,21.9,LD,570.3,LD,71.9,D,634.2427871035693,22.71656252454415,0.26468373493975905,26.313850981088066,0.4841553814530475,15.415,0.26368715416739597,0,LOW
MEGHALAYA,NORTH GARO HILLS,2026-09-14,1.8,1.9,7.200000000000001,91.1,8.5,LD,1.8,LD,572.1,LD,73.7,LD,1880.4216380841572,31.321292415364518,0.2640963855421687,21.775267093266937,0.48237500325157995,16.57,0.31003900886117397,0,LOW
MEGHALAYA,NORTH GARO HILLS,2026-09-15,0.0,1.8,4.5,73.6,7.6,NR,21.9,LD,568.4,LD,73.7,LD,370.34194277198054,22.07727439065345,0.2588102409638554,22.164866611507932,0.3194396867868118,12.614999999999998,0.23972916116721973,0,LOW
MEGHALAYA,NORTH GARO HILLS,2026-09-16,4.9,6.7,8.600000000000001,38.2,13.4,LD,4.9,LD,577.0,LD,78.5,LD,2027.0133496673875,34.266911338711566,0.26683734939759035,28.56472930029262,0.7693542509532059,11.270000000000001,0.2859314583870762,0,LOW
MEGHALAYA,NORTH GARO HILLS,2026-09-17,25.3,30.200000000000003,32.400000000000006,55.9,7.8,LE,8.6,LD,602.3,LD,103.8,D,2345.4228559208364,8.673920643201182,0.31343373493975907,31.73669640594677,0.6154924490668565,32.89,0.3354849438416285,0,LOW
MEGHALAYA,NORTH GARO HILLS,2026-09-18,6.7,36.9,38.8,57.900000000000006,3.5,LE,6.7,LE,609.0,LD,110.5,D,1536.0036459994644,38.199465959395546,0.3259638554216867,24.60615231532162,0.3376613107612071,29.955,0.4483121102359339,1,MEDIUM
MEGHALAYA,NORTH GARO HILLS,2026-09-19,0.1,32.1,38.8,51.0,12.5,LD,0.1,LD,609.1,LD,110.6,D,1790.3800204559318,13.167545585680166,0.3259638554216867,16.34414191488133,0.5043246417267615,25.409999999999997,0.3046889694196587,0,LOW
MEGHALAYA,NORTH GARO HILLS,2026-09-20,0.2,6.9999999999999964,39.00000000000001,49.1,19.3,LD,0.2,LD,609.3,LD,110.8,D,1798.2871942731726,42.757904380988904,0.326355421686747,16.749350561801812,0.5000295472177273,18.935000000000002,0.3901640819566452,0,LOW
MEGHALAYA,NORTH GARO HILLS,2026-09-21,0.6,0.8999999999999965,37.8,47.1,18.3,LD,8.6,LD,577.0,LD,111.4,D,2482.37949531259,11.221831997490717,0.32400602409638557,31.464512274500073,0.6103725270934737,16.95,0.23539641751424273,0,LOW
MEGHALAYA,RI BHOI,2026-08-19,22.7,22.7,22.7,22.7,12.3,LE,22.7,LE,538.5,D,96.4,D,886.768742393976,10.166567844095912,0.29444277108433736,26.546993516724015,0.6153217707095989,22.7,0.26574605338538226,0,LOW
MEGHALAYA,RI BHOI,2026-08-20,6.8,29.5,29.5,29.5,15.1,D,57.4,D,545.3,D,103.2,D,448.9985505446211,37.47504442349572,0.3077560240963855,27.79197501167493,0.6371332821878575,21.555,0.3816248518704305,0,LOW
MEGHALAYA,RI BHOI,2026-08-21,5.1,34.6,34.6,34.6,10.2,D,57.4,D,538.5,D,108.3,D,1321.9597255400877,37.74807310812057,0.3177409638554217,26.487983880654205,0.6687418344062844,24.275000000000002,0.404207542435292,1,MEDIUM
MEGHALAYA,RI BHOI,2026-08-22,5.8,17.7,40.4,40.4,11.9,D,57.4,D,556.2,D,114.1,D,1356.4620340876852,34.55037679524989,0.3290963855421687,18.053499228817607,0.3120124276774099,22.615,0.38044387794828394,0,LOW
MEGHALAYA,RI BHOI,2026-08-23,7.8,18.7,48.2,48.2,15.9,D,7.8,D,564.0,D,122.0,D,485.885596325554,43.42121855618819,0.34436746987951805,22.622156734020955,0.4329533203436872,26.685,0.4519111994092724,1,MEDIUM
MEGHALAYA,RI BHOI,2026-08-24,10.7,24.3,58.9,58.9,11.5,N,57.4,D,574.7,D,132.7,D,1552.1180765356419,15.821585147416641,0.36531626506024095,28.567367439529214,0.2604086915036034,33.38,0.3811187000439751,0,LOW
MEGHALAYA,RI BHOI,2026-08-25,10.8,29.3,69.7,69.7,14.6,D,57.4,D,538.5,D,143.5,D,84.60559701821873,38.065949559611504,0.38646084337349396,29.728170370015246,0.5227849072482298,38.985,0.5241310954970435,1,MEDIUM
MEGHALAYA,RI BHOI,2026-08-26,13.7,35.2,60.7,83.4,16.3,N,60.7,D,599.2,D,157.1,D,2322.787586012843,19.081621201736834,0.36884036144578314,19.034703750688323,0.5076580466981724,41.28,0.4525775354222574,1,MEDIUM
MEGHALAYA,RI BHOI,2026-08-27,13.3,37.8,67.2,96.7,17.1,D,13.3,D,653.9,D,181.7,D,698.206980662091,26.49594502277363,0.38156626506024094,25.13135044417495,0.6905961581076872,45.41,0.5174897365355084,1,MEDIUM
MEGHALAYA,RI BHOI,2026-08-28,12.9,39.9,75.0,109.6,14.5,N,12.9,N,626.1,D,184.1,D,146.92251055596995,22.82400118805315,0.3968373493975904,17.670732346553706,0.35027016796471666,49.67999999999999,0.5346357737815797,1,MEDIUM
MEGHALAYA,RI BHOI,2026-08-29,7.0,33.2,76.2,116.6,13.7,D,60.7,D,633.1,D,191.0,D,315.21113161339974,5.234000906944289,0.3991867469879518,31.290706843069778,0.6288966742753066,47.29,0.43990594122688637,1,MEDIUM
MEGHALAYA,RI BHOI,2026-08-30,15.8,35.7,84.2,132.4,12.0,E,60.7,D,648.9,D,206.8,D,638.6099232851222,27.97848774156631,0.41484939759036144,19.28747291287229,0.43401651875809133,55.365,0.6016364223227263,1,MEDIUM
MEGHALAYA,RI BHOI,2026-08-31,11.5,34.300000000000004,85.0,143.9,18.2,D,60.7,D,660.4,D,218.3,D,721.0701130848108,34.90023551055812,0.4164156626506024,27.352797186266244,0.47914988488581944,55.435,0.6332115490927639,1,MEDIUM
MEGHALAYA,RI BHOI,2026-09-01,12.7,40.0,86.9,156.6,16.2,D,60.7,D,599.2,D,12.7,D,130.38449876943525,11.982095343010851,0.4201355421686747,18.928920051856522,0.6815721174228724,59.66,0.5621881983595582,1,MEDIUM
MEGHALAYA,RI BHOI,2026-09-02,9.2,33.4,82.4,165.8,16.2,D,83.1,D,682.4,D,22.0,D,734.4192898746364,42.2662344757215,0.4113253012048193,25.472917028935207,0.2929288291441452,57.040000000000006,0.6763622970692293,1,MEDIUM
MEGHALAYA,RI BHOI,2026-09-03,5.8,27.7,74.9,148.9,15.0,LD,83.1,D,682.4,D,27.8,D,522.7072544090312,26.215981576740152,0.39664156626506025,26.20749321938516,0.4556697333586975,50.015,0.5520580050347115,1,MEDIUM
MEGHALAYA,RI BHOI,2026-09-04,15.0,30.0,77.0,157.1,14.9,N,83.1,D,703.2,D,42.8,D,977.6212722145706,12.12984012604374,0.4007530120481928,20.583277758730794,0.4847939380837911,55.565,0.5298031409110917,1,MEDIUM
MEGHALAYA,RI BHOI,2026-09-05,6.5,27.3,76.5,158.5,16.0,LD,83.1,D,709.7,D,49.3,D,993.6609565221246,30.83790283667541,0.3997740963855422,28.92017571224287,0.6794495871110013,52.0,0.5873638465450806,1,MEDIUM
MEGHALAYA,RI BHOI,2026-09-06,6.5,28.0,67.2,159.2,21.1,LD,6.5,LD,716.2,D,55.8,D,880.5689644770538,12.67690834061376,0.38156626506024094,30.051305270206658,0.3695346490424204,49.955,0.4884419571034493,1,MEDIUM
MEGHALAYA,RI BHOI,2026-09-07,7.5,20.5,63.2,158.9,12.8,D,83.1,D,723.6,D,63.3,D,853.4135146502248,7.5413339318134565,0.37373493975903616,29.536188814317917,0.8184477962142778,47.385000000000005,0.4457469972581601,1,MEDIUM
MEGHALAYA,RI BHOI,2026-09-08,11.1,25.1,61.6,159.29999999999998,13.8,D,11.1,D,734.7,D,74.3,D,269.8416304660655,32.41260969676969,0.37060240963855423,20.623569730900194,0.8486571716764949,49.455,0.5704023404097786,1,MEDIUM
MEGHALAYA,RI BHOI,2026-09-09,6.6,25.2,59.0,155.10000000000002,8.6,D,59.0,D,741.3,D,81.0,D,111.75212045909731,9.42779533221978,0.36551204819277106,27.65378440321512,0.7413460844920332,46.625,0.4470738595700505,1,MEDIUM
MEGHALAYA,RI BHOI,2026-09-10,0.9,18.6,54.1,142.29999999999998,10.9,LD,59.0,D,741.3,D,81.8,D,545.1800353833431,9.248697935057413,0.3559186746987952,24.511342832776812,0.42982750087811683,39.834999999999994,0.3959998134353526,0,LOW
MEGHALAYA,RI BHOI,2026-09-11,7.1,14.599999999999998,46.2,136.10000000000002,10.3,D,59.0,D,749.2,D,88.9,D,1903.7910971707076,34.59774252727253,0.34045180722891566,25.074681516364198,0.6483199924437127,38.10000000000001,0.49321193406078573,1,MEDIUM
MEGHALAYA,RI BHOI,2026-09-12,4.4,12.4,44.1,127.6,12.2,LD,4.4,LD,753.6,D,93.2,D,2477.483925600249,7.208089328322846,0.33634036144578316,23.11622644939385,0.29988881901875986,34.805,0.3471903761785753,0,LOW
MEGHALAYA,RI BHOI,2026-09-13,1.9,13.4,39.49999999999999,122.5,16.2,LD,59.0,D,755.5,D,95.1,D,2324.889128890456,37.390767161918184,0.3273343373493976,25.204439515470817,0.7727675894239063,32.265,0.46144415097198765,1,MEDIUM
MEGHALAYA,RI BHOI,2026-09-14,0.8,7.099999999999999,32.8,107.5,12.5,LD,0.8,LD,756.3,D,95.9,D,1285.3374210675331,36.84595034591311,0.31421686746987953,17.30612068660775,0.5595957227561642,26.38,0.4144854096055171,1,MEDIUM
MEGHALAYA,RI BHOI,2026-09-15,10.0,12.7,31.7,106.0,6.7,E,59.0,D,741.3,D,105.9,D,1352.9684466559388,10.65573712311064,0.3120632530120482,21.95040296299674,0.35586349979187143,30.5,0.32699698765451324,0,LOW
MEGHALAYA,RI BHOI,2026-09-16,4.5,15.3,29.6,97.8,14.5,LD,4.5,LD,770.7,D,110.4,D,820.7248441378142,25.735225891078755,0.3079518072289157,18.02041995379508,0.4464499357370215,27.47,0.3716145409927182,0,LOW
MEGHALAYA,RI BHOI,2026-09-17,0.1,14.6,28.8,88.7,15.9,LD,29.4,LD,770.8,D,110.5,D,1946.1516246622577,8.865019638757694,0.3063855421686747,19.761794026514238,0.7304456466927849,24.189999999999998,0.2729619490114253,0,LOW
MEGHALAYA,RI BHOI,2026-09-18,4.1,8.7,25.8,87.0,7.9,D,4.1,D,775.0,D,114.6,D,1923.6538854349892,30.302848791439487,0.3005120481927711,17.172847110676273,0.7721360604562278,23.11,0.35937457135957324,0,LOW
MEGHALAYA,RI BHOI,2026-09-19,4.2,8.399999999999999,25.6,76.2,12.4,LD,4.2,LD,779.2,D,118.8,D,2118.467276076989,7.517200518821863,0.30012048192771085,18.61242528877434,0.5618280321606541,21.4,0.24584783763077028,0,LOW
MEGHALAYA,RI BHOI,2026-09-20,15.1,23.4,38.8,84.8,6.6,LE,15.1,LE,794.3,D,134.0,D,2243.9862141323665,42.77923425290989,0.3259638554216867,28.29279734839117,0.5381869001864039,33.55499999999999,0.49430636776907677,1,MEDIUM
MEGHALAYA,RI BHOI,2026-09-21,6.9,26.2,44.9,85.2,15.6,D,29.4,LD,770.7,D,140.8,D,1114.1556581519746,13.309229414783266,0.3379066265060241,24.34721985702039,0.7004408479319556,32.97,0.3615506662904506,0,LOW
MEGHALAYA,SOUTH GARO HILLS,2026-08-19,4.1,4.1,4.1,4.1,12.3,LD,4.1,LD,748.7,D,219.9,N,1928.8451418626341,32.3157862379458,0.25802710843373494,15.401933014707994,0.7457137735111329,4.1,0.22443194394294502,0,LOW
MEGHALAYA,SOUTH GARO HILLS,2026-08-20,1.0,5.1,5.1,5.1,13.6,LD,43.0,D,749.7,D,220.8,N,2025.6768855499026,10.131656975084402,0.25998493975903614,28.404916224635965,0.7089080874374922,3.665,0.12312924589358715,0,LOW
MEGHALAYA,SOUTH GARO HILLS,2026-08-21,0.7,5.8,5.8,5.8,13.3,LD,43.0,D,748.7,D,221.6,D,805.7260751194879,13.38385793307106,0.26135542168674697,30.46096273080134,0.4806568301405246,4.015,0.14035032046031073,0,LOW
MEGHALAYA,SOUTH GARO HILLS,2026-08-22,0.8,2.5,6.6,6.6,13.3,LD,43.0,D,751.2,D,222.4,D,2326.6434978150673,23.037985955334825,0.26292168674698796,29.96729768830484,0.6351554569655916,3.5449999999999995,0.18022339969948417,0,LOW
MEGHALAYA,SOUTH GARO HILLS,2026-08-23,0.8,2.3,7.399999999999999,7.399999999999999,11.8,LD,0.8,LD,752.1,D,223.2,D,281.1366814671559,27.92384565366065,0.2644879518072289,28.99128700884647,0.7644159449625566,3.8149999999999995,0.20417456458790584,0,LOW
MEGHALAYA,SOUTH GARO HILLS,2026-08-24,3.4,5.0,10.8,10.8,23.3,LD,43.0,D,755.4,D,226.6,D,2485.959488950043,44.95452961566732,0.271144578313253,31.867679527615927,0.34105638042845177,6.760000000000001,0.3021725436381515,0,LOW
MEGHALAYA,SOUTH GARO HILLS,2026-08-25,3.3,7.5,14.1,14.1,10.2,LD,43.0,D,748.7,D,229.9,D,1936.72225948923,6.0370491236377655,0.277605421686747,24.96883324414486,0.4828820110689779,8.67,0.144101434489331,0,LOW
MEGHALAYA,SOUTH GARO HILLS,2026-08-26,5.8,12.5,15.8,19.9,10.3,D,15.8,LD,764.5,D,235.7,D,278.5137180446018,5.012576785763478,0.28093373493975904,31.36398968475338,0.2839713303251588,12.09,0.16457163194436175,0,LOW
MEGHALAYA,SOUTH GARO HILLS,2026-08-27,0.9,10.0,15.7,20.8,22.5,LD,0.9,LD,871.1,D,283.8,D,1657.7626378572515,19.01468378859792,0.28073795180722894,31.13035195252427,0.49532637141243996,9.86,0.2108816725863576,0,LOW
MEGHALAYA,SOUTH GARO HILLS,2026-08-28,0.7,7.399999999999999,15.7,21.5,11.5,LD,0.7,LD,765.9,D,237.0,D,133.73955677423737,19.646254712096795,0.28073795180722894,20.32505841855847,0.7133692503511894,9.245,0.209308533622109,0,LOW
MEGHALAYA,SOUTH GARO HILLS,2026-08-29,0.5,2.1,15.4,22.0,16.2,LD,15.8,LD,766.4,D,237.6,D,1936.958026138248,40.353489443945264,0.28015060240963857,29.678373852949804,0.3682170660553525,7.85,0.2912878220399882,0,LOW
MEGHALAYA,SOUTH GARO HILLS,2026-08-30,6.4,7.6,21.0,28.4,4.4,E,15.8,LD,772.8,D,244.0,D,2008.0961580646854,41.50330190789208,0.2911144578313253,28.472035314499212,0.5751322906746301,13.65,0.3398993275052845,0,LOW
MEGHALAYA,SOUTH GARO HILLS,2026-08-31,1.4,8.3,19.0,29.8,8.5,LD,15.8,LD,774.2,D,245.4,D,1525.9051200740469,40.220999054372754,0.2871987951807229,28.188579215818457,0.2719514400530963,11.785,0.32013426568799075,0,LOW
MEGHALAYA,SOUTH GARO HILLS,2026-09-01,5.6,13.4,21.3,35.4,7.5,D,15.8,LD,764.5,D,5.6,D,2149.307960195598,10.727150019441911,0.29170180722891564,30.236773111962673,0.7885899944389949,15.945,0.21957922911522318,0,LOW
MEGHALAYA,SOUTH GARO HILLS,2026-09-02,4.1,11.1,19.6,39.5,14.5,LD,19.4,LD,783.9,D,9.7,D,289.8140365264063,21.484193407242937,0.2883734939759036,21.53123016864523,0.7420028169402708,15.035,0.26024149376495503,0,LOW
MEGHALAYA,SOUTH GARO HILLS,2026-09-03,2.8,12.5,21.5,38.2,7.2,LD,19.4,LD,783.9,D,12.4,D,726.0134129999924,34.835406491800924,0.2920933734939759,21.80093442008549,0.5646455150722396,15.21,0.3215705703394476,0,LOW
MEGHALAYA,SOUTH GARO HILLS,2026-09-04,10.9,17.799999999999997,31.7,48.1,14.3,D,19.4,LD,797.6,D,23.4,D,1064.7349279020427,17.504442711369656,0.3120632530120482,25.88088925646182,0.6734721975831699,23.404999999999998,0.30690404109987834,0,LOW
MEGHALAYA,SOUTH GARO HILLS,2026-09-05,12.7,26.4,43.9,60.1,13.3,N,19.4,LD,810.3,D,36.1,D,154.02198442884077,31.529521140422048,0.3359487951807229,27.542677142843814,0.31234969892131537,31.034999999999997,0.42835681852756047,1,MEDIUM
MEGHALAYA,SOUTH GARO HILLS,2026-09-06,6.5,30.1,44.0,65.8,13.3,D,6.5,D,816.8,D,42.6,D,1148.129414549357,14.48571452764368,0.336144578313253,29.955530745179445,0.7571256978384223,30.67,0.35004613962471,0,LOW
MEGHALAYA,SOUTH GARO HILLS,2026-09-07,0.3,19.5,42.89999999999999,65.3,13.7,LD,19.4,LD,817.1,D,42.9,D,699.7729674757866,17.936770318432323,0.33399096385542165,29.889370451207792,0.6791569186430628,25.5,0.3281319387687978,0,LOW
MEGHALAYA,SOUTH GARO HILLS,2026-09-08,6.2,13.0,43.5,68.1,18.2,LD,6.2,LD,823.3,D,49.1,D,1012.2007796492949,39.417185973939354,0.33516566265060244,27.26277361456642,0.3219804380350483,26.509999999999998,0.4310287617473186,1,MEDIUM
MEGHALAYA,SOUTH GARO HILLS,2026-09-09,0.0,6.5,39.4,64.80000000000001,16.2,NR,39.4,LD,823.3,D,49.1,D,1091.5014483811508,15.020361443559803,0.32713855421686744,31.267177222965888,0.8384135710712665,21.195,0.2831387936941705,0,LOW
MEGHALAYA,SOUTH GARO HILLS,2026-09-10,0.2,6.4,36.8,59.2,11.8,LD,39.4,LD,823.3,D,49.3,LD,2204.5587470448286,43.572963475394516,0.3220481927710843,18.036686522086118,0.263518266523868,19.75,0.3987296714275696,0,LOW
MEGHALAYA,SOUTH GARO HILLS,2026-09-11,1.4,1.6,27.3,59.7,17.2,LD,39.4,LD,824.9,D,50.7,LD,712.3353777927157,17.250382437473878,0.3034487951807229,31.155777402061467,0.627106517555664,16.67,0.25608432788115393,0,LOW
MEGHALAYA,SOUTH GARO HILLS,2026-09-12,17.1,18.700000000000003,31.700000000000003,76.1,12.7,E,17.1,E,842.0,D,67.8,D,2239.6706653548663,5.941124392931094,0.3120632530120482,16.091255194571566,0.35305299804449003,30.0,0.3024820794392443,0,LOW
MEGHALAYA,SOUTH GARO HILLS,2026-09-13,1.0,19.500000000000004,26.200000000000003,76.6,12.5,LD,39.4,LD,843.0,D,68.8,LD,1093.6288637914806,15.196036152102819,0.3012951807228916,24.44557198026261,0.6815545895317221,23.265,0.2934937412536981,0,LOW
MEGHALAYA,SOUTH GARO HILLS,2026-09-14,0.9,19.0,26.8,71.1,8.5,LD,0.9,LD,843.9,D,69.7,LD,853.1289157002657,11.848197689737031,0.3024698795180723,16.533348269138077,0.2922437523812674,22.43,0.27290240561338663,0,LOW
MEGHALAYA,SOUTH GARO HILLS,2026-09-15,0.0,1.9,20.6,69.7,7.6,LD,39.4,LD,823.3,D,69.7,LD,1281.1545208711077,25.27307864870199,0.2903313253012048,24.65601657836832,0.29866052970586965,16.08,0.2849151943571885,0,LOW
MEGHALAYA,SOUTH GARO HILLS,2026-09-16,4.4,5.300000000000001,25.000000000000004,68.5,13.4,LD,4.4,LD,848.3,D,74.1,LD,1073.4710515889572,9.5086426531144,0.2989457831325301,21.63186511174723,0.5297750443378794,19.39,0.24014823488908363,0,LOW
MEGHALAYA,SOUTH GARO HILLS,2026-09-17,18.0,22.4,42.8,82.4,7.8,LE,25.1,LD,866.4,D,92.2,D,680.5621669851079,30.041955089816387,0.33379518072289155,16.387360335540578,0.8464056792411477,34.96,0.44926912075912095,1,MEDIUM
MEGHALAYA,SOUTH GARO HILLS,2026-09-18,3.4,25.8,44.8,83.0,3.5,N,3.4,N,869.8,D,95.6,D,1281.564345750364,39.995962822259784,0.337710843373494,26.0179856854112,0.4159097438623907,31.29,0.4681540055312181,1,MEDIUM
MEGHALAYA,SOUTH GARO HILLS,2026-09-19,0.0,21.4,27.7,72.1,12.5,LD,0.0,LD,869.8,D,95.6,D,421.9142460431366,19.500755272149426,0.3042319277108434,27.43036599358831,0.6175168964539135,23.089999999999996,0.31196679977865305,0,LOW
MEGHALAYA,SOUTH GARO HILLS,2026-09-20,0.6,4.0,27.3,60.0,19.3,LD,0.6,LD,870.5,D,96.3,LD,912.2283604062669,11.739708772216177,0.3034487951807229,17.961152031539683,0.5611594446245413,17.035,0.23419202884146115,0,LOW
MEGHALAYA,SOUTH GARO HILLS,2026-09-21,5.6,6.199999999999999,32.0,59.1,18.3,LD,25.1,LD,848.3,D,101.8,LD,1436.1860374665218,21.000999831376518,0.31265060240963854,26.805424228249073,0.7552717657902625,20.375,0.3009816572610668,0,LOW
MEGHALAYA,SOUTH WEST GARO HILLS,2026-08-19,0.3,0.3,0.3,0.3,12.3,LD,0.3,LD,498.3,LD,12.3,LD,1062.8501987551535,36.43867285802508,0.25058734939759036,18.04380833551146,0.42315376462309606,0.3,0.2142037713416454,0,LOW
MEGHALAYA,SOUTH WEST GARO HILLS,2026-08-20,0.1,0.4,0.4,0.4,13.6,LD,6.0,LD,498.4,LD,12.4,LD,2068.585284574451,28.659506963183823,0.25078313253012047,17.3357396383597,0.5829666284268917,0.29500000000000004,0.17963324658582336,0,LOW
MEGHALAYA,SOUTH WEST GARO HILLS,2026-08-21,0.0,0.4,0.4,0.4,13.3,NR,6.0,LD,498.3,LD,12.4,LD,678.9683157611573,9.045728533104125,0.25078313253012047,17.505175530920678,0.8203741090631085,0.26,0.09221162283756729,0,LOW
MEGHALAYA,SOUTH WEST GARO HILLS,2026-08-22,0.1,0.2,0.5,0.5,13.3,LD,6.0,LD,498.6,LD,12.5,LD,2425.9403681359745,26.487486173081333,0.2509789156626506,25.184333972223694,0.44955148500163455,0.285,0.16994775600136222,0,LOW
MEGHALAYA,SOUTH WEST GARO HILLS,2026-08-23,0.2,0.3,0.7,0.7,11.8,LD,0.2,LD,498.8,LD,12.7,LD,1972.5689510858108,23.723415258223728,0.25137048192771083,28.239443738152254,0.5136433487861086,0.42499999999999993,0.15873841031328118,0,LOW
MEGHALAYA,SOUTH WEST GARO HILLS,2026-08-24,0.1,0.4,0.8,0.8,23.3,LD,6.0,LD,498.9,LD,12.8,LD,2420.602913693807,18.084490240846456,0.251566265060241,25.14719292505483,0.7832879887022028,0.455,0.13392934240520094,0,LOW
MEGHALAYA,SOUTH WEST GARO HILLS,2026-08-25,0.0,0.3,0.8,0.8,10.2,NR,6.0,LD,498.3,LD,12.8,LD,2103.434559334245,9.40642384213293,0.251566265060241,28.758974701310166,0.4494993143406747,0.395,0.09493282954784876,0,LOW
MEGHALAYA,SOUTH WEST GARO HILLS,2026-08-26,0.0,0.1,0.5,0.8,10.3,NR,0.6,LD,498.9,LD,12.8,LD,398.15461833652455,44.244477424810995,0.2509789156626506,25.05511479819628,0.4784042587802893,0.27,0.24876088490439324,0,LOW
MEGHALAYA,SOUTH WEST GARO HILLS,2026-08-27,0.1,0.1,0.5,0.9,22.5,LD,0.1,LD,499.0,LD,13.0,LD,1339.8272220557837,12.041732795730224,0.2509789156626506,28.554461204924273,0.43247128532661894,0.32,0.10599368282770359,0,LOW
MEGHALAYA,SOUTH WEST GARO HILLS,2026-08-28,0.0,0.1,0.5,0.9,11.5,NR,0.0,NR,499.0,LD,12.9,LD,466.447376929675,12.70971563162982,0.2509789156626506,31.60088251926611,0.7357188251950437,0.28500000000000003,0.10871322026157772,0,LOW
MEGHALAYA,SOUTH WEST GARO HILLS,2026-08-29,0.1,0.2,0.5,1.0,16.2,LD,0.6,LD,499.1,LD,13.0,LD,2054.6570139367805,10.823307684089434,0.2509789156626506,21.64631673545982,0.8082321822626679,0.36,0.1008633460180133,0,LOW
MEGHALAYA,SOUTH WEST GARO HILLS,2026-08-30,0.0,0.1,0.3,1.0,4.4,NR,0.6,LD,499.1,LD,13.0,LD,1481.197265499075,27.807721547957524,0.25058734939759036,17.54901700775721,0.6286593284001434,0.25,0.1754878803554536,0,LOW
MEGHALAYA,SOUTH WEST GARO HILLS,2026-08-31,0.0,0.1,0.2,1.0,8.5,NR,0.6,LD,499.1,LD,13.0,LD,695.4508201744192,22.746782979308016,0.25039156626506026,17.30174579898428,0.6241780787557916,0.225,0.15277760973089294,0,LOW
MEGHALAYA,SOUTH WEST GARO HILLS,2026-09-01,0.9,0.9,1.1,1.9,7.5,LD,0.6,LD,498.9,LD,0.9,LD,2327.51748141757,14.982287281062238,0.2521536144578313,25.157119143162166,0.48400217182790506,1.1,0.12485302885256769,0,LOW
MEGHALAYA,SOUTH WEST GARO HILLS,2026-09-02,0.1,1.0,1.2,2.0,14.5,LD,1.3,LD,500.2,LD,1.1,LD,332.2058306199387,22.176935320861126,0.25234939759036146,24.300752119540814,0.257490249742898,0.885,0.15533713722995743,0,LOW
MEGHALAYA,SOUTH WEST GARO HILLS,2026-09-03,0.1,1.1,1.2,1.8,7.2,LD,1.3,LD,500.2,LD,1.2,LD,1431.4628885047193,31.940874042468717,0.25234939759036146,18.132001435214523,0.35436255929414395,0.88,0.1986968096985131,0,LOW
MEGHALAYA,SOUTH WEST GARO HILLS,2026-09-04,10.1,10.3,11.3,11.8,14.3,D,1.3,LD,510.4,LD,11.3,LD,1816.5493589334774,16.268021259945208,0.27212349397590363,29.99578436535045,0.3384630127541407,10.704999999999998,0.20296960682542511,0,LOW
MEGHALAYA,SOUTH WEST GARO HILLS,2026-09-05,0.0,10.2,11.2,11.8,13.3,NR,1.3,LD,510.4,LD,11.3,LD,194.17891646445787,41.609831041215216,0.27192771084337347,31.264722263721204,0.31952920168782206,7.119999999999999,0.2900278163250297,0,LOW
MEGHALAYA,SOUTH WEST GARO HILLS,2026-09-06,0.1,10.2,11.3,11.8,13.3,LD,0.1,LD,510.5,LD,11.4,LD,1514.7472813551988,17.253849487108234,0.27212349397590363,19.30466593275613,0.6424283896320371,7.18,0.18224549490746342,0,LOW
MEGHALAYA,SOUTH WEST GARO HILLS,2026-09-07,0.1,0.2,11.4,11.699999999999998,13.7,LD,1.3,LD,510.6,LD,11.5,LD,2048.957977884581,12.92716123291413,0.27231927710843373,18.51700982531814,0.3318093714242786,4.6899999999999995,0.14532077814237518,0,LOW
MEGHALAYA,SOUTH WEST GARO HILLS,2026-09-08,0.2,0.4,10.7,11.8,18.2,LD,0.2,LD,510.8,LD,11.6,LD,215.44192032423078,43.18271387491258,0.2709487951807229,18.636671489228302,0.30138037152203156,4.615,0.27898164353132215,0,LOW
MEGHALAYA,SOUTH WEST GARO HILLS,2026-09-09,0.1,0.4,10.7,11.9,16.2,LD,10.6,LD,510.9,LD,11.7,LD,1304.9952792112363,37.422424404727174,0.2709487951807229,21.58616600475311,0.4795489039371149,4.595,0.2532379140428082,0,LOW
MEGHALAYA,SOUTH WEST GARO HILLS,2026-09-10,2.8,3.1,13.4,14.7,11.8,LD,10.6,LD,510.9,LD,14.5,LD,683.465086464413,18.72550499373862,0.2762349397590361,29.504861980082087,0.39941359778073915,7.3100000000000005,0.19053435440798738,0,LOW
MEGHALAYA,SOUTH WEST GARO HILLS,2026-09-11,0.2,3.1,3.5,14.8,17.2,LD,10.6,LD,513.9,LD,14.7,LD,1674.164906265456,38.65727404575504,0.2568524096385542,25.131330368999002,0.33751632738152937,3.9400000000000004,0.25124185080598593,0,LOW
MEGHALAYA,SOUTH WEST GARO HILLS,2026-09-12,0.7,3.7,4.199999999999999,15.499999999999998,12.7,LD,0.7,LD,514.5,LD,15.4,LD,340.75954934317,25.752569966152002,0.25822289156626504,16.14840833945539,0.3376767253351408,4.545,0.1984706062070243,0,LOW
MEGHALAYA,SOUTH WEST GARO HILLS,2026-09-13,0.4,1.2999999999999998,4.5,15.8,12.5,LD,10.6,LD,514.9,LD,15.8,LD,2345.7760051427417,18.870099930442514,0.2588102409638554,23.040644447925143,0.40372342406965944,3.96,0.16383286395734709,0,LOW
MEGHALAYA,SOUTH WEST GARO HILLS,2026-09-14,0.7,1.7999999999999998,5.1,16.5,8.5,LD,0.7,LD,515.6,LD,16.5,LD,2242.085025201093,38.58446358156857,0.25998493975903614,16.535638611477573,0.5721098580256248,4.445,0.2551414393645358,0,LOW
MEGHALAYA,SOUTH WEST GARO HILLS,2026-09-15,0.1,1.2,4.999999999999999,16.599999999999998,7.6,LD,10.6,LD,510.9,LD,16.6,LD,505.6373286954875,35.08660267457762,0.25978915662650603,21.90563993814348,0.7048573600547507,4.074999999999999,0.2369210396069171,0,LOW
MEGHALAYA,SOUTH WEST GARO HILLS,2026-09-16,0.0,0.7999999999999999,4.9,15.7,13.4,NR,0.0,NR,515.7,LD,16.6,LD,842.0014166945064,16.914993705724232,0.25959337349397593,21.85984241915639,0.7616659859512837,3.7800000000000002,0.15401814287541377,0,LOW
MEGHALAYA,SOUTH WEST GARO HILLS,2026-09-17,1.2,1.2999999999999998,3.3,16.799999999999997,7.8,LD,4.9,LD,516.9,LD,17.8,LD,1489.7056878999554,29.26714061031895,0.25646084337349395,26.021995317063976,0.7008507098433101,4.09,0.2104979333309325,0,LOW
MEGHALAYA,SOUTH WEST GARO HILLS,2026-09-18,14.4,15.6,17.5,31.1,3.5,LE,14.4,LE,531.3,LD,32.2,LD,1809.2527247539135,19.77560894079189,0.28426204819277107,24.340717438372717,0.6269279558225025,17.98,0.27280022089755723,0,LOW
MEGHALAYA,SOUTH WEST GARO HILLS,2026-09-19,0.0,15.6,16.8,21.0,12.5,NR,0.0,NR,531.3,LD,32.2,LD,1134.5072371426327,5.0420789024155255,0.28289156626506023,29.87083129976446,0.7945747465116899,11.25,0.15911171464489782,0,LOW
MEGHALAYA,SOUTH WEST GARO HILLS,2026-09-20,1.9,16.3,18.3,22.9,19.3,LD,1.9,LD,533.2,LD,34.1,LD,432.9137388043889,43.47262965601117,0.28582831325301206,15.27667810531303,0.5618420816405503,12.75,0.34118473341299255,0,LOW
MEGHALAYA,SOUTH WEST GARO HILLS,2026-09-21,0.5,2.4,18.1,23.3,18.3,LD,4.9,LD,515.7,LD,34.6,LD,305.17115981703535,26.98516304291347,0.2854367469879518,28.157979975609035,0.6300141045122147,8.795000000000002,0.23966069654441502,0,LOW
MEGHALAYA,SOUTH WEST KHASI HILLS,2026-08-19,21.7,21.7,21.7,21.7,12.3,LE,21.7,LE,2347.7,LE,429.9,LE,2499.4250754401423,28.937304066631327,0.2924849397590361,15.385191796249309,0.496972330199121,21.7,0.341657833724871,0,LOW
MEGHALAYA,SOUTH WEST KHASI HILLS,2026-08-20,3.2,24.9,24.9,24.9,13.6,LD,192.8,LE,2350.8,LE,433.0,E,1165.6126975365437,28.995657027091795,0.29875,20.17292708409822,0.4464305205284476,17.305,0.3118683530441337,0,LOW
MEGHALAYA,SOUTH WEST KHASI HILLS,2026-08-21,1.7,26.6,26.6,26.6,13.3,LD,192.8,LE,2347.7,LE,435.0,E,2187.7027854138205,27.025658432776112,0.30207831325301204,29.954273349052578,0.44902706767675205,17.884999999999998,0.3079093120630081,0,LOW
MEGHALAYA,SOUTH WEST KHASI HILLS,2026-08-22,0.4,5.3,27.0,27.0,13.3,LD,192.8,LE,2353.2,LE,435.4,E,1231.8212113413304,16.60191379094374,0.3028614457831325,26.73704091851107,0.33899036902737567,12.265,0.22171171443112464,0,LOW
MEGHALAYA,SOUTH WEST KHASI HILLS,2026-08-23,1.8,3.9,28.8,28.8,11.8,LD,1.8,LD,2355.0,LE,437.2,E,2309.776214437708,43.86304499632225,0.3063855421686747,17.923943532224435,0.7279585904043108,13.125,0.34970216388058306,0,LOW
MEGHALAYA,SOUTH WEST KHASI HILLS,2026-08-24,18.8,21.0,47.6,47.6,23.3,D,192.8,LE,2373.8,LE,456.0,E,265.01048779029895,29.866736500611395,0.3431927710843374,23.34333724990303,0.28322085060012625,30.87,0.42124030538012736,1,MEDIUM
MEGHALAYA,SOUTH WEST KHASI HILLS,2026-08-25,67.1,87.69999999999999,114.7,114.7,10.2,LE,192.8,LE,2347.7,LE,523.1,E,329.3470187696499,31.83685442215846,0.4745632530120482,27.27237107662576,0.6548111462587121,91.28999999999999,0.8364097813675583,2,HIGH
MEGHALAYA,SOUTH WEST KHASI HILLS,2026-08-26,13.3,99.2,106.29999999999998,128.0,10.3,E,106.6,N,2454.2,LE,536.4,E,2327.5988599243497,23.191710292681993,0.45811746987951807,30.934836462771997,0.7686761157022215,75.23,0.7304969347557771,2,HIGH
MEGHALAYA,SOUTH WEST KHASI HILLS,2026-08-27,1.2,81.59999999999998,104.29999999999998,129.2,22.5,LD,1.2,LD,2911.3,LE,651.2,LE,2371.357960359723,16.514456019631304,0.4542018072289157,25.783460386709464,0.5484570081912203,66.27499999999999,0.6362582837544801,1,MEDIUM
MEGHALAYA,SOUTH WEST KHASI HILLS,2026-08-28,0.4,14.899999999999986,103.0,129.6,11.5,LD,0.4,LD,2455.5,LE,537.7,E,821.0577462901402,7.573959286997174,0.4516566265060241,15.419481994359764,0.2921204691049301,49.05499999999999,0.4733703228749291,1,MEDIUM
MEGHALAYA,SOUTH WEST KHASI HILLS,2026-08-29,3.2,4.7999999999999865,105.79999999999998,132.79999999999998,16.2,LD,106.6,N,2458.7,LE,540.9,E,920.153973134986,19.00920786271545,0.45713855421686744,23.494931614836823,0.5070504769821345,48.68999999999999,0.5226904515032819,1,MEDIUM
MEGHALAYA,SOUTH WEST KHASI HILLS,2026-08-30,6.9,10.499999999999986,110.9,139.7,4.4,E,106.6,N,2465.6,LE,547.8,E,1158.5030753451572,12.043897170735685,0.46712349397590364,17.60034786590407,0.45593596172940987,53.72,0.5295549060669782,1,MEDIUM
MEGHALAYA,SOUTH WEST KHASI HILLS,2026-08-31,14.0,24.099999999999987,106.1,153.7,8.5,LE,106.6,N,2479.6,LE,561.8,E,1069.5961161648625,31.483530730280474,0.45772590361445786,15.812252358073662,0.8413235915796584,60.504999999999995,0.6623975316359245,1,MEDIUM
MEGHALAYA,SOUTH WEST KHASI HILLS,2026-09-01,32.3,53.19999999999999,71.3,186.0,7.5,LE,106.6,N,2454.2,LE,32.3,LE,515.6107791010118,40.16015539210878,0.38959337349397594,25.174680789586933,0.6647591209713666,70.32999999999998,0.7573089032143064,2,HIGH
MEGHALAYA,SOUTH WEST KHASI HILLS,2026-09-02,14.6,60.89999999999999,72.6,200.6,14.5,N,72.2,N,2526.5,LE,46.9,LE,2251.0196906514675,17.110194329826093,0.3921385542168675,28.207672342677217,0.682815882897352,68.57499999999999,0.642874298726169,1,MEDIUM
MEGHALAYA,SOUTH WEST KHASI HILLS,2026-09-03,5.5,52.39999999999999,76.89999999999999,184.4,7.2,D,72.2,N,2526.5,LE,52.4,LE,670.6036217288272,18.31530501656186,0.40055722891566264,15.613029443438872,0.5594961513773387,61.91,0.6024449666231904,1,MEDIUM
MEGHALAYA,SOUTH WEST KHASI HILLS,2026-09-04,26.0,46.1,102.5,207.2,14.3,LE,72.2,N,2558.0,LE,78.4,LE,1777.9174032202463,31.814580153160467,0.4506777108433735,28.321017606413832,0.6756485526652578,77.33,0.7822893592025635,2,HIGH
MEGHALAYA,SOUTH WEST KHASI HILLS,2026-09-05,12.2,43.69999999999999,111.5,217.7,13.3,N,72.2,N,2570.2,LE,90.7,LE,214.53141045068358,10.970857369649455,0.46829819277108437,27.00859395679565,0.6835425860333009,75.725,0.6817436405742718,1,MEDIUM
MEGHALAYA,SOUTH WEST KHASI HILLS,2026-09-06,18.3,56.49999999999999,122.9,235.6,13.3,E,18.3,E,2588.5,LE,109.0,E,144.9407622446522,42.177497067107964,0.4906174698795181,27.783777098862142,0.2898153284476629,86.595,0.8855790364963835,2,HIGH
MEGHALAYA,SOUTH WEST KHASI HILLS,2026-09-07,6.8,37.29999999999999,115.7,240.6,13.7,D,72.2,N,2595.4,LE,115.8,E,1651.6396578134556,19.553871241019323,0.4765210843373494,19.160382336166908,0.3835639146863622,76.72,0.7286214841839658,2,HIGH
MEGHALAYA,SOUTH WEST KHASI HILLS,2026-09-08,0.8,25.899999999999995,84.2,222.6,18.2,LD,0.8,LD,2596.1,LE,116.6,N,880.5888510544879,9.047977837070986,0.41484939759036144,21.691122743388295,0.25778053325733163,61.195,0.559022943942144,1,MEDIUM
MEGHALAYA,SOUTH WEST KHASI HILLS,2026-09-09,0.3,7.899999999999992,69.9,155.8,16.2,LD,69.9,D,2596.4,LE,116.8,N,1655.875512164003,11.98736019682566,0.3868524096385542,17.035764062522723,0.5558844435571431,42.925,0.4363658291459267,1,MEDIUM
MEGHALAYA,SOUTH WEST KHASI HILLS,2026-09-10,0.1,1.1999999999999929,64.5,142.6,11.8,LD,69.9,D,2596.4,LE,116.9,N,280.35194531363436,42.309843040298325,0.3762801204819277,19.06114615398593,0.7754799129016159,37.849999999999994,0.532873062062045,1,MEDIUM
MEGHALAYA,SOUTH WEST KHASI HILLS,2026-09-11,3.8,4.199999999999992,42.3,145.2,17.2,LD,69.9,D,2600.3,LE,120.7,N,2377.135880793865,14.884771534760798,0.332816265060241,20.147424415116312,0.615732720817197,34.735,0.38010559414538736,0,LOW
MEGHALAYA,SOUTH WEST KHASI HILLS,2026-09-12,16.6,20.499999999999996,46.7,161.4,12.7,E,16.6,E,2616.9,LE,137.3,N,1883.8604438880839,31.490752153251456,0.3414307228915663,20.430422872125362,0.5501245166846256,46.82,0.5417039991860385,1,MEDIUM
MEGHALAYA,SOUTH WEST KHASI HILLS,2026-09-13,0.9,21.29999999999999,29.3,159.1,12.5,LD,69.9,D,2617.8,LE,138.2,D,2196.854720913208,11.246608941530605,0.3073644578313253,17.9756780976458,0.8055795085663839,36.83,0.3737665206429919,0,LOW
MEGHALAYA,SOUTH WEST KHASI HILLS,2026-09-14,4.3,21.799999999999997,26.8,156.5,8.5,D,4.3,D,2622.0,LE,142.5,D,384.35285740905175,12.764067693951109,0.3024698795180723,18.20810056720944,0.35333110661305234,37.129999999999995,0.38166851041755934,0,LOW
MEGHALAYA,SOUTH WEST KHASI HILLS,2026-09-15,0.2,5.399999999999993,26.2,142.7,7.6,LD,69.9,D,2596.4,LE,142.7,D,834.39437378753,40.1695287559991,0.3012951807228916,30.32499679646672,0.29476258489461143,29.374999999999996,0.44800336427140447,1,MEDIUM
MEGHALAYA,SOUTH WEST KHASI HILLS,2026-09-16,0.0,4.499999999999993,25.9,110.4,13.4,LD,0.0,LD,2622.3,E,142.7,D,952.443202305543,10.921328804102473,0.3007078313253012,28.3261914518653,0.8003834418458305,24.159999999999997,0.28075189425719244,0,LOW
MEGHALAYA,SOUTH WEST KHASI HILLS,2026-09-17,11.4,11.599999999999994,37.2,107.20000000000002,7.8,E,25.9,LD,2633.7,E,154.2,D,1366.0729884007055,5.7500234694511665,0.32283132530120484,20.856120959354435,0.791669052951288,32.269999999999996,0.31995363177886266,0,LOW
MEGHALAYA,SOUTH WEST KHASI HILLS,2026-09-18,2.6,13.999999999999991,36.00000000000001,104.3,3.5,D,2.6,D,2636.3,E,156.7,D,777.327789493165,25.049327581051053,0.3204819277108434,31.109940171176333,0.6597834917277696,29.055,0.38236073228840883,0,LOW
MEGHALAYA,SOUTH WEST KHASI HILLS,2026-09-19,3.5,17.499999999999993,22.9,81.80000000000001,12.5,LD,3.5,LD,2639.7,E,160.2,D,198.54531836404254,39.509072530517386,0.29483433734939757,19.061686117469506,0.3975874972576312,23.595,0.4026098207855037,1,MEDIUM
MEGHALAYA,SOUTH WEST KHASI HILLS,2026-09-20,0.9,6.999999999999993,22.9,70.50000000000001,19.3,LD,0.9,LD,2640.6,E,161.1,D,953.7520328068032,18.03964181662499,0.29483433734939757,21.91594770865086,0.8318584148226225,18.365,0.2699412961595056,0,LOW
MEGHALAYA,SOUTH WEST KHASI HILLS,2026-09-21,29.6,33.99999999999999,48.2,81.80000000000001,18.3,LE,25.9,LD,2622.3,E,190.6,D,673.6458208368413,10.12649082582842,0.34436746987951805,28.8299302943877,0.709207811082296,43.18,0.42141445832440083,1,MEDIUM
MEGHALAYA,WEST GARO HILLS,2026-08-19,0.8,0.8,0.8,0.8,12.8,LD,0.8,LD,398.0,LD,58.6,LD,995.5071640848764,44.28923318262551,0.251566265060241,22.529068293461652,0.6543367501508015,0.7999999999999999,0.2528520075535372,0,LOW
MEGHALAYA,WEST GARO HILLS,2026-08-20,0.1,0.9,0.9,0.9,11.8,LD,11.2,LD,398.1,LD,58.7,LD,532.5508794190644,32.06954517957654,0.2517620481927711,18.98863048943848,0.3837467944092686,0.62,0.19729945313283825,0,LOW
MEGHALAYA,WEST GARO HILLS,2026-08-21,4.3,5.2,5.2,5.2,11.2,LD,11.2,LD,398.0,LD,63.0,LD,691.6461176836019,39.027625277926255,0.26018072289156624,21.265102949565303,0.5578535029798694,4.885,0.26028394852625475,0,LOW
MEGHALAYA,WEST GARO HILLS,2026-08-22,0.7,5.1000000000000005,5.9,5.9,16.6,LD,11.2,LD,403.1,LD,63.7,LD,1586.0332340590585,35.08553089315695,0.2615512048192771,23.512258230369586,0.7435457447781999,3.88,0.2358798669675136,0,LOW
MEGHALAYA,WEST GARO HILLS,2026-08-23,0.3,5.3,6.2,6.2,17.4,LD,0.3,LD,403.4,LD,63.9,LD,1000.9768947162594,32.92969095956761,0.2621385542168675,25.550954522225737,0.7661561348393716,3.91,0.22662949046261394,0,LOW
MEGHALAYA,WEST GARO HILLS,2026-08-24,3.0,4.0,9.2,9.2,11.5,LD,11.2,LD,406.3,LD,66.9,LD,896.1893132652556,20.382562685236813,0.2680120481927711,21.895310492885898,0.5868580694807608,5.7299999999999995,0.1850014835516651,0,LOW
MEGHALAYA,WEST GARO HILLS,2026-08-25,1.0,4.3,10.2,10.2,11.8,LD,11.2,LD,398.0,LD,67.9,LD,1358.0688001698136,17.973599728145576,0.2699698795180723,22.332173629039563,0.5636763062315585,5.504999999999999,0.17308406454869685,0,LOW
MEGHALAYA,WEST GARO HILLS,2026-08-26,1.7,5.7,11.1,11.9,11.7,LD,11.0,LD,409.0,LD,69.6,LD,1941.0583250676182,33.67834383577896,0.27173192771084337,19.487041417624226,0.6686102969845843,6.58,0.25089164568451183,0,LOW
MEGHALAYA,WEST GARO HILLS,2026-08-27,0.1,2.8,11.1,12.0,14.7,LD,0.1,LD,421.2,LD,73.7,LD,978.2264930524952,33.668520327089205,0.27173192771084337,24.100904073095997,0.5669493065874838,5.31,0.24180285804424573,0,LOW
MEGHALAYA,WEST GARO HILLS,2026-08-28,0.8,2.6,7.6,12.8,9.2,LD,0.8,LD,409.7,LD,70.3,LD,1489.4227567618093,43.02353536196373,0.26487951807228916,18.73075597408229,0.5006086228393966,4.75,0.2780218179939921,0,LOW
MEGHALAYA,WEST GARO HILLS,2026-08-29,2.7,3.6000000000000005,9.6,15.5,12.1,LD,11.0,LD,412.5,LD,73.0,LD,2417.196432152032,27.74639271393289,0.26879518072289155,29.74794570783729,0.3012514068546332,6.57,0.22386884760153838,0,LOW
MEGHALAYA,WEST GARO HILLS,2026-08-30,0.1,3.6000000000000005,9.4,15.6,18.2,LD,11.0,LD,412.5,LD,73.1,LD,1328.851279589224,16.78484423150694,0.26840361445783134,27.705240194527125,0.32562980542934805,5.625,0.16834211149994996,0,LOW
MEGHALAYA,WEST GARO HILLS,2026-08-31,1.5,4.300000000000001,7.9,17.1,12.0,LD,11.0,LD,414.0,LD,74.6,LD,2279.004062467984,24.581151973219097,0.2654668674698795,21.97474280304113,0.7061652809204004,6.140000000000001,0.20607292480687417,0,LOW
MEGHALAYA,WEST GARO HILLS,2026-09-01,6.9,8.5,13.8,24.0,9.4,D,11.0,LD,409.0,LD,6.9,D,1994.497929428246,29.548552669036766,0.27701807228915665,27.702873399558413,0.26479843877456083,11.59,0.2692762072587628,0,LOW
MEGHALAYA,WEST GARO HILLS,2026-09-02,3.6,12.000000000000002,15.7,27.6,6.4,D,15.7,LD,424.5,LD,10.5,D,193.8607700428668,22.0691919830765,0.28073795180722894,15.118931010759342,0.2813830154785652,12.325,0.24201335868627047,0,LOW
MEGHALAYA,WEST GARO HILLS,2026-09-03,2.6,13.1,18.2,29.4,10.1,LD,15.7,LD,424.5,LD,13.1,D,1101.2922350996794,36.64532493438193,0.28563253012048195,20.856316784920743,0.7927861468518506,13.145,0.3136152485944553,0,LOW
MEGHALAYA,WEST GARO HILLS,2026-09-04,11.1,17.3,28.5,40.400000000000006,14.3,D,15.7,LD,438.2,LD,24.2,D,1760.880099278041,28.38452848863351,0.30579819277108433,22.485119518495406,0.6723982680728109,21.395000000000003,0.3396914489266854,0,LOW
MEGHALAYA,WEST GARO HILLS,2026-09-05,0.7,14.4,26.5,36.8,12.9,LD,15.7,LD,439.0,LD,24.9,D,2467.4441854980896,5.377429105106022,0.30188253012048194,22.986574628276855,0.2525276331484877,15.99,0.1981593329437904,0,LOW
MEGHALAYA,WEST GARO HILLS,2026-09-06,1.4,13.2,27.800000000000004,37.5,14.6,LD,1.4,LD,440.3,LD,26.3,LD,1173.0219133457058,27.79359552928034,0.3044277108433735,27.728435121075762,0.4372260246129236,16.365000000000002,0.30096658081221883,0,LOW
MEGHALAYA,WEST GARO HILLS,2026-09-07,0.2,2.3,26.500000000000004,37.4,11.3,LD,15.7,LD,440.5,LD,26.5,LD,277.3243626105116,30.344151437674437,0.30188253012048194,31.367726268549134,0.7079910763573268,12.879999999999999,0.2869726639083079,0,LOW
MEGHALAYA,WEST GARO HILLS,2026-09-08,9.3,10.9,28.9,43.7,16.5,D,9.3,D,449.8,LD,35.8,LD,1426.922478046526,41.610450061762826,0.3065813253012048,21.459951217527653,0.5005604799863534,19.76,0.38698523757240894,0,LOW
MEGHALAYA,WEST GARO HILLS,2026-09-09,7.2,16.7,32.5,49.9,15.1,D,32.5,LD,457.0,LD,43.0,LD,360.08129070370273,21.548866946567543,0.31362951807228917,20.960197441973868,0.531278693714867,22.305,0.3173581504454146,0,LOW
MEGHALAYA,WEST GARO HILLS,2026-09-10,1.7,18.2,31.6,49.900000000000006,11.3,LD,32.5,LD,457.0,LD,44.7,LD,1891.2229226845138,27.978706370854333,0.3118674698795181,25.378758851866735,0.5252794366276332,20.53,0.3329409927156523,0,LOW
MEGHALAYA,WEST GARO HILLS,2026-09-11,1.3,10.2,21.8,51.1,14.9,LD,32.5,LD,460.0,LD,46.0,LD,1293.8086437813558,23.999898028574957,0.29268072289156627,19.78131144125684,0.3712806419554244,16.12,0.2800113792500761,0,LOW
MEGHALAYA,WEST GARO HILLS,2026-09-12,7.7,10.7,28.800000000000004,58.00000000000001,12.0,D,7.7,D,467.8,LD,53.7,LD,1822.406852524352,26.266257138755414,0.3063855421686747,17.402955674858216,0.6828348627389564,21.270000000000003,0.32950411100868315,0,LOW
MEGHALAYA,WEST GARO HILLS,2026-09-13,5.8,14.8,33.2,61.1,12.5,D,32.5,LD,473.6,LD,59.6,LD,2179.936475852383,7.6921628267598585,0.315,31.346194798367378,0.3118037983128218,23.195,0.2623856066562363,0,LOW
MEGHALAYA,WEST GARO HILLS,2026-09-14,8.2,21.7,41.2,69.2,14.8,D,8.2,D,481.8,LD,67.8,LD,1590.922642048804,40.89134670132406,0.3306626506024096,28.762009265753377,0.5543506633280026,28.975,0.45423607891717566,1,MEDIUM
MEGHALAYA,WEST GARO HILLS,2026-09-15,0.2,14.2,32.1,67.9,22.6,LD,32.5,LD,457.0,LD,68.0,LD,1550.4763566702948,41.416493593265024,0.3128463855421687,31.294492401410174,0.35197349647561704,21.83,0.402119066647632,1,MEDIUM
MEGHALAYA,WEST GARO HILLS,2026-09-16,6.2,14.6,31.1,67.2,14.2,D,6.2,D,488.2,LD,74.1,LD,1898.6972238270966,26.922384393705308,0.31088855421686745,18.703158937626583,0.2779196857462936,23.675,0.3504495998128149,0,LOW
MEGHALAYA,WEST GARO HILLS,2026-09-17,9.5,15.9,38.9,73.1,16.7,D,31.2,LD,497.7,LD,83.6,LD,2114.014753559035,27.26222062883782,0.32615963855421687,15.3027566544844,0.335946330668301,27.989999999999995,0.3857462673499795,0,LOW
MEGHALAYA,WEST GARO HILLS,2026-09-18,8.3,24.0,45.9,78.80000000000001,8.2,N,8.3,N,506.0,LD,92.0,LD,2179.1817763786567,7.302241437758181,0.3398644578313253,22.43344678754781,0.7716009617870451,32.2,0.3297604544704476,0,LOW
MEGHALAYA,WEST GARO HILLS,2026-09-19,3.8,21.6,42.0,71.5,9.2,D,3.8,D,509.8,LD,95.8,LD,139.2539794230641,28.918020524790272,0.3322289156626506,30.871352370856883,0.3556885988682767,27.955,0.3940699582502198,0,LOW
MEGHALAYA,WEST GARO HILLS,2026-09-20,1.8,13.9,38.0,72.6,10.9,LD,1.8,LD,511.6,LD,97.6,LD,1412.6662271545838,22.1660715951665,0.3243975903614458,17.3515307608199,0.41702152540741033,24.494999999999997,0.33785240017684587,0,LOW
MEGHALAYA,WEST GARO HILLS,2026-09-21,1.3,6.9,31.1,72.5,12.5,LD,31.2,LD,488.2,LD,98.9,LD,579.859809004001,33.36174520937749,0.31088855421686745,16.992153888188174,0.33285687293224375,20.83,0.35880647095857426,0,LOW
MEGHALAYA,WEST JAINTIA HILLS,2026-08-19,6.2,6.2,6.2,6.2,22.8,LD,6.2,LD,729.6,LD,113.3,LD,2157.8474324153694,6.884996663822895,0.2621385542168675,16.172197332179316,0.6913270609946551,6.199999999999999,0.12718501186646958,0,LOW
MEGHALAYA,WEST JAINTIA HILLS,2026-08-20,0.1,6.3,6.3,6.3,23.4,LD,45.9,LD,729.7,LD,113.3,LD,1638.5743287482348,33.43550730917959,0.2623343373493976,28.00530598184357,0.517269500353901,4.13,0.23048359225198486,0,LOW
MEGHALAYA,WEST JAINTIA HILLS,2026-08-21,0.1,6.4,6.4,6.4,24.4,LD,45.9,LD,729.6,LD,113.4,LD,1079.5450736294736,16.475752953292556,0.2625301204819277,28.360751075170164,0.8161810231870426,4.195,0.15560900245398526,0,LOW
MEGHALAYA,WEST JAINTIA HILLS,2026-08-22,2.9,3.1,9.3,9.3,31.6,LD,45.9,LD,732.7,LD,116.3,LD,510.8553588973107,31.06821321812432,0.2682078313253012,26.82139294627889,0.6485947493487414,5.51,0.23096554782641504,0,LOW
MEGHALAYA,WEST JAINTIA HILLS,2026-08-23,12.0,15.0,21.3,21.3,39.9,LD,12.0,LD,744.7,LD,128.3,LD,880.6078835035748,30.08503901248492,0.29170180722891564,15.905961367079714,0.568833532292063,16.47,0.3093534188583865,0,LOW
MEGHALAYA,WEST JAINTIA HILLS,2026-08-24,5.0,19.9,26.3,26.3,50.0,LD,45.9,LD,749.7,LD,133.3,LD,1774.25535162355,14.0736593852893,0.3014909638554217,27.295901708858466,0.6439785589769007,17.245,0.24566922743302594,0,LOW
MEGHALAYA,WEST JAINTIA HILLS,2026-08-25,18.0,35.0,44.3,44.3,62.5,LD,45.9,LD,729.6,LD,151.3,LD,550.680885768515,22.61809380865067,0.33673192771084337,22.626689743848683,0.2742552299257985,32.769999999999996,0.401264027627259,1,MEDIUM
MEGHALAYA,WEST JAINTIA HILLS,2026-08-26,1.7,24.7,39.8,46.0,23.8,LD,39.7,LD,769.3,LD,153.0,LD,279.2782160790132,38.42533036213298,0.32792168674698796,17.684205172922283,0.8203961560772143,23.619999999999997,0.40458871249848133,1,MEDIUM
MEGHALAYA,WEST JAINTIA HILLS,2026-08-27,0.4,20.1,40.1,46.4,36.6,LD,0.4,LD,806.0,LD,162.6,LD,2225.6704576575,29.223665743790956,0.3285090361445783,20.017142178238235,0.8238577662503488,22.150000000000002,0.35334033804015713,0,LOW
MEGHALAYA,WEST JAINTIA HILLS,2026-08-28,1.8,3.899999999999997,41.8,48.2,17.5,LD,1.8,LD,771.6,LD,155.2,LD,1922.3153564712861,7.749532079136459,0.33183734939759035,23.519496278860338,0.41568392113331776,19.284999999999997,0.23816045341404368,0,LOW
MEGHALAYA,WEST JAINTIA HILLS,2026-08-29,10.3,12.499999999999996,49.2,58.5,17.2,D,39.7,LD,781.9,LD,165.5,LD,539.4975801124249,22.716353252833187,0.3463253012048193,20.604075028584578,0.6269772896458802,27.805,0.3682579475478363,0,LOW
MEGHALAYA,WEST JAINTIA HILLS,2026-08-30,6.3,18.399999999999995,43.50000000000001,64.8,25.4,LD,39.7,LD,788.1,LD,171.7,LD,766.1632814034796,17.470858351116682,0.33516566265060244,31.48573685460707,0.3711491464839248,27.4,0.339828239336976,0,LOW
MEGHALAYA,WEST JAINTIA HILLS,2026-08-31,7.1,23.7,45.6,71.9,22.1,LD,39.7,LD,795.2,LD,178.8,LD,2431.57193397067,30.66582715646531,0.33927710843373493,23.070609609022387,0.5784830767602753,30.595000000000002,0.4220500962536208,1,MEDIUM
MEGHALAYA,WEST JAINTIA HILLS,2026-09-01,4.9,18.299999999999997,32.5,76.8,24.8,LD,39.7,LD,769.3,LD,4.9,LD,1785.0519925598376,29.582557651810433,0.31362951807228917,21.326558674286442,0.712473543474636,25.935,0.3789168386844415,0,LOW
MEGHALAYA,WEST JAINTIA HILLS,2026-09-02,12.8,24.799999999999997,43.6,89.6,33.7,LD,43.6,LD,812.9,LD,17.7,LD,1545.7789103238706,5.415924060405621,0.33536144578313254,26.443812292456624,0.8138930348832353,35.019999999999996,0.34056067583685773,0,LOW
MEGHALAYA,WEST JAINTIA HILLS,2026-09-03,11.1,28.8,54.3,94.5,31.1,LD,43.6,LD,812.9,LD,28.9,LD,803.6897892891194,29.30782037673852,0.35631024096385544,26.05926596655055,0.4535301539594031,38.835,0.4781076342668947,1,MEDIUM
MEGHALAYA,WEST JAINTIA HILLS,2026-09-04,3.7,27.599999999999994,56.2,98.1,38.5,LD,43.6,LD,827.8,LD,32.6,LD,782.8566032079796,34.39398615939747,0.36003012048192773,15.041467766889546,0.6661031578256569,36.959999999999994,0.48810276445583867,1,MEDIUM
MEGHALAYA,WEST JAINTIA HILLS,2026-09-05,6.5,21.299999999999997,52.4,104.5,47.8,LD,43.6,LD,834.2,LD,39.0,LD,146.83286579106465,35.74920129606302,0.35259036144578315,25.514052871112632,0.6798562686083076,36.375,0.48847153461885906,1,MEDIUM
MEGHALAYA,WEST JAINTIA HILLS,2026-09-06,2.0,12.199999999999992,48.1,103.6,16.0,LD,2.0,LD,836.1,LD,40.9,LD,1834.7805739097319,7.359030815598446,0.34417168674698795,19.144072571073572,0.3826892806988447,31.314999999999998,0.3245711967581456,0,LOW
MEGHALAYA,WEST JAINTIA HILLS,2026-09-07,5.5,13.999999999999991,46.5,97.1,37.5,LD,43.6,LD,841.6,LD,46.4,LD,155.7793013893671,17.146336684394758,0.341039156626506,21.378971906994668,0.6274192788960353,31.614999999999995,0.36958047224404866,0,LOW
MEGHALAYA,WEST JAINTIA HILLS,2026-09-08,0.3,7.799999999999993,41.9,92.4,36.9,LD,0.3,LD,841.9,LD,46.7,LD,61.90047755433364,21.850942422060953,0.3320331325301205,27.007931142492353,0.643252773512666,26.39,0.3514754044331786,0,LOW
MEGHALAYA,WEST JAINTIA HILLS,2026-09-09,2.8,8.599999999999993,31.9,77.2,28.2,LD,31.8,LD,844.7,LD,49.5,LD,1837.262965259399,12.190868311796471,0.31245481927710844,24.475565757181826,0.7084456638076205,22.684999999999995,0.27823852177572705,0,LOW
MEGHALAYA,WEST JAINTIA HILLS,2026-09-10,0.1,3.1999999999999926,20.9,75.6,14.0,LD,31.8,LD,844.7,LD,49.6,LD,2374.740705015357,21.829354846600392,0.2909186746987952,21.267137450636646,0.8499683544727201,17.399999999999995,0.2791284601037914,0,LOW
MEGHALAYA,WEST JAINTIA HILLS,2026-09-11,0.1,2.999999999999993,17.299999999999997,75.3,21.1,LD,31.8,LD,845.0,LD,49.8,LD,1903.4324669319108,7.8451814330236935,0.28387048192771086,17.84597598123111,0.27413942165588834,16.404999999999998,0.20848040273221444,0,LOW
MEGHALAYA,WEST JAINTIA HILLS,2026-09-12,5.3,5.499999999999993,16.099999999999998,78.8,22.9,LD,5.3,LD,850.3,LD,55.1,LD,1205.5184670297278,9.528691320282064,0.2815210843373494,23.593197183211807,0.37138302620653485,19.074999999999996,0.23450892378634264,0,LOW
MEGHALAYA,WEST JAINTIA HILLS,2026-09-13,4.6,9.999999999999991,18.7,73.1,35.0,LD,31.8,LD,854.9,LD,59.7,LD,1240.810861424139,31.747790513736778,0.2866114457831325,20.429222399622454,0.3370470591518444,19.749999999999993,0.3390859977559448,0,LOW
MEGHALAYA,WEST JAINTIA HILLS,2026-09-14,13.7,23.599999999999994,26.9,80.5,19.3,D,13.7,D,868.5,LD,73.3,LD,1118.534235490308,15.5028984464062,0.3026656626506024,30.519772742937278,0.34266043145242153,29.494999999999994,0.3395026503404512,0,LOW
MEGHALAYA,WEST JAINTIA HILLS,2026-09-15,3.1,21.39999999999999,29.7,76.5,29.4,LD,31.8,LD,844.7,LD,76.5,LD,845.3769844203175,33.4562338991829,0.3081475903614458,24.083892884913862,0.522549196373179,25.334999999999997,0.39076350338878535,0,LOW
MEGHALAYA,WEST JAINTIA HILLS,2026-09-16,0.8,17.59999999999999,27.7,72.4,11.8,LD,0.8,LD,872.5,LD,77.3,LD,1328.1998247553086,6.924341120666719,0.3042319277108434,29.721387900897014,0.7771219339677624,22.464999999999996,0.2516202834484191,0,LOW
MEGHALAYA,WEST JAINTIA HILLS,2026-09-17,1.7,5.5999999999999925,29.3,61.3,25.1,LD,27.8,LD,874.2,LD,79.0,LD,1106.319844995732,27.508122121740115,0.3073644578313253,21.633077484219694,0.519233961440653,18.514999999999997,0.3155977771029662,0,LOW
MEGHALAYA,WEST JAINTIA HILLS,2026-09-18,0.1,2.599999999999993,29.3,50.3,24.3,LD,0.1,LD,874.3,LD,79.1,LD,1515.511306099898,20.65794654347361,0.3073644578313253,29.066431784395327,0.651088238700648,15.554999999999996,0.26407099506589204,0,LOW
MEGHALAYA,WEST JAINTIA HILLS,2026-09-19,1.3,3.099999999999993,25.3,47.900000000000006,28.8,LD,1.3,LD,875.6,LD,80.4,LD,2250.3941972276816,36.87885567661861,0.2995331325301205,15.961127336925337,0.47589948551813144,14.739999999999998,0.3287931090962636,0,LOW
MEGHALAYA,WEST JAINTIA HILLS,2026-09-20,2.5,3.899999999999993,23.2,43.900000000000006,16.2,LD,2.5,LD,878.1,LD,82.9,LD,2487.7730724433354,36.358063208222475,0.29542168674698793,20.068023434656254,0.44179798918666907,14.235,0.3220595021492609,0,LOW
MEGHALAYA,WEST JAINTIA HILLS,2026-09-21,8.0,11.799999999999994,17.5,49.900000000000006,10.3,D,27.8,LD,872.5,LD,90.9,LD,242.92106021314694,20.022385698300326,0.28426204819277107,16.32899086175989,0.7505411108974254,17.61,0.2712618118308863,0,LOW
MEGHALAYA,WEST KHASI HILLS,2026-08-19,10.2,10.2,10.2,10.2,12.6,N,10.2,N,582.7,LD,105.0,LD,992.4745080202864,29.908560563508573,0.2699698795180723,15.538053072152856,0.6433285060710517,10.199999999999998,0.25956681846330265,0,LOW
MEGHALAYA,WEST KHASI HILLS,2026-08-20,1.7,11.9,11.9,11.9,20.8,LD,36.5,LD,584.4,LD,106.7,LD,492.7301796286832,14.101954752779523,0.27329819277108436,30.620658170493023,0.46053717284952156,8.33,0.17666248350054387,0,LOW
MEGHALAYA,WEST KHASI HILLS,2026-08-21,14.4,26.3,26.3,26.3,31.9,D,36.5,LD,582.7,LD,121.1,LD,912.6951611175575,28.216273447216807,0.3014909638554217,27.186768654794555,0.7984961567482989,22.135,0.3433525922706733,0,LOW
MEGHALAYA,WEST KHASI HILLS,2026-08-22,30.6,46.7,56.9,56.9,23.8,E,36.5,LD,629.4,LD,151.7,LD,754.3088954436364,8.250587757900899,0.36140060240963856,25.626871095964,0.5491069390705868,45.144999999999996,0.4304787581273953,1,MEDIUM
MEGHALAYA,WEST KHASI HILLS,2026-08-23,8.3,53.3,65.2,65.2,20.1,D,8.3,D,637.7,LD,160.0,LD,477.61597248563135,22.384171364744404,0.37765060240963855,24.05237776000116,0.3629648483795731,42.31,0.47635339648887215,1,MEDIUM
MEGHALAYA,WEST KHASI HILLS,2026-08-24,7.3,46.2,72.5,72.5,30.2,LD,36.5,LD,645.0,LD,167.3,LD,1921.9863308821616,12.309107261524366,0.39194277108433734,24.682418615686313,0.5399331174806087,43.105000000000004,0.4400958749785093,1,MEDIUM
MEGHALAYA,WEST KHASI HILLS,2026-08-25,21.2,36.8,93.7,93.7,17.7,E,36.5,LD,582.7,LD,188.6,LD,1265.9074199316278,40.335247283660905,0.4334487951807229,25.85773648356971,0.6548196627600855,54.1,0.651265716275941,1,MEDIUM
MEGHALAYA,WEST KHASI HILLS,2026-08-26,0.9,29.399999999999995,84.39999999999999,94.6,21.5,LD,84.4,D,667.2,LD,189.5,LD,2302.151676432203,22.79603271867327,0.41524096385542164,29.051856510581757,0.47026755355369737,42.955,0.49029574896238004,1,MEDIUM
MEGHALAYA,WEST KHASI HILLS,2026-08-27,9.5,31.599999999999994,92.2,104.1,15.3,D,9.5,D,719.4,LD,201.6,LD,129.85148595518552,28.630949945501392,0.4305120481927711,25.14710544852398,0.7562708417652361,49.89,0.5686750257055747,1,MEDIUM
MEGHALAYA,WEST KHASI HILLS,2026-08-28,4.6,14.999999999999996,82.4,108.7,12.6,LD,4.6,LD,682.9,LD,205.2,LD,214.0961321733753,19.415274413200414,0.4113253012048193,27.725872972885,0.5698863883636605,42.265,0.4695727420381882,1,MEDIUM
MEGHALAYA,WEST KHASI HILLS,2026-08-29,19.2,33.3,71.0,127.9,14.1,E,84.4,D,702.0,LD,224.4,D,1038.020278179343,16.549641409592116,0.3890060240963855,19.776626881105493,0.5306588679606798,51.980000000000004,0.5215644050125224,1,MEDIUM
MEGHALAYA,WEST KHASI HILLS,2026-08-30,3.8,27.599999999999994,66.5,131.7,10.5,LD,84.4,D,705.9,LD,228.2,D,246.67943498989095,13.116791322461342,0.3801957831325301,31.604949542880025,0.7652268539582312,44.61,0.4520550166409806,1,MEDIUM
MEGHALAYA,WEST KHASI HILLS,2026-08-31,5.7,28.699999999999992,64.9,137.4,10.8,D,84.4,D,711.5,LD,233.9,D,693.687511216342,41.47486330668079,0.37706325301204824,15.542252543429491,0.5277506838796917,46.004999999999995,0.5873997821686777,1,MEDIUM
MEGHALAYA,WEST KHASI HILLS,2026-09-01,6.6,16.099999999999994,50.3,144.0,25.6,LD,84.4,D,667.2,LD,6.6,LD,2465.772870537728,36.97863129707811,0.3484789156626506,21.571802119714363,0.4986460851104899,40.50999999999999,0.522563459613307,1,MEDIUM
MEGHALAYA,WEST KHASI HILLS,2026-09-02,7.3,19.599999999999994,56.7,151.3,22.6,LD,58.3,D,725.5,LD,13.9,LD,561.9510383373045,10.330445777241234,0.3610090361445783,29.994842375562968,0.31222983720009756,44.325,0.4338040971650525,1,MEDIUM
MEGHALAYA,WEST KHASI HILLS,2026-09-03,10.6,24.5,57.8,151.70000000000002,16.3,D,58.3,D,725.5,LD,24.6,LD,535.3884664596222,34.86899505167193,0.36316265060240965,18.068890365665233,0.4674951273141791,47.04,0.5626316701079986,1,MEDIUM
MEGHALAYA,WEST KHASI HILLS,2026-09-04,6.0,23.9,59.2,156.0,9.9,D,58.3,D,742.1,LD,30.6,D,1455.4196385494872,21.74123108146613,0.3659036144578313,17.402747579872184,0.488228980337849,46.275,0.4993858022295834,1,MEDIUM
MEGHALAYA,WEST KHASI HILLS,2026-09-05,3.5,20.1,43.5,145.1,14.4,LD,58.3,D,745.7,LD,34.1,LD,1270.0958124432339,5.615866198422794,0.33516566265060244,21.21232303729853,0.3583733915346939,38.89,0.36897286260287704,0,LOW
MEGHALAYA,WEST KHASI HILLS,2026-09-06,2.2,11.699999999999996,41.900000000000006,116.7,18.8,LD,2.2,LD,747.9,LD,36.3,LD,1472.0738281469698,26.13469281504888,0.3320331325301205,22.279309908786068,0.6026939210279005,31.674999999999997,0.40815484575741534,1,MEDIUM
MEGHALAYA,WEST KHASI HILLS,2026-09-07,1.1,6.799999999999997,37.3,109.5,19.9,LD,58.3,D,749.0,LD,37.4,LD,973.0014316109393,10.201857603394643,0.32302710843373494,30.867699031249373,0.33630524233020864,27.835,0.3081919927609831,0,LOW
MEGHALAYA,WEST KHASI HILLS,2026-09-08,0.8,4.099999999999997,31.5,103.0,15.0,LD,0.8,LD,749.8,LD,38.2,LD,2075.5677817426204,13.397372523743787,0.311671686746988,29.214032090049958,0.3842138731623346,24.63,0.2972967135228716,0,LOW
MEGHALAYA,WEST KHASI HILLS,2026-09-09,11.5,13.399999999999997,35.7,93.3,15.3,D,35.8,LD,761.3,LD,49.8,LD,389.52235103403393,32.84163845696372,0.319894578313253,22.88952384073874,0.5866551914350844,30.294999999999995,0.4257072183608348,1,MEDIUM
MEGHALAYA,WEST KHASI HILLS,2026-09-10,12.5,24.8,37.6,104.9,13.5,N,35.8,LD,761.3,LD,62.3,LD,1099.5619823115908,15.285681485647844,0.3236144578313253,31.54057671498725,0.4113901388348422,35.71,0.38699114872843154,0,LOW
MEGHALAYA,WEST KHASI HILLS,2026-09-11,11.9,35.9,43.5,107.3,11.7,N,35.8,LD,785.7,LD,74.2,LD,1739.9165286880134,40.675528073672666,0.33516566265060244,25.918732870704094,0.633800986077012,40.11,0.5334826022641854,1,MEDIUM
MEGHALAYA,WEST KHASI HILLS,2026-09-12,12.4,36.8,52.4,115.1,19.1,D,12.4,D,798.1,LD,86.6,D,2177.179278693104,31.286790336966796,0.35259036144578315,29.852198443692153,0.6643078797524227,43.905,0.5222683693381405,1,MEDIUM
MEGHALAYA,WEST KHASI HILLS,2026-09-13,0.5,24.8,50.7,96.4,18.0,LD,35.8,LD,798.6,LD,87.1,LD,955.4504355740563,38.29133939643236,0.34926204819277107,19.182968668276033,0.4307742463639902,33.510000000000005,0.478699310313869,1,MEDIUM
MEGHALAYA,WEST KHASI HILLS,2026-09-14,2.0,14.899999999999997,51.6,94.6,17.8,LD,2.0,LD,800.6,LD,89.1,LD,1440.9767177796944,29.607581533207362,0.35102409638554216,23.312389263099707,0.302432608898032,31.515,0.42624855586323995,1,MEDIUM
MEGHALAYA,WEST KHASI HILLS,2026-09-15,10.1,12.599999999999996,60.9,99.0,7.1,E,35.8,LD,761.3,LD,99.2,LD,219.39286526779068,39.753983640880634,0.36923192771084334,15.505192627059365,0.543671100297351,36.76,0.5123409073868698,1,MEDIUM
MEGHALAYA,WEST KHASI HILLS,2026-09-16,1.7,13.799999999999995,51.1,94.1,11.5,LD,1.7,LD,812.4,LD,100.8,LD,467.28176587398093,19.467387000886006,0.3500451807228916,15.150963285529631,0.3057390520550903,30.935,0.37685439579960656,0,LOW
MEGHALAYA,WEST KHASI HILLS,2026-09-17,5.1,16.899999999999995,43.7,91.9,11.6,D,51.1,D,817.5,LD,106.0,LD,219.38849804198048,26.96562307542319,0.33555722891566264,26.992704755970898,0.5591414089143208,30.72,0.40575103734343687,1,MEDIUM
MEGHALAYA,WEST KHASI HILLS,2026-09-18,0.9,7.699999999999997,32.7,82.2,9.9,LD,0.9,LD,818.4,LD,106.8,LD,1833.3081853963786,25.63561601777334,0.31402108433734943,17.010991581915214,0.685730705277376,22.744999999999997,0.3387335378996312,0,LOW
MEGHALAYA,WEST KHASI HILLS,2026-09-19,0.3,6.299999999999996,20.6,76.49999999999999,9.5,LD,0.3,LD,818.7,LD,107.1,LD,755.7469233692447,41.15162832311882,0.2903313253012048,24.3127400308839,0.622197874882482,18.304999999999996,0.3713333049156587,0,LOW
MEGHALAYA,WEST KHASI HILLS,2026-09-20,1.5,2.6999999999999966,21.6,74.5,11.5,LD,1.5,LD,820.2,LD,108.6,LD,1823.1759609700025,11.596616344344541,0.292289156626506,26.832127197570337,0.5189605847272105,17.775,0.2365945240957163,0,LOW
MEGHALAYA,WEST KHASI HILLS,2026-09-21,9.9,11.699999999999998,29.5,82.2,15.8,D,51.1,D,812.4,LD,118.5,LD,212.67578365602267,28.122430527467696,0.3077560240963855,15.547987965903868,0.8175151287385285,26.095,0.37239222963814594,0,LOW
MIZORAM,AIZAWL,2026-08-19,5.2,5.2,5.2,5.2,15.6,LD,5.2,LD,872.1,N,199.3,D,2163.2421110003975,35.177247769079216,0.26018072289156624,22.628603785476592,0.3110483398493023,5.2,0.24541463612916237,0,LOW
MIZORAM,AIZAWL,2026-08-20,6.5,11.7,11.7,11.7,19.1,LD,68.5,D,878.6,D,205.8,D,2097.0489853721747,19.801990421346414,0.2729066265060241,26.630582928759274,0.7780009041471587,9.879999999999999,0.21295699107046656,0,LOW
MIZORAM,AIZAWL,2026-08-21,15.5,27.2,27.2,27.2,15.8,N,68.5,D,872.1,N,221.3,D,267.87542047319243,39.70326098463906,0.30325301204819277,30.12542679353245,0.7300773235847218,23.104999999999997,0.4016667631396221,1,MEDIUM
MIZORAM,AIZAWL,2026-08-22,8.2,30.2,35.4,35.4,13.5,D,68.5,D,902.3,D,229.5,D,108.20344082010698,19.920590683109364,0.31930722891566266,20.086911710228158,0.5018431482187506,24.58,0.3274597952790064,0,LOW
MIZORAM,AIZAWL,2026-08-23,18.5,42.2,53.9,53.9,15.0,E,18.5,E,920.8,D,248.0,D,187.90759180587838,11.932350395836643,0.3555271084337349,31.561681004633613,0.34172030314042867,38.585,0.3989461598051823,0,LOW
MIZORAM,AIZAWL,2026-08-24,10.1,36.8,64.0,64.0,15.2,D,68.5,D,930.9,D,258.1,D,2141.393924209498,28.36193421620127,0.3753012048192771,29.357205494214856,0.34352007146658475,38.335,0.474140814687787,1,MEDIUM
MIZORAM,AIZAWL,2026-08-25,5.7,34.3,69.7,69.7,18.3,LD,68.5,D,872.1,N,263.8,D,625.0235481771446,21.8227204014925,0.38646084337349396,26.060796225391524,0.8030834564456784,38.449999999999996,0.448128616876364,1,MEDIUM
MIZORAM,AIZAWL,2026-08-26,8.0,23.8,72.5,77.7,18.7,D,72.5,D,944.6,D,271.8,D,1393.2696287525623,5.607604187280182,0.39194277108433734,21.66273362318423,0.3902227985669561,38.53,0.37772759106168224,0,LOW
MIZORAM,AIZAWL,2026-08-27,27.0,40.7,93.0,104.7,10.7,LE,27.0,LE,963.5,D,298.3,D,1094.298297791139,7.793543699740129,0.43207831325301205,27.088876395391473,0.7744694247926972,58.58,0.5382690479599654,1,MEDIUM
MIZORAM,AIZAWL,2026-08-28,34.9,69.9,112.4,139.6,11.7,LE,34.9,LE,1007.2,N,334.4,N,1999.0375392600752,12.8110872082636,0.47006024096385546,28.875285574196006,0.5519771319581733,78.72999999999999,0.7116769033876366,2,HIGH
MIZORAM,AIZAWL,2026-08-29,18.0,79.9,122.2,157.6,10.8,LE,72.5,D,1025.2,N,352.4,N,1247.800838603143,35.77319838072609,0.48924698795180727,20.156097873071474,0.52704078203642,80.465,0.8299250065088298,2,HIGH
MIZORAM,AIZAWL,2026-08-30,21.8,74.7,125.5,179.4,10.0,LE,72.5,D,1047.0,N,374.2,N,1276.6190596201109,40.68158064134993,0.49570783132530116,31.8781111034195,0.6217067605502924,84.59,0.8799485913377266,2,HIGH
MIZORAM,AIZAWL,2026-08-31,12.0,51.80000000000001,127.4,191.4,11.6,N,72.5,D,1058.9,N,386.2,N,2473.275251774761,26.825634960568898,0.4994277108433735,30.446529285828863,0.3790234497359397,77.71000000000001,0.7725726855904878,2,HIGH
MIZORAM,AIZAWL,2026-09-01,20.4,54.2,142.1,211.8,11.6,LE,72.5,D,944.6,D,20.4,LE,417.8174140356799,9.222618500564938,0.5282078313253011,23.253524485829686,0.5070224044358164,87.985,0.7466309818231266,2,HIGH
MIZORAM,AIZAWL,2026-09-02,17.6,50.000000000000014,151.7,229.4,11.0,LE,152.3,LE,1096.9,N,38.0,LE,2085.224649927532,26.37675808967384,0.5470030120481928,27.28810856818172,0.8130906632829579,90.995,0.8266306383637445,2,HIGH
MIZORAM,AIZAWL,2026-09-03,12.2,50.20000000000001,136.89999999999998,236.4,12.9,N,152.3,LE,1096.9,N,50.1,E,176.78687672951773,39.2242184238778,0.5180271084337349,23.908151208519293,0.3929541573872499,86.505,0.8779352813484261,2,HIGH
MIZORAM,AIZAWL,2026-09-04,10.3,40.10000000000001,112.3,240.2,17.7,D,152.3,LE,1119.4,N,60.4,N,1220.2394854537783,34.97910516490359,0.4698644578313253,27.935819387349447,0.802950135327851,77.73499999999999,0.8030757340336223,2,HIGH
MIZORAM,AIZAWL,2026-09-05,1.0,23.500000000000007,95.3,225.7,16.9,LD,152.3,LE,1120.3,N,61.4,N,2221.5203186359076,16.643926547895,0.43658132530120486,29.058697465925682,0.8465258179655072,63.905,0.6164301218477404,1,MEDIUM
MIZORAM,AIZAWL,2026-09-06,18.6,29.90000000000001,92.1,236.1,15.9,N,18.6,N,1138.9,N,80.0,N,1679.774215730097,9.955624371534313,0.43031626506024095,15.394783437669723,0.28114431284529806,72.42500000000001,0.6461320209049727,1,MEDIUM
MIZORAM,AIZAWL,2026-09-07,8.7,28.300000000000008,88.80000000000001,226.3,12.7,D,152.3,LE,1147.6,N,88.6,N,1728.7758174470257,41.02726799048972,0.42385542168674706,16.345244504911037,0.5688274735548229,66.26500000000001,0.7390636161504613,2,HIGH
MIZORAM,AIZAWL,2026-09-08,32.2,59.500000000000014,100.6,248.4,14.2,LE,32.2,LE,1179.7,N,120.8,N,695.1273415283896,39.16354986528844,0.4469578313253012,20.71994606990436,0.35309157981621314,88.555,0.8634517878885645,2,HIGH
MIZORAM,AIZAWL,2026-09-09,53.7,94.60000000000002,136.70000000000002,296.40000000000003,11.3,LE,136.5,E,1233.4,N,174.5,E,1075.508238835563,7.148614605809032,0.5176355421686747,30.599431754749943,0.6230285535740063,121.08000000000001,0.7352987289039973,2,HIGH
MIZORAM,AIZAWL,2026-09-10,2.8,88.70000000000002,127.3,291.2,11.0,LD,136.5,E,1233.4,N,177.3,E,948.1236055726738,37.94697959298257,0.49923192771084335,21.770650913437624,0.8437255859289253,98.66,0.8684996281776467,2,HIGH
MIZORAM,AIZAWL,2026-09-11,13.4,69.9,130.4,277.6,9.8,E,136.5,E,1249.7,N,190.8,E,1327.5358648870858,8.888505511397579,0.5053012048192771,30.087707658432713,0.7881285372509235,96.405,0.7405647099034003,2,HIGH
MIZORAM,AIZAWL,2026-09-12,15.8,32.00000000000001,145.20000000000002,258.5,11.2,E,15.8,E,1265.5,N,206.5,E,1182.458428851987,7.531345336081481,0.534277108433735,22.8613765147398,0.8049090769638121,88.605,0.7403280676248869,2,HIGH
MIZORAM,AIZAWL,2026-09-13,14.0,43.2,140.6,254.5,10.8,E,136.5,E,1279.4,N,220.5,E,850.900962098624,35.344035885850374,0.5252710843373494,19.910499645296746,0.3780098879872596,89.02499999999999,0.8621388208045826,2,HIGH
MIZORAM,AIZAWL,2026-09-14,1.7,31.500000000000007,133.60000000000002,234.4,15.8,LD,1.7,LD,1281.1,N,222.2,E,798.4275003093667,26.45242487699832,0.511566265060241,30.31096811206242,0.5753917593335809,77.03,0.7684986245032004,2,HIGH
MIZORAM,AIZAWL,2026-09-15,1.8,17.500000000000007,103.2,224.2,17.4,LD,136.5,E,1233.4,N,224.0,N,664.5895845550492,21.581920963612756,0.4520481927710843,24.531403071617518,0.39089860983697033,64.435,0.645244875479801,1,MEDIUM
MIZORAM,AIZAWL,2026-09-16,17.2,20.700000000000006,66.7,221.00000000000003,11.9,E,17.2,E,1300.2,N,241.2,N,944.3657548676581,41.154487839040875,0.38058734939759037,21.128233015510702,0.7896548245465908,61.02000000000001,0.6936197584617245,1,MEDIUM
MIZORAM,AIZAWL,2026-09-17,2.7,21.700000000000006,66.60000000000001,206.1,12.2,LD,66.8,D,1302.9,N,244.0,N,417.3566209384486,38.57214288271015,0.38039156626506027,15.754919061672886,0.36469239584454793,53.935,0.6316430965595854,1,MEDIUM
MIZORAM,AIZAWL,2026-09-18,0.5,20.40000000000001,53.7,194.4,10.4,LD,0.5,LD,1303.5,N,244.5,N,2186.6555399087556,7.304938861882264,0.3551355421686747,16.885863251619806,0.3423753474455199,47.86,0.4443594931508076,1,MEDIUM
MIZORAM,AIZAWL,2026-09-19,0.0,3.2000000000000077,37.9,184.1,13.9,NR,0.0,NR,1303.5,N,244.5,N,1525.192509991897,29.643489677646894,0.3242018072289157,17.368275569906018,0.25729757902841127,37.89,0.4664473814861495,1,MEDIUM
MIZORAM,AIZAWL,2026-09-20,16.9,17.400000000000006,40.8,200.0,15.2,N,16.9,N,1320.4,N,261.5,N,377.77674270494583,35.89069612829833,0.32987951807228916,21.202216936980307,0.359168716051973,50.465,0.5849092932094396,1,MEDIUM
MIZORAM,AIZAWL,2026-09-21,0.0,16.900000000000006,39.1,181.4,11.1,NR,66.8,D,1300.2,N,261.5,N,1749.9553688120534,27.019623190998082,0.32655120481927713,25.324660247653846,0.36385770811271967,41.21,0.4789011625978692,1,MEDIUM
MIZORAM,CHAMPHAI,2026-08-19,5.2,5.2,5.2,5.2,11.4,D,5.2,D,764.2,N,193.1,N,2126.7828465950342,44.320219963047535,0.26018072289156624,20.229031945172807,0.296494112515367,5.2,0.2860500681023549,0,LOW
MIZORAM,CHAMPHAI,2026-08-20,6.2,11.4,11.4,11.4,11.8,D,32.6,LD,770.3,N,199.2,N,631.9623965280343,32.44190018590193,0.27231927710843373,16.113969774001603,0.7706446620478953,9.579999999999998,0.26688025360695716,0,LOW
MIZORAM,CHAMPHAI,2026-08-21,10.8,22.200000000000003,22.200000000000003,22.200000000000003,12.6,N,32.6,LD,764.2,N,210.0,N,418.9714561262966,9.165720507881012,0.29346385542168674,19.501748534394675,0.7179986852176744,18.21,0.2291236166166153,0,LOW
MIZORAM,CHAMPHAI,2026-08-22,6.4,23.4,28.6,28.6,10.5,D,32.6,LD,787.5,N,216.4,N,71.11227997769254,12.931920479998137,0.30599397590361443,21.947588065293374,0.4026888984083541,19.53,0.2577695422432801,0,LOW
MIZORAM,CHAMPHAI,2026-08-23,0.0,17.200000000000003,28.6,28.6,11.1,NR,0.0,NR,787.5,N,216.4,D,165.76333019838853,38.04982484797848,0.30599397590361443,31.868588787429594,0.7199546219867216,15.740000000000002,0.34241173291705906,0,LOW
MIZORAM,CHAMPHAI,2026-08-24,4.7,11.1,33.300000000000004,33.300000000000004,12.0,LD,32.6,LD,792.2,N,221.1,D,1917.5158033436035,44.870266925772,0.31519578313253016,21.680777380765957,0.503298728078079,17.740000000000002,0.388809465699808,0,LOW
MIZORAM,CHAMPHAI,2026-08-25,2.2,6.9,35.5,35.5,12.5,LD,32.6,LD,764.2,N,223.3,D,2468.60651350215,8.933570674895588,0.31950301204819276,16.516322118706547,0.7153121856089106,16.695,0.22250961711391237,0,LOW
MIZORAM,CHAMPHAI,2026-08-26,0.0,6.9,30.300000000000004,35.5,12.9,NR,30.3,LD,794.5,D,223.3,D,159.95679006687766,9.013172713801936,0.3093222891566265,24.878951846056868,0.44380459110110415,14.625,0.20608441359927346,0,LOW
MIZORAM,CHAMPHAI,2026-08-27,6.7,8.9,30.8,42.2,10.6,D,6.7,D,798.7,D,230.1,D,1882.773849745737,35.53548216573134,0.31030120481927714,30.633881234646925,0.5887925358927262,18.6,0.35246766480764435,0,LOW
MIZORAM,CHAMPHAI,2026-08-28,12.6,19.3,32.599999999999994,54.8,11.4,N,12.6,N,813.6,N,242.5,D,226.06230631035214,7.5741712686615825,0.3138253012048193,28.37382688064975,0.47896632517250115,25.604999999999997,0.2787906359722907,0,LOW
MIZORAM,CHAMPHAI,2026-08-29,0.7,20.0,26.9,55.5,8.7,LD,30.3,LD,814.3,D,243.1,D,1500.7254210139836,7.742404642593899,0.3026656626506024,29.21571125618302,0.3626054902140815,20.294999999999998,0.23948780776391035,0,LOW
MIZORAM,CHAMPHAI,2026-08-30,0.3,13.6,27.2,55.8,7.5,LD,30.3,LD,814.6,D,243.5,D,1902.3844419491827,40.5526593203865,0.30325301204819277,30.77994053373962,0.6013797304012005,18.674999999999997,0.3738907524640655,0,LOW
MIZORAM,CHAMPHAI,2026-08-31,8.7,9.699999999999998,31.2,64.5,8.7,N,30.3,LD,823.3,D,252.2,D,930.0507733059573,37.01799249273804,0.3110843373493976,25.821239557554144,0.7004984799867107,22.945,0.39015895793433897,0,LOW
MIZORAM,CHAMPHAI,2026-09-01,2.9,11.9,31.9,67.4,7.5,LD,30.3,LD,794.5,D,2.9,LD,76.79006672112615,40.262527994575294,0.31245481927710844,31.913686421109478,0.7018642747564893,22.075000000000003,0.3986569435913118,0,LOW
MIZORAM,CHAMPHAI,2026-09-02,14.6,26.2,46.5,82.0,8.7,LE,46.3,D,840.8,D,17.5,N,1508.2139127072935,31.020536085310148,0.341039156626506,15.565786687954065,0.4637736509915461,35.585,0.45951850713234915,1,MEDIUM
MIZORAM,CHAMPHAI,2026-09-03,7.4,24.9,47.2,84.2,7.9,N,46.3,D,840.8,D,24.9,N,2478.549338943068,17.901456877554338,0.34240963855421686,29.19227449444056,0.5612270610434968,33.245000000000005,0.3848197591570307,0,LOW
MIZORAM,CHAMPHAI,2026-09-04,6.6,28.6,41.2,84.6,9.3,D,46.3,D,854.8,D,31.5,N,681.1626859543146,41.25252761331164,0.3306626506024096,29.56918138187845,0.7082671591510518,32.45,0.48059079073435973,1,MEDIUM
MIZORAM,CHAMPHAI,2026-09-05,2.8,16.799999999999997,43.3,76.6,12.7,LD,46.3,D,857.6,D,34.2,D,514.2536291086788,16.94894099897727,0.3347740963855422,30.583906642953405,0.2826985567135545,27.494999999999997,0.33810689744098266,0,LOW
MIZORAM,CHAMPHAI,2026-09-06,7.6,16.999999999999996,50.6,77.8,13.2,D,7.6,D,865.2,D,41.9,D,353.6184372461116,16.020433578193973,0.34906626506024097,23.128880779809435,0.2931329999805162,31.229999999999997,0.36343985325409406,0,LOW
MIZORAM,CHAMPHAI,2026-09-07,9.7,20.099999999999994,51.6,87.5,10.4,N,46.3,D,874.8,D,51.5,D,1410.3762687551375,40.45601676771085,0.35102409638554216,28.391850701550197,0.47573364398324636,34.445,0.4953317163853881,1,MEDIUM
MIZORAM,CHAMPHAI,2026-09-08,12.7,29.999999999999996,61.4,95.5,12.0,N,12.7,N,887.5,D,64.2,D,1511.2904934326698,32.23290369972831,0.37021084337349397,18.316366785060055,0.38408296061738006,41.62,0.5137233064673796,1,MEDIUM
MIZORAM,CHAMPHAI,2026-09-09,33.3,55.69999999999999,80.1,126.6,12.8,LE,80.0,N,920.8,N,97.5,N,1991.0635510674858,40.82688338836971,0.4068222891566265,25.253213828029644,0.4747876117301322,64.59499999999998,0.7228724047240153,2,HIGH
MIZORAM,CHAMPHAI,2026-09-10,3.1,49.09999999999999,75.79999999999998,129.7,9.3,LD,80.0,N,920.8,N,100.6,N,1895.0295203702487,11.236051570158896,0.3984036144578313,21.096967590178842,0.30625184791577414,51.764999999999986,0.49829670648355245,1,MEDIUM
MIZORAM,CHAMPHAI,2026-09-11,1.4,37.79999999999999,70.6,124.4,8.4,LD,80.0,N,925.2,N,101.9,N,2236.7266622479633,43.09187191062526,0.38822289156626505,25.134952061253585,0.6052048184051725,46.25,0.5985633409768095,1,MEDIUM
MIZORAM,CHAMPHAI,2026-09-12,0.9,5.399999999999993,68.7,112.7,8.7,LD,0.9,LD,926.2,D,102.8,N,2024.1431109386383,29.509686268013084,0.3845030120481928,26.484528621691105,0.6530443035966127,35.745000000000005,0.4626359337746636,1,MEDIUM
MIZORAM,CHAMPHAI,2026-09-13,2.8,5.0999999999999925,63.9,114.8,6.3,D,80.0,N,928.9,D,105.6,N,655.804353544639,31.721401763737106,0.375105421686747,20.90016733468504,0.7251043047363437,35.449999999999996,0.4684852287732766,1,MEDIUM
MIZORAM,CHAMPHAI,2026-09-14,0.6,4.299999999999993,54.8,115.1,14.7,LD,0.6,LD,929.6,D,106.2,D,1411.8996419456146,41.56242321305806,0.357289156626506,18.676051088148824,0.6403137628451961,32.24999999999999,0.4858689761722635,1,MEDIUM
MIZORAM,CHAMPHAI,2026-09-15,0.4,3.7999999999999927,42.5,106.8,11.0,LD,80.0,N,920.8,N,106.6,D,778.6592997792709,20.230118987785147,0.3332078313253012,20.46869445060869,0.4878288370036455,27.735,0.3540859731648044,0,LOW
MIZORAM,CHAMPHAI,2026-09-16,3.5,4.499999999999993,12.7,107.4,11.2,LD,3.5,LD,933.4,D,110.1,D,857.974179901181,33.782999787834484,0.2748644578313253,26.287273166826523,0.8109569348907145,21.634999999999998,0.35920722316523945,0,LOW
MIZORAM,CHAMPHAI,2026-09-17,4.8,8.699999999999992,14.4,97.6,20.1,LD,12.6,LD,938.2,D,114.9,D,2333.263704613491,30.61362484497936,0.2781927710843374,26.50686197243778,0.6857992096167942,22.095,0.3490629629089101,0,LOW
MIZORAM,CHAMPHAI,2026-09-18,5.8,14.099999999999993,18.8,96.0,14.2,D,5.8,D,944.0,D,120.7,D,1720.6449674143303,36.51010875463841,0.2868072289156627,27.602387912409682,0.5666087474960653,24.654999999999998,0.3952251477868617,0,LOW
MIZORAM,CHAMPHAI,2026-09-19,0.1,10.699999999999992,18.0,89.5,12.1,LD,0.1,LD,944.2,D,120.9,D,2437.7465124652094,40.87771167333229,0.2852409638554217,17.151122345736002,0.3741102450013553,20.634999999999998,0.3856924294766629,0,LOW
MIZORAM,CHAMPHAI,2026-09-20,0.0,5.899999999999993,15.2,86.7,10.6,NR,0.0,NR,944.2,D,120.9,D,1071.435714960924,32.20243421720379,0.2797590361445783,28.91479563432585,0.6393849920417294,18.28,0.32926659736509856,0,LOW
MIZORAM,CHAMPHAI,2026-09-21,0.5,0.5999999999999938,15.1,79.6,9.0,LD,12.6,LD,933.4,D,121.4,D,1366.7220547172426,7.705582180122574,0.2795632530120482,26.69851262619624,0.6050323150515736,16.04,0.20439893190806874,0,LOW
MIZORAM,KOLASIB,2026-08-19,37.3,37.3,37.3,37.3,19.7,LE,37.3,LE,969.1,N,288.9,N,1243.4327787952332,12.32561383399121,0.32302710843373494,15.518586303740866,0.6599979993625279,37.3,0.38504203749067906,0,LOW
MIZORAM,KOLASIB,2026-08-20,30.5,67.8,67.8,67.8,18.4,LE,97.9,N,999.6,N,319.4,N,312.85329093313095,43.159127290683365,0.38274096385542167,20.705163440395864,0.7186748591849808,54.745000000000005,0.6582685130978703,1,MEDIUM
MIZORAM,KOLASIB,2026-08-21,57.7,125.5,125.5,125.5,20.1,LE,97.9,N,969.1,N,377.1,N,629.9198865901782,43.74601893508905,0.49570783132530116,22.93409135041011,0.7990297713869344,101.77,0.8935683170876781,2,HIGH
MIZORAM,KOLASIB,2026-08-22,15.7,103.9,141.2,141.2,11.5,E,97.9,N,1073.0,N,392.8,N,1342.7090834809812,43.696532547934495,0.5264457831325301,21.13049733657585,0.8194339548148875,87.94999999999999,0.8994959679506593,2,HIGH
MIZORAM,KOLASIB,2026-08-23,15.2,88.6,156.4,156.4,13.8,N,15.2,N,1088.2,N,408.0,N,215.0670475758653,6.471976016004719,0.5562048192771085,16.996087099543022,0.6281113012753576,90.03,0.7400053017043315,2,HIGH
MIZORAM,KOLASIB,2026-08-24,17.1,48.0,173.5,173.5,17.9,N,97.9,N,1105.3,N,425.1,N,2332.0817268067785,20.29792671797673,0.589683734939759,18.524886836585118,0.829573621452006,87.38499999999999,0.808149754623404,2,HIGH
MIZORAM,KOLASIB,2026-08-25,9.9,42.2,183.4,183.4,14.5,D,97.9,N,969.1,N,435.0,N,353.41702076125847,35.38690815951984,0.609066265060241,15.417543713472254,0.7968534394003405,87.375,0.879088400387692,2,HIGH
MIZORAM,KOLASIB,2026-08-26,4.7,31.700000000000003,150.8,188.1,16.5,LD,150.8,E,1119.8,N,439.7,N,535.0528287214224,35.11543214631324,0.5452409638554216,16.582311742993568,0.2515686142091326,75.485,0.8027321005684768,2,HIGH
MIZORAM,KOLASIB,2026-08-27,52.4,67.0,172.7,240.5,14.9,LE,52.4,LE,1175.6,N,501.6,N,1925.0369986496596,8.43635619799834,0.5881174698795181,19.52710200131726,0.6325704797476046,114.34,0.7551184104114518,2,HIGH
MIZORAM,KOLASIB,2026-08-28,18.1,75.2,133.1,258.6,15.2,E,18.1,E,1188.6,N,508.4,N,287.48962738381863,29.37955548358076,0.5105873493975903,28.939494515807418,0.3570816459004381,97.19999999999999,0.8326932720287659,2,HIGH
MIZORAM,KOLASIB,2026-08-29,49.4,119.9,166.8,308.0,16.1,LE,150.8,E,1238.0,N,557.8,E,2255.681344057753,10.714784741634297,0.576566265060241,23.952837668932403,0.427115592675099,135.165,0.7629345185304228,2,HIGH
MIZORAM,KOLASIB,2026-08-30,21.5,89.0,173.10000000000002,329.5,11.2,LE,150.8,E,1259.5,N,579.3,E,1827.9673782702123,24.72837331471173,0.5889006024096386,22.2164641417488,0.4285001198413533,122.47500000000001,0.8276840018806466,2,HIGH
MIZORAM,KOLASIB,2026-08-31,38.8,109.7,194.8,368.3,13.2,LE,150.8,E,1298.3,N,618.1,E,218.1210999167043,14.58742803364486,0.6313855421686747,26.256770047295333,0.5398777837822644,144.95,0.791110121916601,2,HIGH
MIZORAM,KOLASIB,2026-09-01,61.7,122.0,246.6,430.0,13.2,LE,150.8,E,1119.8,N,61.7,LE,1745.0253001498495,7.126446869389107,0.7328012048192771,24.20567952552509,0.2565197067960199,178.245,0.7782333381611404,2,HIGH
MIZORAM,KOLASIB,2026-09-02,33.8,134.3,275.7,463.8,9.1,LE,273.9,LE,1393.7,N,95.5,LE,1597.4899283197287,8.200777021064383,0.7897740963855422,17.235736754845647,0.39147784481479386,183.89999999999998,0.7944027171485056,2,HIGH
MIZORAM,KOLASIB,2026-09-03,40.8,136.3,264.1,467.3,15.1,LE,273.9,LE,1393.7,N,136.2,LE,1905.5061102128006,41.43571798919633,0.7670632530120483,18.784597185011222,0.267472574175902,184.47500000000002,0.93757139722106,2,HIGH
MIZORAM,KOLASIB,2026-09-04,13.4,88.0,259.4,450.2,14.2,N,273.9,LE,1447.9,N,149.6,LE,2079.0847385988727,34.785838568061365,0.7578614457831325,18.78288013684033,0.6403351394315426,159.07,0.9061760161257881,2,HIGH
MIZORAM,KOLASIB,2026-09-05,0.5,54.7,210.5,393.0,22.3,LD,273.9,LE,1448.4,N,150.2,LE,1809.95887977423,42.272959270918015,0.6621234939759036,25.19919271440982,0.7835725472156999,125.42499999999998,0.9203045177770386,2,HIGH
MIZORAM,KOLASIB,2026-09-06,15.2,29.1,204.2,392.5,15.3,N,15.2,N,1463.7,N,165.4,LE,1486.1319234138812,23.799597293342106,0.6497891566265059,22.84761422521889,0.8486731958991592,122.52,0.8357338192957104,2,HIGH
MIZORAM,KOLASIB,2026-09-07,8.1,23.8,173.5,385.4,17.1,D,273.9,LE,1471.7,N,173.5,LE,840.0351305253553,21.53169995811217,0.589683734939759,21.588946063534515,0.5191341350692584,109.97,0.813633191246228,2,HIGH
MIZORAM,KOLASIB,2026-09-08,53.2,76.5,165.0,421.5,14.0,LE,53.2,LE,1525.0,N,226.7,LE,1758.3204714833264,19.336291700083823,0.5730421686746988,24.462865938990397,0.40608466617649164,142.22,0.8005475079575346,2,HIGH
MIZORAM,KOLASIB,2026-09-09,26.9,88.19999999999999,158.1,438.5,15.3,LE,158.1,E,1551.8,N,253.6,LE,2394.58038234541,29.652283842083598,0.5595331325301205,31.491968358303474,0.7618621580384154,136.765,0.8436945546930623,2,HIGH
MIZORAM,KOLASIB,2026-09-10,0.1,80.2,117.4,433.9,11.4,LD,158.1,E,1551.8,N,253.7,LE,1489.4283622957419,19.062375478853344,0.4798493975903615,20.341288752949907,0.31789511052428365,114.52,0.780691548312976,2,HIGH
MIZORAM,KOLASIB,2026-09-11,0.3,27.3,104.3,381.8,11.5,LD,158.1,E,1552.2,N,253.9,LE,1677.644927663922,34.850929359280244,0.4542018072289157,23.843322371769794,0.8345433886336845,90.275,0.845733380820362,2,HIGH
MIZORAM,KOLASIB,2026-09-12,50.5,50.9,154.3,414.2,12.6,LE,50.5,LE,1602.7,N,304.4,LE,1120.9637033895117,37.05269304863449,0.5520933734939759,23.166290265949968,0.6789024728309214,131.105,0.875097310470504,2,HIGH
MIZORAM,KOLASIB,2026-09-13,11.1,61.9,150.20000000000002,375.9,10.9,N,158.1,E,1613.7,N,315.5,LE,1902.4959838705322,40.03378373717524,0.544066265060241,27.18293153967936,0.5523607992204485,113.295,0.8867411807328272,2,HIGH
MIZORAM,KOLASIB,2026-09-14,10.3,71.9,152.4,364.7,14.6,D,10.3,D,1624.0,N,325.8,LE,2494.285111229658,14.71203720981109,0.5483734939759036,27.41493455570957,0.30799032239454,114.385,0.7750615308387856,2,HIGH
MIZORAM,KOLASIB,2026-09-15,0.0,21.4,99.2,325.9,11.7,NR,158.1,E,1551.8,N,325.8,E,442.9538439659534,26.080881971695014,0.44421686746987954,27.39420226402169,0.26091756142586287,79.035,0.7676573493580305,2,HIGH
MIZORAM,KOLASIB,2026-09-16,0.5,10.8,72.80000000000001,264.7,15.7,LD,0.5,LD,1624.5,N,326.3,E,545.8929347842177,13.937784669193555,0.3925301204819277,18.42583285895866,0.5767193184891635,60.78,0.5733358720269912,1,MEDIUM
MIZORAM,KOLASIB,2026-09-17,1.0,1.5,73.7,231.9,9.4,LD,72.7,N,1625.5,N,327.3,E,1371.6225087277542,6.502232936813646,0.3942921686746988,22.63458331814019,0.4983103044640128,53.935,0.49189028394863965,1,MEDIUM
MIZORAM,KOLASIB,2026-09-18,5.1,6.6,78.5,196.2,11.3,D,5.1,D,1630.6,N,332.3,E,1229.3697232910627,33.313012166793506,0.40368975903614457,28.789969747495338,0.755598696617222,52.489999999999995,0.602637317368574,1,MEDIUM
MIZORAM,KOLASIB,2026-09-19,0.2,6.3,28.2,183.0,14.1,LD,0.2,LD,1630.8,N,332.5,E,1450.345972041461,26.959250957404986,0.30521084337349397,21.486012899190943,0.6353832878160621,36.144999999999996,0.43829109107970887,1,MEDIUM
MIZORAM,KOLASIB,2026-09-20,0.0,5.3,17.1,182.5,9.4,NR,0.0,NR,1630.8,N,332.5,E,170.23141692446893,33.95709118212335,0.2834789156626506,31.73233699392879,0.509137807897417,32.975,0.4424690093818765,1,MEDIUM
MIZORAM,KOLASIB,2026-09-21,0.0,0.2,6.8,167.3,13.1,NR,72.7,N,1624.5,N,332.5,N,1040.4773180096,8.504916456261483,0.2633132530120482,21.201374610467386,0.3856042360607163,26.845000000000002,0.28165633478206825,0,LOW
MIZORAM,LAWNGTLAI,2026-08-19,9.0,9.0,9.0,9.0,14.7,D,9.0,D,970.3,N,201.7,D,1478.296742060624,44.821047162477676,0.2676204819277108,23.46033606481346,0.5382533252872037,9.0,0.31682807990147416,0,LOW
MIZORAM,LAWNGTLAI,2026-08-20,13.7,22.7,22.7,22.7,13.7,N,51.8,D,984.0,N,215.4,D,1483.7188106971587,44.77394267788128,0.29444277108433736,23.066935111643296,0.34779656727169395,19.55,0.3971218428910397,0,LOW
MIZORAM,LAWNGTLAI,2026-08-21,5.6,28.3,28.3,28.3,10.7,D,51.8,D,970.3,N,221.0,D,1660.4682063325151,23.59999302014051,0.3054066265060241,22.372284641977124,0.6502075974839112,20.355,0.31094149996493836,0,LOW
MIZORAM,LAWNGTLAI,2026-08-22,66.1,85.39999999999999,94.4,94.4,13.9,LE,51.8,D,1055.7,N,287.2,N,1814.5292710565263,39.64234860735344,0.4348192771084337,29.375733261433567,0.6134374434794561,82.245,0.8489131105073485,2,HIGH
MIZORAM,LAWNGTLAI,2026-08-23,77.5,149.2,171.89999999999998,171.89999999999998,13.6,LE,77.5,LE,1133.2,N,364.7,N,1621.7906481850987,14.742742232222273,0.5865512048192771,17.63967903831623,0.7360428208757217,133.185,0.7828335397737322,2,HIGH
MIZORAM,LAWNGTLAI,2026-08-24,5.7,149.29999999999998,177.6,177.6,14.2,LD,51.8,D,1138.9,N,370.4,N,1986.0957307041158,34.502646448931884,0.5977108433734939,24.65030000903771,0.5197175633453657,110.36,0.872887264003285,2,HIGH
MIZORAM,LAWNGTLAI,2026-08-25,3.2,86.4,180.8,180.8,16.0,LD,51.8,D,970.3,N,373.6,N,1580.6635549772495,40.16903427254263,0.6039759036144579,25.516226815042202,0.4171891198165174,95.04,0.8993242219341921,2,HIGH
MIZORAM,LAWNGTLAI,2026-08-26,40.2,49.1,212.0,221.0,13.3,LE,212.1,LE,1182.4,N,413.9,N,1366.893773216151,37.58665064323114,0.6650602409638554,29.470762237179304,0.7518372155414532,112.495,0.900063828829354,2,HIGH
MIZORAM,LAWNGTLAI,2026-08-27,6.3,49.7,204.6,227.3,14.0,D,6.3,D,1154.0,N,368.0,N,1535.1812507751367,37.4709631296463,0.6505722891566266,25.356402718743844,0.6645982488759308,99.875,0.8966520717408645,2,HIGH
MIZORAM,LAWNGTLAI,2026-08-28,6.5,53.0,205.5,233.8,8.2,D,6.5,D,1194.8,N,426.2,N,297.92374854566424,23.521065283554602,0.6523343373493976,31.32034591239227,0.67402549843561,101.97,0.8350049353967889,2,HIGH
MIZORAM,LAWNGTLAI,2026-08-29,24.3,37.1,163.7,258.1,10.7,LE,212.1,LE,1219.1,N,450.5,N,719.2335247775239,37.79959791115091,0.5704969879518071,29.82685110843579,0.5668507428438073,97.42,0.88209761052881,2,HIGH
MIZORAM,LAWNGTLAI,2026-08-30,20.1,50.900000000000006,106.3,278.2,9.6,LE,212.1,LE,1239.2,N,470.6,E,1342.1294626124215,32.62819252085202,0.45811746987951807,20.928579121996435,0.7755871689321238,88.065,0.8366376829574681,2,HIGH
MIZORAM,LAWNGTLAI,2026-08-31,3.2,47.6,103.8,281.4,10.4,LD,212.1,LE,1242.4,N,473.8,N,2188.8186777341825,10.298055925768175,0.45322289156626505,29.618409569944184,0.3866701044829215,81.17999999999999,0.7145896674946017,2,HIGH
MIZORAM,LAWNGTLAI,2026-09-01,2.4,25.700000000000003,103.0,283.8,10.2,LD,212.1,LE,1182.4,N,2.4,LD,1713.676312905583,9.567376162580805,0.4516566265060241,31.294122839588745,0.49101521521175234,75.58500000000001,0.6711805323871252,1,MEDIUM
MIZORAM,LAWNGTLAI,2026-09-02,0.0,5.6,62.8,283.8,12.1,NR,62.4,N,1244.8,N,2.4,LD,271.4997922561491,35.876885437385596,0.37295180722891563,19.372352075717966,0.7277395429988942,59.67,0.6590217399348948,1,MEDIUM
MIZORAM,LAWNGTLAI,2026-09-03,12.7,15.099999999999998,69.2,287.5,10.7,N,62.4,N,1244.8,N,15.1,D,1501.0736285887906,30.01856355091695,0.3854819277108434,25.373549713294942,0.3297765411812087,68.645,0.6994120536367272,1,MEDIUM
MIZORAM,LAWNGTLAI,2026-09-04,2.9,15.599999999999998,65.60000000000001,276.7,10.7,LD,62.4,N,1260.4,N,18.0,D,593.2580697108924,25.775044687655097,0.37843373493975907,19.790666509816305,0.7348656958097288,62.81999999999999,0.6376558207894276,1,MEDIUM
MIZORAM,LAWNGTLAI,2026-09-05,0.0,15.599999999999998,41.3,271.1,9.8,NR,62.4,N,1260.4,N,18.0,LD,1848.3405714823712,41.290471633953125,0.3308584337349397,26.0426437443977,0.46155713243850416,54.89,0.6406195822407248,1,MEDIUM
MIZORAM,LAWNGTLAI,2026-09-06,15.4,18.3,36.6,220.4,12.2,E,15.4,E,1275.7,N,33.4,D,2077.230088646431,31.383614274848743,0.3216566265060241,16.591927677299374,0.3253022194182202,52.175000000000004,0.5754121125894566,1,MEDIUM
MIZORAM,LAWNGTLAI,2026-09-07,13.2,28.6,46.6,156.1,12.0,N,62.4,N,1289.0,N,46.6,D,1503.9678678454347,20.845869803532008,0.3412349397590362,27.481196371773976,0.29748969132113745,46.835,0.4944610865543246,1,MEDIUM
MIZORAM,LAWNGTLAI,2026-09-08,9.6,38.2,53.8,160.0,11.4,N,9.6,N,1298.6,N,56.2,D,1498.8383938916888,21.55727232704735,0.3553313253012048,22.136937086120827,0.7558172312522405,50.36,0.5255477233615128,1,MEDIUM
MIZORAM,LAWNGTLAI,2026-09-09,5.9,28.7,59.7,162.70000000000002,11.0,D,59.7,D,1304.5,N,62.1,D,879.5490358664944,29.209774432703398,0.36688253012048194,24.984222037499425,0.7171693273753814,48.57,0.5491204403800338,1,MEDIUM
MIZORAM,LAWNGTLAI,2026-09-10,0.5,15.999999999999998,47.5,123.0,14.3,LD,59.7,D,1304.5,N,62.6,D,1143.312551845208,35.41101138745394,0.3429969879518072,15.439660842899467,0.42282480723370985,34.5,0.4716957666886466,1,MEDIUM
MIZORAM,LAWNGTLAI,2026-09-11,0.0,6.399999999999999,44.6,116.7,10.5,NR,59.7,D,1305.0,N,62.6,D,2167.0654668475963,27.574132277964964,0.33731927710843373,26.82250473857558,0.31981731354248694,30.255,0.40549613363782994,1,MEDIUM
MIZORAM,LAWNGTLAI,2026-09-12,0.0,0.4999999999999982,44.6,110.2,15.2,NR,0.0,NR,1305.0,N,62.6,D,1822.1348108695336,25.350435288767187,0.33731927710843373,23.431853020299137,0.3983406556226308,27.805,0.378163773999377,0,LOW
MIZORAM,LAWNGTLAI,2026-09-13,0.2,0.1999999999999982,29.4,86.1,11.7,LD,59.7,D,1305.2,N,62.9,D,1323.3964662548156,34.07602810616727,0.3075602409638554,25.629267130693314,0.3777925814162054,20.384999999999998,0.35814604322593624,0,LOW
MIZORAM,LAWNGTLAI,2026-09-14,0.6,0.7999999999999983,16.8,66.60000000000001,13.6,LD,0.6,LD,1305.9,N,63.5,LD,952.1693463085088,33.210581996281455,0.28289156626506023,20.36635553039496,0.6898333910153189,14.6,0.30816425658347896,0,LOW
MIZORAM,LAWNGTLAI,2026-09-15,1.0,1.799999999999998,8.200000000000001,64.39999999999999,13.8,LD,59.7,D,1304.5,N,64.5,LD,173.43035880695817,38.213873624542444,0.2660542168674699,17.478942948164047,0.3793378506141505,12.509999999999998,0.31214834965485483,0,LOW
MIZORAM,LAWNGTLAI,2026-09-16,0.7,2.299999999999998,3.0,62.7,10.1,LD,0.7,LD,1307.5,N,65.2,LD,400.36813324964356,7.502071451091776,0.2558734939759036,22.402292013934414,0.3796591130605751,10.974999999999998,0.1626828097810019,0,LOW
MIZORAM,LAWNGTLAI,2026-09-17,42.0,43.7,44.5,104.7,14.4,LE,3.0,LD,1349.5,N,107.2,D,522.9117143714581,35.198085283279156,0.33712349397590363,31.047645061868177,0.26936087949931325,52.455,0.597452891926338,1,MEDIUM
MIZORAM,LAWNGTLAI,2026-09-18,0.0,42.7,44.5,92.0,11.9,NR,0.0,NR,1349.5,N,107.2,D,964.7896809837531,25.550418038067598,0.33712349397590363,18.87249845311469,0.6081158129857108,35.6,0.4345305710524737,1,MEDIUM
MIZORAM,LAWNGTLAI,2026-09-19,1.0,42.99999999999999,45.5,90.1,15.4,LD,1.0,LD,1350.5,N,108.2,D,2363.1519353368726,7.987724801326075,0.33908132530120483,26.489263204599276,0.6633877289536644,35.989999999999995,0.3596433605419699,0,LOW
MIZORAM,LAWNGTLAI,2026-09-20,0.5,1.499999999999993,45.8,90.6,6.7,LD,0.5,LD,1351.0,N,108.7,D,1287.6258174039342,32.16040112678079,0.3396686746987952,15.847340248587203,0.6420942813688504,25.589999999999996,0.3931246111580704,0,LOW
MIZORAM,LAWNGTLAI,2026-09-21,0.0,1.499999999999993,45.2,75.19999999999999,9.4,NR,3.0,LD,1307.5,N,108.7,D,625.3583999851161,33.661607760077715,0.33849397590361446,27.207696349537784,0.5911594936936471,22.955,0.3807948416438703,0,LOW
MIZORAM,LUNGLEI,2026-08-19,5.5,5.5,5.5,5.5,16.4,LD,5.5,LD,929.1,D,224.8,D,309.0878367807095,25.945086781787378,0.2607680722891566,19.05343217562538,0.8296449693045012,5.5,0.20663692371384365,0,LOW
MIZORAM,LUNGLEI,2026-08-20,6.0,11.5,11.5,11.5,14.5,D,73.6,D,935.1,D,230.8,D,878.8485352772619,36.75195910599051,0.27251506024096384,22.675790023898653,0.5336431073062529,9.575,0.2860396169174899,0,LOW
MIZORAM,LUNGLEI,2026-08-21,7.3,18.8,18.8,18.8,11.9,D,73.6,D,929.1,D,238.1,D,2048.540057100089,17.00992434517206,0.2868072289156627,21.251802710111157,0.7660819048727409,14.775,0.23819084207040028,0,LOW
MIZORAM,LUNGLEI,2026-08-22,33.1,46.400000000000006,51.900000000000006,51.900000000000006,10.5,LE,73.6,D,975.5,D,271.2,N,989.1898438557444,13.076288741257445,0.3516114457831325,16.918285836395043,0.6376059462264032,43.94500000000001,0.44142190946672655,1,MEDIUM
MIZORAM,LUNGLEI,2026-08-23,17.4,57.8,69.3,69.3,13.8,E,17.4,E,992.8,D,288.5,N,1942.6392247549131,19.02935806973114,0.3856777108433735,20.874893192700185,0.3004971644127016,48.25999999999999,0.5054253157855412,1,MEDIUM
MIZORAM,LUNGLEI,2026-08-24,2.5,53.0,71.8,71.8,14.9,LD,73.6,D,995.4,D,291.1,N,2016.6271915108532,21.4020205318391,0.3905722891566265,20.952124290984155,0.7360530765856534,42.845,0.4783829680543967,1,MEDIUM
MIZORAM,LUNGLEI,2026-08-25,13.8,33.7,85.6,85.6,17.9,D,73.6,D,929.1,D,304.9,N,321.51088576182514,32.83734409608675,0.4175903614457831,23.87579586350578,0.600633125013891,47.495,0.5677282296856855,1,MEDIUM
MIZORAM,LUNGLEI,2026-08-26,0.3,16.6,80.39999999999999,85.89999999999999,14.2,LD,80.4,N,1009.5,D,305.2,D,1541.21639393562,38.82079751512911,0.40740963855421686,31.529976059979784,0.6421153955952608,37.239999999999995,0.5192475865678741,1,MEDIUM
MIZORAM,LUNGLEI,2026-08-27,2.0,16.1,76.39999999999999,87.89999999999999,16.4,LD,2.0,LD,970.7,D,290.4,D,2399.7853552592214,33.83672760314706,0.3995783132530121,22.990297882680714,0.35813646137431115,37.01,0.49389180570150076,1,MEDIUM
MIZORAM,LUNGLEI,2026-08-28,55.1,57.400000000000006,124.2,143.0,14.8,LE,55.1,LE,1066.6,D,362.3,N,1035.238283513707,11.959502362784061,0.49316265060240966,30.545244645754778,0.5124940564854144,86.135,0.7517858739550777,2,HIGH
MIZORAM,LUNGLEI,2026-08-29,20.2,77.3,111.3,163.2,14.3,E,80.4,N,1086.8,D,382.5,N,174.81301805740458,19.648683392010295,0.4679066265060241,22.84648019556344,0.7783494846245704,78.69999999999999,0.741421832436743,2,HIGH
MIZORAM,LUNGLEI,2026-08-30,13.8,89.1,107.7,177.0,12.8,N,80.4,N,1100.5,D,396.2,N,2312.0915911318025,11.33654853791112,0.46085843373493973,16.82823611487397,0.37925871585178916,80.58,0.7164590100182735,2,HIGH
MIZORAM,LUNGLEI,2026-08-31,1.6,35.6,106.8,178.6,11.9,LD,80.4,N,1102.1,D,397.8,N,2214.9823898525833,32.468967982322056,0.4590963855421687,18.912599219690982,0.2500749439223162,62.949999999999996,0.6844650003117474,1,MEDIUM
MIZORAM,LUNGLEI,2026-09-01,7.7,23.1,100.7,186.3,10.0,D,80.4,N,1009.5,D,7.7,D,1329.2465456620544,14.926875128675764,0.4471536144578313,21.927800492979205,0.404505227270485,61.59,0.5944254680713135,1,MEDIUM
MIZORAM,LUNGLEI,2026-09-02,2.6,11.9,103.0,188.9,11.3,LD,102.9,N,1112.4,D,10.3,D,1403.0201448428236,26.01547731407387,0.4516566265060241,20.53126914049314,0.5425254695058472,57.97,0.6188265721219522,1,MEDIUM
MIZORAM,LUNGLEI,2026-09-03,22.8,33.1,123.8,206.2,13.5,LE,102.9,N,1112.4,D,33.1,N,568.765701801506,36.67319372778737,0.4923795180722892,29.71909788805236,0.7427668259811528,78.13499999999999,0.8179568876706531,2,HIGH
MIZORAM,LUNGLEI,2026-09-04,2.6,28.0,71.3,202.8,14.0,LD,102.9,N,1137.7,D,35.6,D,2057.654351084361,31.837570996864603,0.38959337349397594,26.536975237341373,0.6359745403440105,56.155,0.6193631953351943,1,MEDIUM
MIZORAM,LUNGLEI,2026-09-05,3.1,28.5,54.2,198.6,17.7,LD,102.9,N,1140.8,D,38.7,D,1271.5700940607096,16.93495962660531,0.35611445783132534,24.831243682617448,0.8014380813743055,51.55,0.5136360936497907,1,MEDIUM
MIZORAM,LUNGLEI,2026-09-06,27.5,33.2,67.9,193.0,13.1,LE,27.5,LE,1168.3,D,66.2,N,133.00059809926347,18.314670024653633,0.3829367469879518,23.35090237102374,0.5233386589767361,63.85000000000001,0.6127350146239808,1,MEDIUM
MIZORAM,LUNGLEI,2026-09-07,9.2,39.8,75.5,184.8,11.6,D,102.9,N,1177.4,D,75.3,N,1723.3866433000446,31.134571464121272,0.3978162650602409,21.753600510914136,0.48448913377422237,59.765,0.6435942845420679,1,MEDIUM
MIZORAM,LUNGLEI,2026-09-08,18.4,55.1,86.2,200.7,13.2,E,18.4,E,1195.9,D,93.8,N,2378.71586101663,26.978709973597766,0.4187650602409639,25.407271477144192,0.388850929957428,71.87,0.7155271461891143,2,HIGH
MIZORAM,LUNGLEI,2026-09-09,25.7,53.3,109.3,212.6,17.0,E,109.2,N,1221.6,N,119.5,N,2081.4187013470882,8.855739498801775,0.4639909638554217,17.118321812554477,0.3808374907234625,81.535,0.7128613491613011,2,HIGH
MIZORAM,LUNGLEI,2026-09-10,0.7,44.8,87.2,213.0,16.1,LD,109.2,N,1221.6,N,120.1,N,729.1354435158224,39.95966357094184,0.4207228915662651,17.763064199687395,0.6916659382048362,65.195,0.7260715035369621,2,HIGH
MIZORAM,LUNGLEI,2026-09-11,3.7,30.1,88.3,214.7,14.0,LD,109.2,N,1225.9,D,123.8,N,180.6464580866846,25.504529922145146,0.4228765060240964,20.152978007743897,0.2982154738271855,63.099999999999994,0.6473362885205768,1,MEDIUM
MIZORAM,LUNGLEI,2026-09-12,14.1,18.5,99.3,173.7,10.9,E,14.1,E,1240.0,D,137.9,N,2353.860960718542,23.934440527898616,0.44441265060240964,17.910138479838267,0.3956281508998052,60.44,0.6257204294212699,1,MEDIUM
MIZORAM,LUNGLEI,2026-09-13,1.7,19.5,73.5,155.20000000000002,13.5,LD,109.2,N,1241.7,D,139.7,D,2345.8036759552683,12.937573465290493,0.39390060240963853,26.510678223421884,0.7815371557240778,47.125,0.4719116581970981,1,MEDIUM
MIZORAM,LUNGLEI,2026-09-14,5.3,21.1,69.60000000000001,146.7,14.8,LD,5.3,LD,1247.1,D,145.0,D,1354.4175332965299,20.079752758821492,0.38626506024096385,15.42106146390617,0.5961524908597917,46.535,0.4979255016922031,1,MEDIUM
MIZORAM,LUNGLEI,2026-09-15,2.8,9.8,54.0,147.9,12.5,LD,109.2,N,1221.6,N,147.8,D,1623.677658595261,18.312994492603963,0.3557228915662651,17.72301735833475,0.27795256544099933,39.114999999999995,0.4311184729299933,1,MEDIUM
MIZORAM,LUNGLEI,2026-09-16,5.9,14.0,34.2,146.1,14.6,LD,5.9,LD,1255.8,D,153.7,D,1183.3701487414803,15.829427313177074,0.3169578313253012,30.34433786147966,0.6725530289978713,36.03,0.3903555588192847,0,LOW
MIZORAM,LUNGLEI,2026-09-17,7.9,16.6,41.4,151.4,16.3,D,34.2,LD,1263.7,D,161.6,D,1078.4251493919587,27.696262985870924,0.3310542168674699,31.958233519775476,0.5540094206518698,39.975,0.47401320055319957,1,MEDIUM
MIZORAM,LUNGLEI,2026-09-18,0.9,14.7,38.6,129.5,13.7,LD,0.9,LD,1264.6,D,162.5,D,342.6486680253159,23.49101441121128,0.3255722891566265,23.28903812307758,0.7627130364988093,33.065,0.40501278061566726,1,MEDIUM
MIZORAM,LUNGLEI,2026-09-19,4.3,13.1,28.8,131.2,13.5,LD,4.3,LD,1268.9,D,166.8,D,287.04460098468525,40.56790741258669,0.3063855421686747,23.421291241369893,0.6594603235247578,31.659999999999997,0.46706611590286007,1,MEDIUM
MIZORAM,LUNGLEI,2026-09-20,1.0,6.2,28.1,129.10000000000002,14.1,LD,1.0,LD,1269.9,D,167.8,D,620.1937593566593,42.653759081886435,0.30501506024096386,28.147778958036447,0.2526679527866732,28.290000000000003,0.45206083357178317,1,MEDIUM
MIZORAM,LUNGLEI,2026-09-21,0.0,5.3,22.8,101.6,10.8,NR,34.2,LD,1255.8,D,167.8,D,2099.7698286960335,13.778937169123635,0.29463855421686747,15.615222819549777,0.37344345230495235,22.265,0.2787420505325329,0,LOW
MIZORAM,MAMIT,2026-08-19,0.0,0.0,0.0,0.0,13.4,LD,0.0,LD,592.3,D,173.0,D,407.28913680241595,9.00421715068842,0.25,22.25936519231663,0.404778220338967,0.0,0.09001874289194854,0,LOW
MIZORAM,MAMIT,2026-08-20,0.4,0.4,0.4,0.4,22.7,LD,43.0,D,592.6,D,173.3,D,605.4116971910413,36.41350205950998,0.25078313253012047,16.697073990854317,0.67133937349699,0.39999999999999997,0.21484327252431182,0,LOW
MIZORAM,MAMIT,2026-08-21,16.1,16.5,16.5,16.5,13.9,N,43.0,D,592.3,D,189.4,D,1394.1044453394084,44.79445614554436,0.28230421686746987,21.81574850516026,0.5555885066020565,16.36,0.372065651795178,0,LOW
MIZORAM,MAMIT,2026-08-22,10.7,27.2,27.2,27.2,10.0,N,43.0,D,619.4,D,200.1,D,577.0714842917723,39.54400279416617,0.30325301204819277,31.724971299190873,0.6984684982546978,21.424999999999997,0.38899374079378707,0,LOW
MIZORAM,MAMIT,2026-08-23,2.2,29.0,29.4,29.4,10.2,LD,2.2,LD,621.7,D,202.4,D,449.8563775585784,5.947896084749389,0.3075602409638554,27.81176577365714,0.5577203192700775,19.779999999999998,0.2288232237614581,0,LOW
MIZORAM,MAMIT,2026-08-24,19.5,32.4,48.9,48.9,18.5,N,43.0,D,641.2,D,221.9,D,1430.1247921600075,15.05054202825864,0.3457379518072289,31.745779886648705,0.44643076641796053,34.485,0.3816461523142066,0,LOW
MIZORAM,MAMIT,2026-08-25,1.0,22.7,49.9,49.9,17.3,LD,43.0,D,592.3,D,222.9,D,951.8285139417079,6.733691081650557,0.34769578313253013,27.68282663640023,0.3121963880252136,25.985,0.2845356809927817,0,LOW
MIZORAM,MAMIT,2026-08-26,0.0,20.5,49.9,49.9,19.1,NR,49.9,D,642.2,D,222.9,D,1584.0902503091495,37.83117508164666,0.34769578313253013,25.337871220712003,0.37157325920124173,25.085,0.4163367880467169,1,MEDIUM
MIZORAM,MAMIT,2026-08-27,11.6,12.6,61.1,61.5,10.9,N,11.6,N,677.4,D,253.7,D,2284.903084001257,28.25627905169265,0.36962349397590366,27.821754159763138,0.49046804820740897,31.71,0.42535146537955715,1,MEDIUM
MIZORAM,MAMIT,2026-08-28,24.5,36.1,69.5,86.0,14.6,LE,24.5,LE,676.5,D,257.2,D,419.9331720159158,25.548741646682153,0.38606927710843375,26.204558440506737,0.5808725849090672,47.875,0.5317366402869709,1,MEDIUM
MIZORAM,MAMIT,2026-08-29,31.2,67.3,90.0,117.2,15.4,LE,49.9,D,707.7,D,288.4,D,2287.9124665420068,27.1779952798611,0.4262048192771084,22.88912250833244,0.8131824419143735,67.82499999999999,0.6890917229499998,1,MEDIUM
MIZORAM,MAMIT,2026-08-30,26.9,82.6,114.7,144.1,10.6,LE,49.9,D,734.6,D,315.3,D,2261.1004201861506,15.098050347863644,0.4745632530120482,19.97328767808857,0.3938321062399007,80.35499999999999,0.7343152764591945,2,HIGH
MIZORAM,MAMIT,2026-08-31,15.2,73.3,110.4,159.3,4.1,LE,49.9,D,749.8,D,330.5,D,2081.264579172962,29.065534765554514,0.466144578313253,23.843027008684032,0.6496509636680103,75.14,0.7575672496940192,2,HIGH
MIZORAM,MAMIT,2026-09-01,41.6,83.69999999999999,151.0,200.9,10.0,LE,49.9,D,642.2,D,41.6,LE,1596.6504973999088,6.2266791385612,0.5456325301204819,19.394389056324318,0.34152754689598097,103.37,0.7368006355288128,2,HIGH
MIZORAM,MAMIT,2026-09-02,6.6,63.400000000000006,157.6,207.5,10.5,D,155.7,LE,797.9,D,48.1,LE,1569.3593107905913,30.840468958833583,0.5585542168674699,23.27349788951647,0.6782518731534004,88.685,0.8487795943016433,2,HIGH
MIZORAM,MAMIT,2026-09-03,8.2,56.4,154.20000000000002,215.7,13.2,D,155.7,LE,797.9,D,56.3,LE,1616.0710168444289,34.377353207153234,0.5518975903614458,17.484301900658462,0.2568045262863874,87.875,0.8631677545485258,2,HIGH
MIZORAM,MAMIT,2026-09-04,3.3,18.1,132.99999999999997,218.6,16.9,LD,155.7,LE,809.4,D,59.6,N,1741.7141004836421,31.921050548473087,0.5103915662650602,24.611716682490695,0.6435519699577694,71.72,0.754750083346816,2,HIGH
MIZORAM,MAMIT,2026-09-05,0.6,12.1,102.4,203.1,13.9,LD,155.7,LE,810.0,D,60.2,N,90.3813914605847,18.28470073248881,0.4504819277108434,19.16982274380578,0.3479305940287146,59.3,0.5937050817983639,1,MEDIUM
MIZORAM,MAMIT,2026-09-06,25.5,29.4,101.0,217.9,11.2,LE,25.5,LE,835.5,D,85.7,N,2397.3268189435917,38.050516605101706,0.4477409638554217,19.991337767006684,0.358194667828494,74.21000000000001,0.7871961820450806,2,HIGH
MIZORAM,MAMIT,2026-09-07,18.6,44.7,104.4,234.3,12.9,E,155.7,LE,854.1,D,104.3,N,1484.7292155906705,33.62175988469929,0.4543975903614458,23.483478410300602,0.5853445799887463,78.93,0.8024606813726574,2,HIGH
MIZORAM,MAMIT,2026-09-08,37.4,81.5,100.2,252.2,17.0,LE,37.4,LE,891.5,D,141.7,E,1964.591306535933,10.131892916971115,0.44617469879518074,17.762946301366874,0.47524692754522746,96.345,0.7342655749455744,2,HIGH
MIZORAM,MAMIT,2026-09-09,78.1,134.1,171.7,329.29999999999995,22.0,LE,171.7,LE,969.7,D,219.9,LE,974.3405057003397,12.805768821532602,0.5861596385542168,31.360458021810626,0.5327830903305018,153.17999999999998,0.7741464558065437,2,HIGH
MIZORAM,MAMIT,2026-09-10,1.3,116.8,164.79999999999998,330.6,15.3,LD,171.7,LE,969.7,D,221.1,E,80.3731740937001,30.484336527129546,0.5726506024096385,22.598053361678893,0.4353333295337547,120.445,0.8500160606025035,2,HIGH
MIZORAM,MAMIT,2026-09-11,3.3,82.69999999999999,164.79999999999998,322.3,15.1,LD,171.7,LE,974.3,D,224.5,E,1298.8499166972877,16.576645342241044,0.5726506024096385,20.988746903654768,0.8220802297169951,111.375,0.7882040997807768,2,HIGH
MIZORAM,MAMIT,2026-09-12,11.9,16.5,176.1,309.69999999999993,9.4,E,11.9,E,986.2,D,236.3,E,1292.615792324026,9.777317657849478,0.5947740963855421,15.496342286573876,0.42439366004913326,98.76999999999998,0.7624095644231061,2,HIGH
MIZORAM,MAMIT,2026-09-13,0.9,16.099999999999998,151.5,279.4,12.1,LD,171.7,LE,987.1,D,237.3,E,1120.6237563630568,11.19875972599569,0.5466114457831326,29.33532417290796,0.5752284548413,84.125,0.7582452313679976,2,HIGH
MIZORAM,MAMIT,2026-09-14,0.0,12.8,132.89999999999998,252.5,15.9,NR,0.0,NR,987.1,D,237.3,E,882.306782697088,11.624687221616025,0.5101957831325301,25.639176560208533,0.7626133333245071,74.3,0.6828800086018372,1,MEDIUM
MIZORAM,MAMIT,2026-09-15,0.1,1.0,95.59999999999998,237.4,13.8,LD,171.7,LE,969.7,D,237.4,N,662.073915133819,24.11163627273529,0.43716867469879517,22.078887632302052,0.6485084873564927,59.794999999999995,0.6204653856062647,1,MEDIUM
MIZORAM,MAMIT,2026-09-16,29.7,29.8,47.19999999999999,225.5,11.6,LE,29.7,LE,1016.9,D,267.1,E,1342.4849425180978,29.295418137179894,0.34240963855421686,19.17405758875409,0.4436661681890324,63.46999999999999,0.6507265017490194,1,MEDIUM
MIZORAM,MAMIT,2026-09-17,0.0,29.8,45.89999999999999,218.9,8.0,NR,47.2,D,1016.9,D,267.1,N,969.4314422490605,12.056090994176598,0.3398644578313253,27.667336117481547,0.5814620100200916,51.76,0.4901978840819631,1,MEDIUM
MIZORAM,MAMIT,2026-09-18,9.8,39.5,52.399999999999984,220.5,17.5,D,9.8,D,1026.7,D,276.8,N,2426.3331134720315,33.499864414528844,0.3525903614457831,31.07306778760834,0.2997946757396365,59.47999999999999,0.643031704832517,1,MEDIUM
MIZORAM,MAMIT,2026-09-19,0.0,9.8,40.49999999999999,217.2,17.5,NR,0.0,NR,1026.7,D,276.8,N,473.671904028982,16.24050430006114,0.3292921686746988,21.473764996084345,0.5774118416246152,45.155,0.45963903304496445,1,MEDIUM
MIZORAM,MAMIT,2026-09-20,17.2,27.0,56.79999999999998,233.8,13.3,E,17.2,E,1043.9,D,294.1,N,833.1806406863631,17.462325535758435,0.3612048192771084,17.29289316244693,0.5088334530121252,62.03999999999999,0.5917093439841156,1,MEDIUM
MIZORAM,MAMIT,2026-09-21,0.0,17.2,56.79999999999998,208.3,14.3,NR,47.2,D,1016.9,D,294.1,N,770.203153765199,13.939944842964302,0.3612048192771084,16.856310703636534,0.7047602242440665,49.745,0.4884875124920808,1,MEDIUM
MIZORAM,SAIHA,2026-08-19,15.9,15.9,15.9,15.9,10.2,E,15.9,E,883.2,D,267.1,N,1381.1074817780946,36.40824543772764,0.28112951807228914,15.108153529676061,0.7587417058804703,15.899999999999999,0.3312824764956432,0,LOW
MIZORAM,SAIHA,2026-08-20,18.2,34.1,34.1,34.1,17.1,N,55.0,D,901.5,D,285.4,N,1273.2366295866623,43.392553317475084,0.3167620481927711,27.647242493119272,0.3697699129884634,28.535000000000004,0.4594386872889626,1,MEDIUM
MIZORAM,SAIHA,2026-08-21,4.6,38.7,38.7,38.7,15.4,LD,55.0,D,883.2,D,289.9,N,1627.164140289469,24.69999394712371,0.3257680722891566,31.683721560328397,0.2989215432764578,26.765,0.36555564900167337,0,LOW
MIZORAM,SAIHA,2026-08-22,5.2,28.0,43.9,43.9,13.7,LD,55.0,D,911.3,D,295.2,N,2377.5043379068093,6.681225657279688,0.3359487951807229,31.877901796810658,0.4843341887469014,26.380000000000003,0.2847663520870929,0,LOW
MIZORAM,SAIHA,2026-08-23,0.6,10.399999999999997,44.5,44.5,17.2,LD,0.6,LD,911.9,D,295.8,N,748.7916594599751,15.422772657019035,0.33712349397590363,28.331353323829735,0.5704902449203282,20.61,0.28275781951308787,0,LOW
MIZORAM,SAIHA,2026-08-24,18.7,24.5,63.2,63.2,18.3,N,55.0,D,930.6,D,314.5,N,1747.2903446747414,11.322011644753843,0.37373493975903616,17.75712423103274,0.47608116898901354,37.95,0.39535254559794103,0,LOW
MIZORAM,SAIHA,2026-08-25,6.1,25.4,69.3,69.3,14.8,D,55.0,D,883.2,D,320.5,N,111.34849736269985,38.71049139408071,0.3856777108433735,31.621060750523068,0.627136702598848,36.205,0.507039528710869,1,MEDIUM
MIZORAM,SAIHA,2026-08-26,1.8,26.599999999999994,55.2,71.1,13.7,LD,55.2,D,938.4,D,322.3,N,692.8517581973801,8.394159497328207,0.3580722891566265,20.572828531033167,0.553390767831445,31.744999999999997,0.3350144126775394,0,LOW
MIZORAM,SAIHA,2026-08-27,13.7,21.599999999999994,50.7,84.8,10.5,E,13.7,E,964.1,D,333.4,N,1186.1133335916522,43.65904962753535,0.34926204819277107,20.671533361373243,0.8119756207990538,35.589999999999996,0.5173698674829699,1,MEDIUM
MIZORAM,SAIHA,2026-08-28,28.2,43.7,74.29999999999998,113.0,15.8,LE,28.2,LE,978.4,D,362.3,N,125.93723177877943,28.54055106498504,0.39546686746987947,26.68472819917146,0.4956346739917558,56.31999999999999,0.6070596265843524,1,MEDIUM
MIZORAM,SAIHA,2026-08-29,11.8,53.7,80.89999999999999,124.8,13.5,N,55.2,D,990.2,D,374.1,N,1563.2901783564153,25.70959148296653,0.4083885542168675,15.833836180265674,0.29949650376914944,56.5,0.5983439079362106,1,MEDIUM
MIZORAM,SAIHA,2026-08-30,10.7,50.7,91.0,135.5,7.4,E,55.2,D,1000.9,D,384.8,N,1711.8609905841852,38.89402489676747,0.42816265060240966,29.038085408428508,0.43116101268488627,59.495000000000005,0.682227041467337,1,MEDIUM
MIZORAM,SAIHA,2026-08-31,3.0,25.5,75.29999999999998,138.5,9.8,LD,55.2,D,1003.9,D,387.8,N,1879.4927013532144,6.101904851658246,0.3974246987951807,31.95405370029165,0.6135363174179467,47.02499999999999,0.4415235133085023,1,MEDIUM
MIZORAM,SAIHA,2026-09-01,5.0,18.7,74.19999999999999,143.5,8.2,D,55.2,D,938.4,D,5.0,D,1315.60753686538,36.08610997628038,0.39527108433734937,28.176186227528596,0.40361505916425167,46.5,0.5706167967522846,1,MEDIUM
MIZORAM,SAIHA,2026-09-02,32.2,40.2,104.6,175.7,12.1,LE,102.7,E,1041.2,D,37.2,LE,1529.6644291976352,9.664161822740663,0.45478915662650604,28.288500350524664,0.4113930710833803,73.82499999999999,0.6597022169174389,1,MEDIUM
MIZORAM,SAIHA,2026-09-03,70.1,107.3,161.0,229.9,10.6,LE,102.7,E,1041.2,D,107.3,LE,1020.3598656322937,38.631123957617284,0.5652108433734939,21.635332399631366,0.4537434904134105,126.095,0.8847360529307755,2,HIGH
MIZORAM,SAIHA,2026-09-04,46.6,148.9,179.4,258.3,11.6,LE,102.7,E,1157.9,N,154.0,LE,151.0699296410782,26.167048769514473,0.6012349397590362,16.120663613266167,0.6976850679454332,137.13,0.8365449824829826,2,HIGH
MIZORAM,SAIHA,2026-09-05,21.5,138.2,189.1,275.2,13.2,LE,102.7,E,1179.4,N,175.5,LE,294.882046647557,7.445176094403672,0.6202259036144578,28.475346381985197,0.8140799405763769,130.63,0.7571348522535746,2,HIGH
MIZORAM,SAIHA,2026-09-06,30.3,98.4,208.7,300.3,16.0,LE,30.3,LE,1209.7,N,205.8,LE,1654.7400142935871,38.32980155205298,0.6585993975903615,25.151687477381607,0.46022598030866796,132.425,0.9020745530827522,2,HIGH
MIZORAM,SAIHA,2026-09-07,70.4,122.20000000000002,276.1,370.1,13.5,LE,102.7,E,1280.1,N,276.2,LE,2489.110483985152,6.092564682850066,0.7905572289156627,30.458757715075436,0.36729282385629514,179.73000000000002,0.7851895110402439,2,HIGH
MIZORAM,SAIHA,2026-09-08,49.2,149.90000000000003,320.3,400.6,8.6,LE,49.2,LE,1329.3,N,325.4,LE,88.71793595007563,10.53482771574414,0.877093373493976,16.971369302836152,0.5023821713002619,194.86,0.8222401312132136,2,HIGH
MIZORAM,SAIHA,2026-09-09,42.9,162.50000000000003,331.0,437.4,10.5,LE,331.1,LE,1372.3,N,368.3,LE,1416.0795672246377,36.91298095306516,0.8980421686746988,20.187092072599842,0.4611038157877757,204.0,0.9436661268596738,2,HIGH
MIZORAM,SAIHA,2026-09-10,34.1,126.20000000000002,295.0,469.7,11.5,LE,331.1,LE,1372.3,N,402.5,LE,1889.9714445622667,23.59484495431564,0.8275602409638554,21.131154613297568,0.8440149484739056,187.69,0.8703780257675072,2,HIGH
MIZORAM,SAIHA,2026-09-11,3.9,80.90000000000002,252.3,459.9,10.6,LD,331.1,LE,1410.3,N,406.3,LE,2075.598328634003,40.25554817419335,0.7439608433734941,26.615755045259753,0.5283209551107955,153.65,0.9277057161155581,2,HIGH
MIZORAM,SAIHA,2026-09-12,9.8,47.80000000000002,240.6,441.5,14.2,D,9.8,D,1420.1,N,416.2,LE,1385.7520079954681,30.41717091164334,0.7210542168674698,28.391667772753635,0.6575700116871184,141.755,0.8793982696474644,2,HIGH
MIZORAM,SAIHA,2026-09-13,23.2,36.90000000000001,233.5,452.9,16.3,E,331.1,LE,1443.3,N,439.4,LE,1568.7941514510576,29.941150174816322,0.7071536144578313,31.337346945935145,0.7982728399869119,143.65499999999997,0.8745025014463055,2,HIGH
MIZORAM,SAIHA,2026-09-14,1.2,34.20000000000002,164.29999999999998,443.4,11.8,LD,1.2,LD,1444.5,N,440.6,LE,1756.976115922656,16.689404245280596,0.571671686746988,20.021921691510627,0.62743694641833,116.55499999999999,0.7885094673284224,2,HIGH
MIZORAM,SAIHA,2026-09-15,0.5,24.90000000000001,115.59999999999998,440.9,16.7,LD,331.1,LE,1372.3,N,441.1,LE,2154.467311748905,10.347220942069342,0.4763253012048192,23.391818945592206,0.39962708495191235,101.43499999999999,0.7412527088723831,2,HIGH
MIZORAM,SAIHA,2026-09-16,5.0,6.700000000000014,77.69999999999999,440.9,13.1,LD,5.0,LD,1450.0,N,446.1,LE,349.6093661469057,43.44689563586731,0.40212349397590363,15.492335811382073,0.6144460571999681,88.98499999999999,0.8735220127323687,2,HIGH
MIZORAM,SAIHA,2026-09-17,4.9,10.400000000000016,48.49999999999999,413.6,10.4,D,77.7,N,1454.8,N,450.9,LE,2319.146380873415,9.191907565735807,0.3449548192771084,19.300793927851096,0.4911258016390696,78.48,0.6687900392651505,1,MEDIUM
MIZORAM,SAIHA,2026-09-18,0.1,10.000000000000014,44.69999999999999,343.6,10.8,LD,0.1,LD,1454.9,N,451.0,LE,113.74263870134652,26.160424002942705,0.33751506024096384,21.358059638033886,0.5034099216632841,65.25,0.6484917017608308,1,MEDIUM
MIZORAM,SAIHA,2026-09-19,3.1,8.100000000000016,37.99999999999999,300.1,13.3,LD,3.1,LD,1458.1,N,454.2,LE,2098.6893898465496,15.90274363339121,0.3243975903614458,25.09470551093262,0.8375947488222429,57.625,0.5459721409051288,1,MEDIUM
MIZORAM,SAIHA,2026-09-20,0.5,3.7000000000000144,15.299999999999986,279.1,14.5,LD,0.5,LD,1458.6,N,454.7,LE,238.0140450712583,15.565626543258189,0.2799548192771084,23.004373391185958,0.4171546081569115,46.790000000000006,0.4584168179871975,1,MEDIUM
MIZORAM,SAIHA,2026-09-21,0.0,3.6000000000000143,14.099999999999987,248.8,13.2,NR,77.7,N,1450.0,N,454.7,LE,526.8391184320596,28.78344877211252,0.27760542168674696,21.196076016208956,0.5313610878869865,41.745000000000005,0.4807615798053556,1,MEDIUM
MIZORAM,SERCHHIP,2026-08-19,5.3,5.3,5.3,5.3,11.0,D,5.3,D,969.8,N,173.7,D,59.5406586337749,36.91736468715476,0.2603765060240964,25.60932543099881,0.34592022741952017,5.3,0.2538998604966761,0,LOW
MIZORAM,SERCHHIP,2026-08-20,7.6,12.9,12.9,12.9,13.8,D,33.0,LD,977.4,N,181.3,D,1140.8789285632997,36.08717931325115,0.27525602409638555,29.086466510989005,0.35712651921129324,11.045,0.29410278997716593,0,LOW
MIZORAM,SERCHHIP,2026-08-21,3.3,16.2,16.2,16.2,14.0,LD,33.0,LD,969.8,N,184.6,D,869.180105457611,39.75206756774214,0.2817168674698795,19.108579260741415,0.6120906544515003,11.684999999999999,0.31624152543345846,0,LOW
MIZORAM,SERCHHIP,2026-08-22,0.7,11.599999999999998,16.9,16.9,9.2,LD,33.0,LD,981.4,N,185.3,D,456.68263314321695,16.716109516494683,0.28308734939759034,20.828889947427008,0.7006094248916288,9.905,0.2014561630979401,0,LOW
MIZORAM,SERCHHIP,2026-08-23,1.2,5.199999999999999,18.1,18.1,9.6,LD,1.2,LD,982.7,N,186.6,D,1155.1708939695704,23.630055268602952,0.2854367469879518,26.98370204467934,0.6318759241701071,8.96,0.22592426080981035,0,LOW
MIZORAM,SERCHHIP,2026-08-24,5.6,7.499999999999999,23.7,23.7,13.2,D,33.0,LD,988.3,N,192.2,D,1035.8086637718504,5.373382928800998,0.29640060240963856,28.224990178895013,0.4475703987417825,13.315,0.1779932192506247,0,LOW
MIZORAM,SERCHHIP,2026-08-25,3.3,10.099999999999998,27.0,27.0,13.2,LD,33.0,LD,969.8,N,195.5,D,1930.7695301119168,34.874304925454624,0.3028614457831325,29.031746819489,0.28577090353901186,14.48,0.3186978988906123,0,LOW
MIZORAM,SERCHHIP,2026-08-26,0.5,9.4,22.2,27.5,11.0,LD,22.3,LD,992.1,N,196.0,D,2238.1692498715793,17.09372448569132,0.29346385542168674,18.558630721249486,0.5321583172892153,12.2,0.22155508206716573,0,LOW
MIZORAM,SERCHHIP,2026-08-27,12.1,15.9,26.7,39.6,9.3,E,12.1,E,978.3,N,202.6,D,1648.7897668293506,27.45974133080746,0.30227409638554215,24.167538341155065,0.5525617918563783,20.825,0.3308168403045199,0,LOW
MIZORAM,SERCHHIP,2026-08-28,21.5,34.1,44.9,61.1,10.4,LE,21.5,LE,1024.7,N,228.6,D,354.8054523799835,11.772011280778027,0.3379066265060241,30.300188674929835,0.7123909647758911,36.44,0.379432438275744,0,LOW
MIZORAM,SERCHHIP,2026-08-29,17.4,51.0,61.6,78.5,7.7,LE,22.3,LD,1042.1,N,246.0,D,773.7074470391341,37.77598028537314,0.37060240963855423,21.66315773655536,0.6341737373751728,46.015,0.5697393548764565,1,MEDIUM
MIZORAM,SERCHHIP,2026-08-30,35.9,74.8,96.3,114.4,9.2,LE,22.3,LD,1078.0,N,281.9,N,2287.6298272390854,37.690888771131114,0.438539156626506,22.308012533766448,0.7727551765605921,72.5,0.7715786020730486,2,HIGH
MIZORAM,SERCHHIP,2026-08-31,39.2,92.5,129.89999999999998,153.6,9.9,LE,22.3,LD,1117.2,N,321.1,N,267.39950786932843,40.098116590118224,0.5043222891566265,31.74199004631166,0.719789727217055,92.35999999999999,0.8790783093429619,2,HIGH
MIZORAM,SERCHHIP,2026-09-01,60.3,135.39999999999998,186.9,213.9,7.1,LE,22.3,LD,992.1,N,60.3,LE,1046.7968065075247,6.837479884268913,0.6159186746987952,16.921894982552594,0.4695266702865681,133.765,0.7535725344253987,2,HIGH
MIZORAM,SERCHHIP,2026-09-02,28.9,128.4,215.3,242.8,9.9,LE,214.3,LE,1206.4,N,89.2,LE,2359.136317122029,44.69834839100055,0.6715210843373494,26.99523382084781,0.6293328541148189,132.46,0.9329635430496945,2,HIGH
MIZORAM,SERCHHIP,2026-09-03,16.0,105.2,219.2,253.5,9.7,LE,214.3,LE,1206.4,N,105.1,LE,2379.12886160024,14.911176577587781,0.679156626506024,29.453130159695164,0.698371917673076,124.725,0.8021032212015949,2,HIGH
MIZORAM,SERCHHIP,2026-09-04,4.7,49.6,202.4,250.6,10.9,D,214.3,LE,1227.1,N,109.9,LE,1057.4477837697864,17.377347441893978,0.6462650602409639,17.563489782778298,0.824128221503647,102.23499999999999,0.8064856673454994,2,HIGH
MIZORAM,SERCHHIP,2026-09-05,0.1,20.8,185.1,247.4,12.0,LD,214.3,LE,1227.2,N,109.9,LE,1685.1223758420535,14.973429167617844,0.6123945783132531,27.145705012123038,0.5034112975733476,88.62,0.7890274897409522,2,HIGH
MIZORAM,SERCHHIP,2026-09-06,33.6,38.400000000000006,182.8,280.29999999999995,12.2,LE,33.6,LE,1260.8,N,143.5,LE,1169.0267159672974,15.701307934661294,0.6078915662650602,22.985549774177517,0.6389691953866816,109.10499999999999,0.7913619040737289,2,HIGH
MIZORAM,SERCHHIP,2026-09-07,32.7,66.4,176.3,311.8,13.7,LE,214.3,LE,1293.5,N,176.2,LE,1895.9783216190372,27.106454244145866,0.5951656626506023,29.499145039468935,0.4855983011689805,118.89000000000001,0.8395062625041021,2,HIGH
MIZORAM,SERCHHIP,2026-09-08,66.3,132.6,182.3,372.5,12.9,LE,66.3,LE,1359.8,N,242.6,LE,127.37426019784635,14.592421772151184,0.6069126506024096,30.426689386210406,0.6926969073218723,157.805,0.7862377379967094,2,HIGH
MIZORAM,SERCHHIP,2026-09-09,26.8,125.8,180.2,396.0,8.4,LE,180.2,LE,1386.6,N,269.3,LE,403.1850148573282,20.75085245601619,0.602801204819277,29.832243353627746,0.7971959027863343,145.28,0.812786251879483,2,HIGH
MIZORAM,SERCHHIP,2026-09-10,0.0,93.1,164.2,395.5,10.5,NR,180.2,LE,1386.6,N,269.3,LE,1554.787068681818,31.224263297728612,0.5714759036144579,16.094547338843217,0.8015356094317451,123.64999999999998,0.8530696842683521,2,HIGH
MIZORAM,SERCHHIP,2026-09-11,0.0,26.799999999999983,159.5,383.4,11.2,NR,180.2,LE,1386.6,N,269.3,LE,619.7530429855058,38.44104814310907,0.5622740963855422,27.866539705854564,0.34425251043250604,104.085,0.8833039221353709,2,HIGH
MIZORAM,SERCHHIP,2026-09-12,0.0,0.0,159.4,361.9,12.0,NR,0.0,NR,1386.6,N,269.3,LE,1681.8281332094139,32.70966001067518,0.562078313253012,30.6659687747591,0.3724579585725273,94.13499999999999,0.8577919293647144,2,HIGH
MIZORAM,SERCHHIP,2026-09-13,2.1,2.099999999999986,127.9,346.6,8.8,LD,180.2,LE,1388.7,N,271.4,LE,910.496172280181,28.77291379149293,0.5004066265060241,25.562923491405826,0.7029576704738791,85.225,0.8279609421522846,2,HIGH
MIZORAM,SERCHHIP,2026-09-14,0.0,2.099999999999986,95.2,310.7,10.1,NR,0.0,NR,1388.7,N,271.4,LE,2222.2816174131626,10.909142501642748,0.43638554216867476,25.214893028134334,0.6286059315654411,70.92999999999999,0.6409361238445399,1,MEDIUM
MIZORAM,SERCHHIP,2026-09-15,0.1,2.199999999999986,29.0,271.6,11.6,LD,180.2,LE,1386.6,N,271.5,LE,2057.185494621967,37.64462406165131,0.30677710843373496,15.765091585767887,0.7930643721129729,48.574999999999996,0.5746231873543753,1,MEDIUM
MIZORAM,SERCHHIP,2026-09-16,3.4,3.499999999999986,5.6,214.7,9.9,LD,3.4,LD,1392.1,N,274.9,LE,1257.4526101685165,6.490995519721547,0.26096385542168676,29.552561377500954,0.43828033564932123,35.669999999999995,0.33508864915589587,0,LOW
MIZORAM,SERCHHIP,2026-09-17,13.8,17.299999999999986,19.4,199.6,11.6,E,5.5,LD,1405.9,N,288.7,E,1943.5929633824014,15.567666529412083,0.28798192771084336,15.788860534095747,0.7588124866877577,43.94499999999999,0.43976879602184465,1,MEDIUM
MIZORAM,SERCHHIP,2026-09-18,0.2,17.399999999999984,19.6,183.8,11.1,LD,0.2,LD,1406.2,N,288.9,E,714.2878212759714,7.282356677278448,0.2883734939759036,20.32966330853946,0.660265514190316,36.89,0.35277675778274553,0,LOW
MIZORAM,SERCHHIP,2026-09-19,0.1,14.099999999999987,19.7,179.2,10.5,LD,0.1,LD,1406.2,N,289.0,E,1260.9364531890635,31.697159023378504,0.2885692771084337,30.73967210988266,0.36727378609395966,35.364999999999995,0.4504648717888934,1,MEDIUM
MIZORAM,SERCHHIP,2026-09-20,15.5,15.799999999999986,33.1,194.6,11.2,E,15.5,E,1421.7,N,304.5,E,533.8310270650315,19.73484330374058,0.3148042168674699,31.145667426401708,0.32589662139738357,46.839999999999996,0.484272657159972,1,MEDIUM
MIZORAM,SERCHHIP,2026-09-21,0.0,15.599999999999987,33.1,161.0,8.2,NR,5.5,LD,1392.1,N,304.5,E,2159.171112876435,31.08193932819467,0.3148042168674699,31.862309188090684,0.6716341612051646,36.324999999999996,0.4598148117934456,1,MEDIUM
NAGALAND,DIMAPUR,2026-08-19,21.9,21.9,21.9,21.9,9.9,LE,21.9,LE,538.0,N,258.8,LE,2066.5156605926168,18.881238372143613,0.2928765060240964,23.098838855419068,0.3450769076345608,21.9,0.2984669512126149,0,LOW
NAGALAND,DIMAPUR,2026-08-20,1.7,23.6,23.6,23.6,4.9,LD,54.4,N,539.7,N,260.5,LE,2260.266687602053,23.229629231979768,0.29620481927710846,18.016302288477185,0.7265974238458889,15.934999999999999,0.27597518432562945,0,LOW
NAGALAND,DIMAPUR,2026-08-21,4.4,28.0,28.0,28.0,8.2,D,54.4,N,538.0,N,264.9,LE,2199.8186039994357,23.318440406647234,0.3048192771084337,23.295056276094428,0.5842570240763904,19.74,0.30519256429009545,0,LOW
NAGALAND,DIMAPUR,2026-08-22,3.2,9.3,31.2,31.2,6.1,D,54.4,N,547.4,N,268.2,LE,2401.0108420457623,6.823226146701784,0.3110843373493976,16.739319726411836,0.5361202374776739,15.925,0.20596251941722907,0,LOW
NAGALAND,DIMAPUR,2026-08-23,1.1,8.700000000000001,32.3,32.3,7.3,LD,1.1,LD,548.5,N,269.2,E,609.4237674982186,22.20906105384014,0.3132379518072289,29.833113852489486,0.4153174215528518,15.48,0.2716053750505312,0,LOW
NAGALAND,DIMAPUR,2026-08-24,14.9,19.200000000000003,47.2,47.2,5.4,LE,54.4,N,563.4,N,284.2,LE,2332.969512448523,30.642574524608108,0.34240963855421686,24.529132965530582,0.8403073569549159,28.895000000000003,0.4104656061269287,1,MEDIUM
NAGALAND,DIMAPUR,2026-08-25,0.3,16.3,47.5,47.5,1.6,LD,54.4,N,538.0,N,284.5,E,1449.4723188123942,26.84208984301735,0.3429969879518072,21.87660028583484,0.6833002665463159,23.18,0.35298895876975245,0,LOW
NAGALAND,DIMAPUR,2026-08-26,2.1,17.3,27.7,49.6,8.7,LD,27.8,D,565.8,N,286.6,E,1085.1129555994728,8.01135065113149,0.3042319277108434,16.352021942173675,0.7168381882989261,19.424999999999997,0.2348001078549463,0,LOW
NAGALAND,DIMAPUR,2026-08-27,24.5,26.9,50.5,74.1,9.7,LE,24.5,LE,590.3,N,311.1,E,1422.9160451212888,31.722239427469955,0.34887048192771086,21.889091505882718,0.7112265565992029,39.03999999999999,0.488810474078405,1,MEDIUM
NAGALAND,DIMAPUR,2026-08-28,3.7,30.3,49.8,77.8,7.6,D,3.7,D,594.0,N,314.8,E,889.3757737931807,17.354510196610438,0.34750000000000003,29.72525734263185,0.6004093463059579,32.99,0.3815908096406121,0,LOW
NAGALAND,DIMAPUR,2026-08-29,51.0,79.2,97.6,128.8,6.9,LE,27.8,D,645.0,N,365.7,LE,756.9548670543327,5.577392111160884,0.44108433734939756,26.957900852112616,0.8138193051753267,81.37,0.6925344366526948,1,MEDIUM
NAGALAND,DIMAPUR,2026-08-30,1.0,55.7,97.5,129.8,7.6,LD,27.8,D,646.0,N,366.8,LE,641.2201280449455,11.22382228336981,0.44088855421686746,16.401743797686432,0.6002929020296061,58.120000000000005,0.5520005907964443,1,MEDIUM
NAGALAND,DIMAPUR,2026-08-31,6.0,58.0,88.6,135.8,6.3,N,27.8,D,652.0,N,372.8,LE,251.9485741699607,24.902386292662378,0.42346385542168674,17.718422395344987,0.5620273510624896,59.120000000000005,0.6164314165743167,1,MEDIUM
NAGALAND,DIMAPUR,2026-09-01,10.8,17.8,99.1,146.6,9.2,N,27.8,D,565.8,N,10.8,N,1266.5839980106093,17.416066361202745,0.4440210843373494,21.66924434202758,0.4142262654537203,54.99499999999999,0.5578914699926883,1,MEDIUM
NAGALAND,DIMAPUR,2026-09-02,6.2,23.0,103.2,152.8,2.3,LE,103.2,LE,669.0,N,17.0,E,2225.016105499024,32.775320550142034,0.4520481927710843,16.723376405660616,0.41904155190500403,56.64,0.6394761766261081,1,MEDIUM
NAGALAND,DIMAPUR,2026-09-03,2.1,19.1,80.80000000000001,133.0,4.3,D,103.2,LE,669.0,N,19.1,E,1593.8723247222424,14.626139022630579,0.4081927710843374,30.878700263885605,0.6921303435892261,45.660000000000004,0.4718408813358164,1,MEDIUM
NAGALAND,DIMAPUR,2026-09-04,25.4,33.7,102.5,156.7,7.5,LE,103.2,LE,696.6,N,44.6,LE,1326.3903002516452,35.91184673900675,0.4506777108433735,26.08896475872489,0.4508604529837633,66.445,0.7229748550088494,2,HIGH
NAGALAND,DIMAPUR,2026-09-05,49.8,77.3,101.3,202.1,12.1,LE,103.2,LE,746.4,N,94.4,LE,1100.0526497147455,16.459087255759197,0.44832831325301203,16.611991022167064,0.6872264470880067,92.395,0.7628171615650877,2,HIGH
NAGALAND,DIMAPUR,2026-09-06,1.8,77.0,102.1,200.7,6.0,LD,1.8,LD,748.2,N,96.2,LE,1187.7839844771204,29.83454830337663,0.44989457831325297,28.39697686046783,0.821624055288895,75.50999999999999,0.7603702822954926,2,HIGH
NAGALAND,DIMAPUR,2026-09-07,1.8,53.4,97.9,201.4,3.8,D,103.2,LE,750.0,N,97.9,LE,562.7295015512798,36.9686552100472,0.441671686746988,21.26290078572303,0.5135844620672553,68.66499999999999,0.7416817446611139,2,HIGH
NAGALAND,DIMAPUR,2026-09-08,4.8,8.4,91.9,191.3,7.6,D,4.8,D,754.8,N,102.8,LE,2066.192899123088,20.422245145749955,0.42992469879518075,19.162800957404755,0.3083953857277852,55.45,0.5716735646938553,1,MEDIUM
NAGALAND,DIMAPUR,2026-09-09,1.5,8.100000000000001,87.2,192.5,10.8,LD,87.3,LE,756.3,N,104.3,LE,536.0382600397437,6.872197672618818,0.4207228915662651,24.68974401297475,0.6499278887976616,53.225,0.49376399136198273,1,MEDIUM
NAGALAND,DIMAPUR,2026-09-10,1.5,7.8,86.60000000000001,191.9,6.1,LD,87.3,LE,756.3,N,105.7,E,1805.7257539819168,26.417820842355233,0.41954819277108435,15.227326263049202,0.2557138190172914,52.91,0.5781550113817696,1,MEDIUM
NAGALAND,DIMAPUR,2026-09-11,0.0,3.000000000000001,61.2,167.4,5.9,NR,87.3,LE,757.8,N,105.7,E,1911.963278165574,44.81636246178001,0.36981927710843376,22.911760221772333,0.722202112763378,41.16,0.5662952886510619,1,MEDIUM
NAGALAND,DIMAPUR,2026-09-12,4.3,5.800000000000001,15.7,167.99999999999997,4.0,N,4.3,N,762.1,N,110.1,E,1458.429152967949,43.759674655076545,0.28073795180722894,29.344684882617884,0.565391870223231,32.08,0.4791135320609035,1,MEDIUM
NAGALAND,DIMAPUR,2026-09-13,1.5,5.800000000000001,15.4,118.5,4.7,LD,87.3,LE,763.6,N,111.6,E,2164.1696186393297,13.84088775776673,0.28015060240963857,30.77697913175466,0.543839322405193,23.599999999999998,0.28562786332391593,0,LOW
NAGALAND,DIMAPUR,2026-09-14,0.0,5.800000000000001,13.6,117.5,2.5,NR,0.0,NR,763.6,N,111.6,E,763.0733635040925,35.2278603769701,0.2766265060240964,20.823429975079478,0.5916652963466124,22.475,0.3719638395051519,0,LOW
NAGALAND,DIMAPUR,2026-09-15,0.0,1.5000000000000009,8.8,111.5,6.5,NR,87.3,LE,756.3,N,111.6,E,2209.962192045015,18.79807327280264,0.2672289156626506,25.921421998805755,0.5598451263608295,19.299999999999997,0.2744502264102284,0,LOW
NAGALAND,DIMAPUR,2026-09-16,1.8,1.800000000000001,9.1,102.5,4.2,D,1.8,D,765.4,N,113.3,N,1837.0556260182952,11.41089920732366,0.267816265060241,18.85599845227017,0.4442663630776136,18.73,0.23767618735512097,0,LOW
NAGALAND,DIMAPUR,2026-09-17,0.8,2.600000000000001,8.4,97.1,4.4,LD,9.1,LD,766.2,N,114.1,N,2006.9370780163138,31.63658802409973,0.26644578313253015,24.523622206740054,0.4189053458075451,17.595,0.31921040360662356,0,LOW
NAGALAND,DIMAPUR,2026-09-18,5.9,8.500000000000002,14.3,100.9,2.9,LE,5.9,LE,772.1,N,120.1,N,1678.2202883419197,25.034749181070758,0.2779969879518072,19.318471344604212,0.4991784763743371,22.9,0.32996213224455284,0,LOW
NAGALAND,DIMAPUR,2026-09-19,0.0,6.700000000000002,10.0,75.5,3.6,NR,0.0,NR,772.1,N,120.1,N,2123.540391625425,26.56922230622709,0.26957831325301207,24.713060646666698,0.78694556914934,15.5,0.2823943847490975,0,LOW
NAGALAND,DIMAPUR,2026-09-20,0.0,5.900000000000002,8.5,25.700000000000003,3.5,NR,0.0,NR,772.1,N,120.1,N,2483.092213658208,38.09570648942034,0.26664156626506025,17.919275993984925,0.3312222758727058,7.455000000000001,0.27573817555352975,0,LOW
NAGALAND,DIMAPUR,2026-09-21,1.5,1.5000000000000018,10.0,25.4,8.5,LD,9.1,LD,765.4,N,121.6,N,1079.3989935853647,18.461747035496924,0.26957831325301207,31.000953464932635,0.44485875801194996,7.21,0.18731855674281422,0,LOW
NAGALAND,KIPHIRE,2026-08-19,8.3,8.3,8.3,8.3,4.0,LE,8.3,LE,552.8,E,123.0,E,2044.0934250884472,31.68379038222652,0.26625,30.07759709892396,0.36538025676964264,8.3,0.2531806722012232,0,LOW
NAGALAND,KIPHIRE,2026-08-20,25.1,33.400000000000006,33.400000000000006,33.400000000000006,2.2,LE,28.6,D,577.9,E,148.1,E,1874.2204108191822,19.64765867850501,0.31539156626506026,20.727610240630277,0.5062821860424291,30.495000000000005,0.36759113536827925,0,LOW
NAGALAND,KIPHIRE,2026-08-21,0.2,33.6,33.6,33.6,6.6,LD,28.6,D,552.8,E,148.3,E,1159.531905994444,6.7089558632171675,0.31578313253012047,28.203269111724026,0.3300990514739027,21.91,0.24902046461799165,0,LOW
NAGALAND,KIPHIRE,2026-08-22,0.3,25.6,33.900000000000006,33.900000000000006,3.4,LD,28.6,D,578.4,E,148.6,E,2321.0250493446542,20.120604293453958,0.3163704819277109,16.623570222447306,0.7064773683413392,20.065000000000005,0.29560489831472014,0,LOW
NAGALAND,KIPHIRE,2026-08-23,0.0,0.5,33.900000000000006,33.900000000000006,6.9,NR,0.0,NR,578.4,E,148.6,E,1016.3435274528571,43.00137852816539,0.3163704819277109,27.586135447992206,0.31208043555074483,13.685000000000002,0.3518579258070116,0,LOW
NAGALAND,KIPHIRE,2026-08-24,1.6,1.9,35.5,35.5,6.0,LD,28.6,D,580.0,E,150.2,N,1435.391494876782,24.330499283536682,0.31950301204819276,19.80180520341597,0.6491572561703625,15.235,0.28054207526206226,0,LOW
NAGALAND,KIPHIRE,2026-08-25,1.8,3.4000000000000004,37.3,37.3,4.1,D,28.6,D,552.8,E,151.9,N,309.5587746278558,9.329217473474728,0.32302710843373494,17.30591006748966,0.41062619492141406,16.4,0.222871833030168,0,LOW
NAGALAND,KIPHIRE,2026-08-26,2.1,5.5,31.1,39.400000000000006,7.4,LD,31.0,N,583.8,E,154.0,N,603.1492254623522,32.51307317504903,0.31088855421686745,26.52925070436143,0.5333139981145976,15.795000000000002,0.31917458149117056,0,LOW
NAGALAND,KIPHIRE,2026-08-27,22.5,26.4,28.5,61.900000000000006,3.4,LE,22.5,LE,606.3,E,176.5,E,2109.7056178077137,43.53517398874085,0.30579819277108433,22.986715902929618,0.36999277703052486,30.884999999999998,0.47461683299159724,1,MEDIUM
NAGALAND,KIPHIRE,2026-08-28,0.6,25.2,28.9,62.5,5.7,LD,0.6,LD,606.9,E,177.1,E,1021.554170930676,41.317809861770286,0.3065813253012048,24.01237322941755,0.6881342076854314,23.11,0.40954380931606355,1,MEDIUM
NAGALAND,KIPHIRE,2026-08-29,0.0,23.1,28.6,62.5,8.4,NR,31.0,N,606.9,E,177.1,N,1015.5060190673826,27.878433512325547,0.30599397590361443,23.849006330344654,0.8189655935609946,22.3,0.343926838232015,0,LOW
NAGALAND,KIPHIRE,2026-08-30,0.4,1.0,29.0,62.900000000000006,5.4,LD,31.0,N,607.3,E,177.5,N,652.6534945670196,20.051229773941248,0.30677710843373496,16.010615695802333,0.38304717243579756,17.075,0.2720826707417771,0,LOW
NAGALAND,KIPHIRE,2026-08-31,3.5,3.9,30.9,66.4,2.5,E,31.0,N,610.8,E,180.9,N,1254.4453190287632,28.227106740369617,0.31049698795180725,15.87346423457551,0.821891924627697,19.884999999999998,0.32917711269439953,0,LOW
NAGALAND,KIPHIRE,2026-09-01,9.4,13.3,38.5,75.8,5.8,LE,31.0,N,583.8,E,9.4,LE,2024.251555309025,37.63724248796998,0.3253765060240964,25.219847567117647,0.4451642806068604,27.61,0.4289944329739894,1,MEDIUM
NAGALAND,KIPHIRE,2026-09-02,22.3,35.2,58.7,98.1,5.0,LE,58.6,LE,642.5,E,31.7,LE,2243.152088545662,39.44949368073817,0.36492469879518075,25.60569892004208,0.584708300231141,45.995,0.5758992070661587,1,MEDIUM
NAGALAND,KIPHIRE,2026-09-03,12.4,44.1,48.6,102.2,5.6,LE,58.6,LE,642.5,E,44.1,LE,221.78035850825052,37.753755397697645,0.3451506024096386,15.801967460756948,0.6709539706513457,42.845,0.5419730078865926,1,MEDIUM
NAGALAND,KIPHIRE,2026-09-04,0.6,35.300000000000004,48.6,77.7,1.9,LD,58.6,LE,655.5,E,44.8,LE,1458.310791538283,23.219055137669507,0.3451506024096386,21.4334686420929,0.36956116963911617,32.84,0.40611725214734995,1,MEDIUM
NAGALAND,KIPHIRE,2026-09-05,24.8,37.8,73.4,102.3,2.4,LE,58.6,LE,680.3,E,69.5,LE,1194.8197513362195,9.754319582809199,0.39370481927710843,25.418471752527267,0.5168583624595766,51.825,0.4911988008111458,1,MEDIUM
NAGALAND,KIPHIRE,2026-09-06,25.0,50.4,98.0,127.0,1.4,LE,25.0,LE,705.3,E,94.5,LE,1554.990533655367,27.766937069551055,0.4418674698795181,26.163571147802298,0.29069648839843004,64.9,0.674009490061116,1,MEDIUM
NAGALAND,KIPHIRE,2026-09-07,0.0,49.8,94.5,127.0,4.8,NR,58.6,LE,705.3,E,94.5,LE,1145.8254329252593,11.257153121334609,0.4350150602409638,29.080687907701375,0.668232265616812,55.125,0.529643196643982,1,MEDIUM
NAGALAND,KIPHIRE,2026-09-08,16.3,41.3,101.4,141.7,4.2,LE,16.3,LE,721.6,E,110.8,LE,1026.6798110908671,7.4383333559142395,0.44852409638554214,22.152448821146976,0.49996967183468705,62.635000000000005,0.5688598009430486,1,MEDIUM
NAGALAND,KIPHIRE,2026-09-09,10.3,26.6,89.39999999999999,150.2,3.1,LE,89.5,LE,731.9,E,121.1,LE,1206.107745452249,24.946713337154435,0.4250301204819277,24.320382279498467,0.7849867195837545,55.13499999999999,0.5885599200174412,1,MEDIUM
NAGALAND,KIPHIRE,2026-09-10,0.3,26.9,77.3,148.4,5.0,LD,89.5,LE,731.9,E,121.4,LE,1475.8978654532145,31.214938001865118,0.4013403614457831,24.835526385349894,0.41439513314388277,48.415000000000006,0.5638199118339936,1,MEDIUM
NAGALAND,KIPHIRE,2026-09-11,0.0,10.599999999999998,76.69999999999999,125.9,5.6,NR,89.5,LE,732.2,E,121.5,LE,1277.4088670278531,39.165892256255724,0.4001656626506024,20.304769816105424,0.8041607945943562,40.709999999999994,0.5440463983730306,1,MEDIUM
NAGALAND,KIPHIRE,2026-09-12,0.3,0.5999999999999964,52.2,125.6,5.5,LD,0.3,LD,732.5,E,121.7,LE,1206.753905000583,36.313422158172145,0.3521987951807229,15.915031841507398,0.334623906809707,32.144999999999996,0.460774184795464,1,MEDIUM
NAGALAND,KIPHIRE,2026-09-13,0.0,0.2999999999999964,27.200000000000003,125.6,3.5,NR,89.5,LE,732.5,E,121.7,LE,2053.6965093972976,39.289620510261926,0.30325301204819277,15.07184074548678,0.61417987960833,25.715,0.4184171665748172,1,MEDIUM
NAGALAND,KIPHIRE,2026-09-14,0.3,0.5999999999999964,27.5,125.5,2.7,LD,0.3,LD,732.8,E,122.0,LE,1876.8375785327514,35.40275083283562,0.30384036144578314,29.214132074014923,0.43468490792330733,25.955,0.4029689755624977,1,MEDIUM
NAGALAND,KIPHIRE,2026-09-15,0.5,0.7999999999999965,11.7,122.5,3.9,LD,89.5,LE,731.9,E,122.6,LE,886.3773107439224,33.129575876245575,0.2729066265060241,18.403940982880567,0.3590689665719724,21.674999999999997,0.356196436535164,0,LOW
NAGALAND,KIPHIRE,2026-09-16,0.0,0.7999999999999965,1.4,113.1,6.1,NR,0.0,NR,733.3,E,122.6,LE,2011.4139379125352,5.405502765627985,0.25274096385542166,25.714329290705304,0.3063623030314993,17.515,0.1993170667850121,0,LOW
NAGALAND,KIPHIRE,2026-09-17,2.5,2.9999999999999964,3.6,93.3,4.2,D,1.4,LD,735.9,E,125.1,LE,2141.4441390610255,30.04409247236842,0.2570481927710843,24.80980713694663,0.643385535297214,16.52,0.3025968187299718,0,LOW
NAGALAND,KIPHIRE,2026-09-18,14.1,16.599999999999994,17.7,95.0,3.7,LE,14.1,LE,750.0,E,139.2,LE,426.0559031667667,9.819272165564708,0.2846536144578313,21.793762304588824,0.3899007599555473,27.759999999999998,0.29828275316327646,0,LOW
NAGALAND,KIPHIRE,2026-09-19,0.0,16.599999999999994,17.4,94.4,4.9,NR,0.0,NR,750.0,E,139.2,LE,1477.572031240359,7.346685293301642,0.28406626506024096,29.169386247910772,0.5936886472426286,22.659999999999997,0.25085305493498633,0,LOW
NAGALAND,KIPHIRE,2026-09-20,1.1,15.199999999999996,18.5,70.7,3.0,LD,1.1,LD,751.1,E,140.3,LE,749.0143843180738,11.256486084226216,0.28621987951807226,26.872827126787442,0.8376512337011667,19.415,0.24554930088630147,0,LOW
NAGALAND,KIPHIRE,2026-09-21,0.0,1.0999999999999963,18.2,45.7,4.2,NR,1.4,LD,733.3,E,140.3,LE,1860.9721887204703,37.93168645767001,0.28563253012048195,15.38660487846594,0.4395770921677189,11.68,0.3088984645135582,0,LOW
NAGALAND,KOHIMA,2026-08-19,14.8,14.8,14.8,14.8,13.7,N,14.8,N,792.6,N,200.0,N,635.0240569287739,34.75397572400085,0.27897590361445784,28.203799247063642,0.27096656663003726,14.799999999999999,0.3156650812756775,0,LOW
NAGALAND,KOHIMA,2026-08-20,8.9,23.700000000000003,23.700000000000003,23.700000000000003,8.8,N,54.6,D,801.5,N,208.9,N,1694.938634223928,42.95089620820849,0.29640060240963856,23.618979906029956,0.3356935686378523,18.520000000000003,0.3820751682526331,0,LOW
NAGALAND,KOHIMA,2026-08-21,3.2,26.9,26.9,26.9,15.3,LD,54.6,D,792.6,N,212.0,N,675.055407341203,44.15905034601642,0.3026656626506024,20.899327914408396,0.32159320564670246,18.605,0.3893031368026545,0,LOW
NAGALAND,KOHIMA,2026-08-22,4.7,16.8,31.6,31.6,7.1,D,54.6,D,809.3,N,216.7,N,1302.3022204033607,40.73135945495928,0.3118674698795181,27.357039160698523,0.5279701163231414,18.485,0.37505465878426625,0,LOW
NAGALAND,KOHIMA,2026-08-23,3.8,11.7,35.4,35.4,18.9,LD,3.8,LD,813.1,N,220.5,N,2374.1838463946706,10.317042039079967,0.31930722891566266,26.663115703986577,0.6967903417963763,18.415,0.2408693161806722,0,LOW
NAGALAND,KOHIMA,2026-08-24,11.4,19.9,46.8,46.8,11.7,N,54.6,D,824.6,N,232.0,N,984.2034692182646,40.13530963699922,0.3416265060240964,20.280000043772134,0.427866631469115,27.685,0.4438811147151789,1,MEDIUM
NAGALAND,KOHIMA,2026-08-25,16.5,31.700000000000003,63.3,63.3,10.6,E,54.6,D,792.6,N,248.5,N,2195.5592906098586,38.54548539154581,0.37393072289156626,31.711660815463983,0.3375056625063059,39.019999999999996,0.5240056169349345,1,MEDIUM
NAGALAND,KOHIMA,2026-08-26,9.0,36.900000000000006,57.5,72.3,11.6,D,57.5,D,850.1,N,257.5,N,2468.0142239495417,39.84343439438789,0.3625753012048193,26.028044274099805,0.6344600597973562,37.595,0.5173541343345301,1,MEDIUM
NAGALAND,KOHIMA,2026-08-27,19.3,44.8,67.9,91.6,10.2,LE,19.3,LE,869.4,N,276.8,N,2193.38457957265,11.067424684659656,0.3829367469879518,25.29825511171619,0.4307081253095455,48.67,0.4724108329784498,1,MEDIUM
NAGALAND,KOHIMA,2026-08-28,2.1,30.40000000000001,66.8,93.7,13.1,LD,2.1,LD,871.5,N,278.9,N,456.37177282219,9.671673110932701,0.38078313253012047,16.187966179190127,0.5951022095873395,39.09,0.39754659462239084,0,LOW
NAGALAND,KOHIMA,2026-08-29,3.2,24.600000000000005,65.3,96.9,14.5,LD,57.5,D,874.7,N,282.1,N,2058.1626378611495,41.95235518336327,0.37784638554216865,19.748419265860537,0.8102719358036511,38.129999999999995,0.5335916815153744,1,MEDIUM
NAGALAND,KOHIMA,2026-08-30,1.5,6.800000000000004,63.0,98.4,9.9,LD,57.5,D,876.1,N,283.5,N,128.76601799637507,11.95306596538018,0.3733433734939759,22.598558039549506,0.42480817295591566,32.735,0.3609369178658926,0,LOW
NAGALAND,KOHIMA,2026-08-31,5.8,10.500000000000004,57.4,104.2,11.5,D,57.5,D,881.9,N,289.3,N,1013.5896150633042,19.74486924170405,0.3623795180722892,25.720636973264497,0.5574949686917612,34.635000000000005,0.4069064642290951,1,MEDIUM
NAGALAND,KOHIMA,2026-09-01,9.9,17.200000000000003,50.8,114.1,12.8,D,57.5,D,850.1,N,9.9,D,2183.296764628766,23.23939397976241,0.3494578313253012,23.71698172241642,0.7340871481787298,37.58,0.4408280729667458,1,MEDIUM
NAGALAND,KOHIMA,2026-09-02,21.8,37.5,63.6,135.9,8.5,LE,63.6,D,913.6,N,31.7,E,1737.4429212618036,9.977701113182578,0.3745180722891566,27.971559869013653,0.6650308674985769,53.290000000000006,0.4987882046218368,1,MEDIUM
NAGALAND,KOHIMA,2026-09-03,9.8,41.50000000000001,54.1,130.9,8.8,N,63.6,D,913.6,N,41.5,E,1355.2140469778012,5.825371521301896,0.3559186746987952,19.463651111954334,0.7008869048675115,46.965,0.4315659426023495,1,MEDIUM
NAGALAND,KOHIMA,2026-09-04,10.7,42.3,62.7,132.7,10.4,N,63.6,D,934.2,N,52.2,E,1000.2668614524202,44.763618790684646,0.37275602409638553,26.936668919802234,0.7135416249136601,49.89999999999999,0.6288957927865126,1,MEDIUM
NAGALAND,KOHIMA,2026-09-05,42.2,62.7,101.70000000000002,171.70000000000002,10.9,LE,63.6,D,976.4,N,94.5,LE,2040.1275188522009,40.06628979339845,0.44911144578313256,28.882149797149765,0.5739496122004258,81.625,0.8492399957063221,2,HIGH
NAGALAND,KOHIMA,2026-09-06,17.3,70.2,117.5,184.3,12.0,E,17.3,E,993.7,N,111.8,LE,1788.4180896731411,41.49351717402549,0.4800451807228916,28.005849584910205,0.571637264741359,80.625,0.8546478277792302,2,HIGH
NAGALAND,KOHIMA,2026-09-07,8.4,67.9,120.1,188.9,8.2,N,63.6,D,1002.1,N,120.1,LE,1197.5930330583997,16.38252277088474,0.4851355421686747,28.104391937996567,0.6813337482690685,78.275,0.7273244333619705,2,HIGH
NAGALAND,KOHIMA,2026-09-08,4.9,30.6,115.1,182.4,9.1,D,4.9,D,1007.0,N,125.0,E,2236.5866261636666,13.804062909817564,0.4753463855421687,30.104619973456813,0.6685889620681333,65.5,0.62292134333664,1,MEDIUM
NAGALAND,KOHIMA,2026-09-09,0.2,13.5,93.5,166.10000000000002,11.1,LD,93.6,E,1007.2,N,125.3,E,613.3726436556493,22.034662327017067,0.4330572289156627,16.431035222168322,0.6520345984178111,51.735,0.5530075905296202,1,MEDIUM
NAGALAND,KOHIMA,2026-09-10,4.8,9.9,88.50000000000001,161.9,15.1,LD,93.6,E,1007.2,N,130.1,E,467.45919743863095,23.132774759120274,0.42326807228915664,26.85225671335975,0.4792808152855982,50.565000000000005,0.5475973460726937,1,MEDIUM
NAGALAND,KOHIMA,2026-09-11,0.0,5.0,77.80000000000001,142.6,10.9,NR,93.6,E,1012.1,N,130.1,N,1624.8692226172748,5.223977554569625,0.40231927710843374,31.467529418979836,0.7471255873629261,42.09,0.4034527308854873,1,MEDIUM
NAGALAND,KOHIMA,2026-09-12,0.0,4.8,35.60000000000001,140.5,8.6,NR,0.0,NR,1012.1,N,130.1,N,2431.3861396193374,36.170124502393314,0.3196987951807229,24.75206104786715,0.3917217336225336,31.175,0.44672882303904016,1,MEDIUM
NAGALAND,KOHIMA,2026-09-13,0.0,0.0,18.300000000000008,137.3,7.2,NR,93.6,E,1012.1,N,130.1,N,655.7786046015873,44.86668152568069,0.28582831325301206,18.694377303734676,0.34343917981162736,25.170000000000005,0.43583759415586903,1,MEDIUM
NAGALAND,KOHIMA,2026-09-14,0.3,0.3,10.200000000000008,136.10000000000002,6.9,LD,0.3,LD,1012.4,N,130.5,N,661.6924283878749,26.147634804083573,0.26996987951807233,31.97881469816162,0.4570973314694209,23.145000000000003,0.3350477950731758,0,LOW
NAGALAND,KOHIMA,2026-09-15,1.0,1.3,6.300000000000007,131.3,8.2,LD,93.6,E,1007.2,N,131.5,N,391.7721775073653,20.53034780049805,0.2623343373493976,17.969513977965143,0.40229874424297357,21.945,0.3000083893621084,0,LOW
NAGALAND,KOHIMA,2026-09-16,7.2,8.5,13.300000000000008,128.6,7.9,N,7.2,N,1020.6,N,138.7,N,2158.380710420399,20.710075728848132,0.276039156626506,20.70448085537261,0.6479095073218939,27.26,0.34140235913046685,0,LOW
NAGALAND,KOHIMA,2026-09-17,2.3,10.5,10.800000000000006,109.1,9.6,LD,13.4,LD,1022.9,N,140.9,N,604.6739740077685,8.843085286884026,0.271144578313253,17.925057203091853,0.38861071068997655,22.494999999999997,0.2537442298502906,0,LOW
NAGALAND,KOHIMA,2026-09-18,4.3,13.8,15.100000000000009,103.6,7.8,D,4.3,D,1027.2,N,145.3,N,1282.7873904759751,15.64647273456047,0.2795632530120482,22.89671876875116,0.6438939030105213,24.270000000000003,0.2983070545344277,0,LOW
NAGALAND,KOHIMA,2026-09-19,0.0,6.6,15.100000000000009,92.9,4.9,NR,0.0,NR,1027.2,N,145.3,N,2477.637571105401,25.085311545385245,0.2795632530120482,22.12089216338629,0.5579336769044732,19.360000000000003,0.3052877039546561,0,LOW
NAGALAND,KOHIMA,2026-09-20,5.8,10.1,20.90000000000001,56.5,11.8,D,5.8,D,1033.0,N,151.1,D,79.74520725900673,22.273920045387893,0.2909186746987952,23.351095240679737,0.34147004084515575,18.255000000000003,0.28719374173048107,0,LOW
NAGALAND,KOHIMA,2026-09-21,1.7,7.5,22.300000000000008,40.900000000000006,6.6,LD,13.4,LD,1020.6,N,152.8,D,1413.3909217514456,26.801389829724407,0.2936596385542169,30.775717800942303,0.4050377584726137,14.180000000000003,0.27884127048179014,0,LOW
NAGALAND,LONGLENG,2026-08-19,0.0,0.0,0.0,0.0,6.8,ND,0.0,ND,0.0,ND,0.0,ND,1305.1081546271173,38.962625945496264,0.25,23.131514559181827,0.5630360705819337,0.0,0.22316722642442782,0,LOW
NAGALAND,LONGLENG,2026-08-20,0.0,0.0,0.0,0.0,4.4,ND,0.0,ND,0.0,ND,0.0,ND,2028.246072204879,14.00969210798448,0.25,23.74864754563195,0.6898631823542188,0.0,0.11226529825770881,0,LOW
NAGALAND,LONGLENG,2026-08-21,0.0,0.0,0.0,0.0,12.2,ND,0.0,ND,0.0,ND,0.0,ND,920.4397719043036,6.106567236252478,0.25,30.07359580061396,0.48895098650480556,0.0,0.07714029882778879,0,LOW
NAGALAND,LONGLENG,2026-08-22,0.0,0.0,0.0,0.0,6.8,ND,0.0,ND,0.0,ND,0.0,ND,1055.3363293026518,6.52901781130963,0.25,28.901885898252146,0.389699585306824,0.0,0.07901785693915392,0,LOW
NAGALAND,LONGLENG,2026-08-23,0.0,0.0,0.0,0.0,12.1,ND,0.0,ND,0.0,ND,0.0,ND,461.448052467216,10.366752212274335,0.25,19.07527453083255,0.42704692545627326,0.0,0.09607445427677483,0,LOW
NAGALAND,LONGLENG,2026-08-24,0.0,0.0,0.0,0.0,5.2,ND,0.0,ND,0.0,ND,0.0,ND,1864.9973175076773,27.8193193921761,0.25,15.219741238890453,0.30707031356403813,0.0,0.17364141952078266,0,LOW
NAGALAND,LONGLENG,2026-08-25,0.0,0.0,0.0,0.0,6.3,ND,0.0,ND,0.0,ND,0.0,ND,1972.5368275109633,37.32739240151699,0.25,25.701493067434868,0.26508970065413984,0.0,0.21589952178451993,0,LOW
NAGALAND,LONGLENG,2026-08-26,0.0,0.0,0.0,0.0,3.6,ND,0.0,ND,0.0,ND,0.0,ND,384.82513590813414,40.472237571225264,0.25,29.36244700523784,0.8338775871981124,0.0,0.22987661142766785,0,LOW
NAGALAND,LONGLENG,2026-08-27,0.0,0.0,0.0,0.0,9.0,ND,0.0,ND,0.0,ND,0.0,ND,1013.9698312713883,30.40452807899885,0.25,24.3984519143768,0.3078459606195492,0.0,0.18513123590666158,0,LOW
NAGALAND,LONGLENG,2026-08-28,0.0,0.0,0.0,0.0,4.5,ND,0.0,ND,0.0,ND,0.0,ND,2237.6172386385733,21.12573009803574,0.25,18.590007640218367,0.32493240706639004,0.0,0.14389213376904775,0,LOW
NAGALAND,LONGLENG,2026-08-29,0.0,0.0,0.0,0.0,5.4,ND,0.0,ND,0.0,ND,0.0,ND,56.63282050567854,11.180588326245896,0.25,27.603036541480215,0.7725784510477856,0.0,0.09969150367220399,0,LOW
NAGALAND,LONGLENG,2026-08-30,0.0,0.0,0.0,0.0,7.2,ND,0.0,ND,0.0,ND,0.0,ND,781.9597230254491,21.056733577739163,0.25,26.38216780439159,0.6481031414315548,0.0,0.14358548256772963,0,LOW
NAGALAND,LONGLENG,2026-08-31,0.0,0.0,0.0,0.0,3.8,ND,0.0,ND,0.0,ND,0.0,ND,1409.853598378742,18.296605356311343,0.25,24.6055531359454,0.5116435187471957,0.0,0.13131824602805042,0,LOW
NAGALAND,LONGLENG,2026-09-01,0.0,0.0,0.0,0.0,4.4,ND,0.0,ND,0.0,ND,0.0,ND,868.5299561668857,39.80103523428551,0.25,29.676714958356722,0.6394140434355097,0.0,0.22689348993015784,0,LOW
NAGALAND,LONGLENG,2026-09-02,0.0,0.0,0.0,0.0,5.6,ND,0.0,ND,0.0,ND,0.0,ND,716.51071348529,24.468775096424288,0.25,28.33211999996356,0.8109908941182461,0.0,0.1587501115396635,0,LOW
NAGALAND,LONGLENG,2026-09-03,0.0,0.0,0.0,0.0,8.7,ND,0.0,ND,0.0,ND,0.0,ND,1177.091838012871,14.047835998181153,0.25,26.355185554187265,0.3096263868614236,0.0,0.1124348266585829,0,LOW
NAGALAND,LONGLENG,2026-09-04,0.0,0.0,0.0,0.0,5.2,ND,0.0,ND,0.0,ND,0.0,ND,494.73161486874966,16.552042672631195,0.25,26.30089737339471,0.3962266163051993,0.0,0.1235646341005831,0,LOW
NAGALAND,LONGLENG,2026-09-05,0.0,0.0,0.0,0.0,9.2,ND,0.0,ND,0.0,ND,0.0,ND,1347.5818403507353,10.45880658170756,0.25,26.257444783070675,0.7661802420824445,0.0,0.09648358480758916,0,LOW
NAGALAND,LONGLENG,2026-09-06,0.0,0.0,0.0,0.0,5.3,ND,0.0,ND,0.0,ND,0.0,ND,1781.4050072174034,41.74341796276525,0.25,23.927800663581586,0.7183836071806642,0.0,0.23552630205673447,0,LOW
NAGALAND,LONGLENG,2026-09-07,0.0,0.0,0.0,0.0,7.9,ND,0.0,ND,0.0,ND,0.0,ND,1459.4726339398303,7.0138338494587416,0.25,22.8866679589454,0.8465540329343144,0.0,0.0811725948864833,0,LOW
NAGALAND,LONGLENG,2026-09-08,0.0,0.0,0.0,0.0,7.3,ND,0.0,ND,0.0,ND,0.0,ND,278.1178606034007,5.513849942235769,0.25,27.063207811478236,0.4383452890433155,0.0,0.07450599974327009,0,LOW
NAGALAND,LONGLENG,2026-09-09,0.0,0.0,0.0,0.0,7.9,ND,0.0,ND,0.0,ND,0.0,ND,2118.8011047056543,12.319557341074749,0.25,25.378406184993928,0.8169318382831271,0.0,0.10475358818255444,0,LOW
NAGALAND,LONGLENG,2026-09-10,0.0,0.0,0.0,0.0,8.3,ND,0.0,ND,0.0,ND,0.0,ND,478.69570184434605,37.43496071642503,0.25,23.329669559109234,0.45621329877700245,0.0,0.21637760318411126,0,LOW
NAGALAND,LONGLENG,2026-09-11,0.0,0.0,0.0,0.0,8.8,ND,0.0,ND,0.0,ND,0.0,ND,1923.789401497265,25.93867146524325,0.25,17.153243016487707,0.6790559147112959,0.0,0.16528298428997001,0,LOW
NAGALAND,LONGLENG,2026-09-12,0.0,0.0,0.0,0.0,10.2,ND,0.0,ND,0.0,ND,0.0,ND,933.3845214008335,30.033731495079454,0.25,26.932789407103815,0.7796457685729519,0.0,0.18348325108924202,0,LOW
NAGALAND,LONGLENG,2026-09-13,0.0,0.0,0.0,0.0,10.3,ND,0.0,ND,0.0,ND,0.0,ND,1967.7653027374506,19.30926701662939,0.25,25.981975699825412,0.35246925715501704,0.0,0.13581896451835285,0,LOW
NAGALAND,LONGLENG,2026-09-14,0.0,0.0,0.0,0.0,9.7,ND,0.0,ND,0.0,ND,0.0,ND,555.3686133430972,7.747119421966802,0.25,20.81822324154956,0.37338319302112016,0.0,0.08443164187540801,0,LOW
NAGALAND,LONGLENG,2026-09-15,0.0,0.0,0.0,0.0,4.6,ND,0.0,ND,0.0,ND,0.0,ND,507.322154053803,39.246326499686724,0.25,21.057493825656305,0.598575188819408,0.0,0.22442811777638544,0,LOW
NAGALAND,LONGLENG,2026-09-16,0.0,0.0,0.0,0.0,4.8,ND,0.0,ND,0.0,ND,0.0,ND,1267.7133232328315,12.675770885016298,0.25,19.194280530299288,0.7562948620213085,0.0,0.10633675948896133,0,LOW
NAGALAND,LONGLENG,2026-09-17,0.0,0.0,0.0,0.0,5.3,ND,0.0,ND,0.0,ND,0.0,ND,130.6932360109832,6.3223680218045875,0.25,31.35255935820532,0.297369721133267,0.0,0.07809941343024261,0,LOW
NAGALAND,LONGLENG,2026-09-18,0.0,0.0,0.0,0.0,5.4,ND,0.0,ND,0.0,ND,0.0,ND,601.9784800167167,27.908165437327746,0.25,29.623423168768284,0.760528485853542,0.0,0.17403629083256777,0,LOW
NAGALAND,LONGLENG,2026-09-19,0.0,0.0,0.0,0.0,1.8,ND,0.0,ND,0.0,ND,0.0,ND,1823.8300178516533,8.331568815384042,0.25,24.537833500007686,0.45587231772705794,0.0,0.0870291947350402,0,LOW
NAGALAND,LONGLENG,2026-09-20,0.0,0.0,0.0,0.0,7.2,ND,0.0,ND,0.0,ND,0.0,ND,2101.5895218482924,8.830474074393369,0.25,21.828103491494744,0.4937359683835011,0.0,0.08924655144174831,0,LOW
NAGALAND,LONGLENG,2026-09-21,0.0,0.0,0.0,0.0,14.6,ND,0.0,ND,0.0,ND,0.0,ND,247.92414164763557,37.015081259301006,0.25,27.526029482839196,0.4539166574125336,0.0,0.21451147226356004,0,LOW
NAGALAND,MOKOKCHUNG,2026-08-19,3.2,3.2,3.2,3.2,9.7,LD,3.2,LD,1130.9,N,244.5,N,2211.0903881233558,24.66438357271982,0.25626506024096385,23.97137899414195,0.7968879427646125,3.1999999999999997,0.18366336729067217,0,LOW
NAGALAND,MOKOKCHUNG,2026-08-20,3.6,6.800000000000001,6.800000000000001,6.800000000000001,15.8,LD,51.0,D,1134.5,N,248.0,N,2003.9171499302886,14.66033808988572,0.2633132530120482,31.589467576556938,0.32847659594970346,5.68,0.15827350781695745,0,LOW
NAGALAND,MOKOKCHUNG,2026-08-21,0.3,7.1000000000000005,7.1000000000000005,7.1000000000000005,15.4,LD,51.0,D,1130.9,N,248.3,N,2180.726524482065,18.94505693438075,0.26390060240963853,15.937084436676628,0.594564688705806,4.720000000000001,0.1705969107517805,0,LOW
NAGALAND,MOKOKCHUNG,2026-08-22,2.7,6.6,9.8,9.8,11.2,LD,51.0,D,1137.4,N,251.0,N,1761.1499587181577,34.16963915372686,0.2691867469879518,15.582857478909077,0.33886484837547504,6.515,0.25210320468470965,0,LOW
NAGALAND,MOKOKCHUNG,2026-08-23,16.0,19.0,25.8,25.8,10.3,E,16.0,E,1153.5,N,267.0,N,1701.6750148702135,7.654165790264074,0.3005120481927711,24.666387305547346,0.8071567780569048,20.67,0.24133571758950914,0,LOW
NAGALAND,MOKOKCHUNG,2026-08-24,14.1,32.8,39.9,39.9,8.9,E,51.0,D,1167.6,N,281.2,N,1336.4784216949163,9.659224637328396,0.32811746987951806,18.455746785711415,0.7287587881213716,29.095,0.3157722691032007,0,LOW
NAGALAND,MOKOKCHUNG,2026-08-25,0.9,31.0,40.8,40.8,16.8,LD,51.0,D,1130.9,N,282.0,N,1649.3287000037217,29.650481399622784,0.32987951807228916,25.273170780353272,0.3902915645566467,24.384999999999998,0.3714293930454144,0,LOW
NAGALAND,MOKOKCHUNG,2026-08-26,2.8,17.8,40.4,43.6,10.3,LD,40.3,D,1171.2,N,284.8,N,2301.8186781881827,29.27886937868429,0.3290963855421687,28.284191485302017,0.42866696085289213,22.07,0.35313338559066365,0,LOW
NAGALAND,MOKOKCHUNG,2026-08-27,27.3,31.0,64.10000000000001,70.9,10.2,LE,27.3,LE,1198.5,N,312.1,N,296.27890347093563,43.898487381414874,0.37549698795180725,17.34786594014284,0.47890919677760646,43.964999999999996,0.5833290103666288,1,MEDIUM
NAGALAND,MOKOKCHUNG,2026-08-28,1.2,31.300000000000004,65.0,72.10000000000001,6.3,LD,1.2,LD,1199.7,N,313.3,N,823.6229707229234,19.981979250217986,0.37725903614457834,22.490339811221975,0.4932506051772619,35.31,0.41574363981315055,1,MEDIUM
NAGALAND,MOKOKCHUNG,2026-08-29,43.1,71.60000000000001,105.4,115.2,6.3,LE,40.3,D,1242.9,N,356.5,N,227.51468530988598,7.6031050871006345,0.45635542168674703,26.70734041863904,0.740405715179233,76.61500000000001,0.6707260099038346,1,MEDIUM
NAGALAND,MOKOKCHUNG,2026-08-30,21.7,66.0,111.1,136.9,9.4,LE,40.3,D,1264.6,N,378.2,N,2364.772671262894,26.501497393985115,0.46751506024096384,29.175680701440513,0.5887200131855141,72.405,0.7269665504198752,2,HIGH
NAGALAND,MOKOKCHUNG,2026-08-31,14.3,79.1,111.3,151.2,6.1,LE,40.3,D,1278.9,N,392.5,N,1140.9003916985005,30.533872470471614,0.4679066265060241,23.437849530618074,0.5067695889350368,75.285,0.7654783161068461,2,HIGH
NAGALAND,MOKOKCHUNG,2026-09-01,33.2,69.2,143.60000000000002,184.4,6.2,LE,40.3,D,1171.2,N,33.2,LE,1704.5939531566617,10.584111431449962,0.5311445783132531,18.50461097740237,0.6816667941618118,92.48,0.7532694109135394,2,HIGH
NAGALAND,MOKOKCHUNG,2026-09-02,13.9,61.4,154.7,198.3,9.4,E,154.8,LE,1326.1,N,47.2,LE,2110.7441580355876,27.114478941407867,0.5528765060240963,24.95858734495576,0.5247189258062839,88.635,0.8310840964999654,2,HIGH
NAGALAND,MOKOKCHUNG,2026-09-03,5.5,52.6,132.9,200.6,10.1,D,154.8,LE,1326.1,N,52.7,LE,2477.950607787397,12.910684866330584,0.5101957831325301,22.726790168324992,0.32694401013087426,78.38999999999999,0.7177251378553846,2,HIGH
NAGALAND,MOKOKCHUNG,2026-09-04,55.2,74.6,186.9,252.2,12.0,LE,154.8,LE,1386.8,E,107.9,LE,446.36702159105107,38.78920231524273,0.6159186746987952,28.12273225907626,0.31449351056171704,122.52499999999999,0.8955801896741712,2,HIGH
NAGALAND,MOKOKCHUNG,2026-09-05,34.2,94.9,178.00000000000003,286.1,14.1,LE,154.8,LE,1421.0,E,142.1,LE,2008.8058840096603,38.40645983135319,0.5984939759036145,24.444793091450116,0.445574007877103,123.11000000000001,0.8903941722089593,2,HIGH
NAGALAND,MOKOKCHUNG,2026-09-06,2.2,91.6,158.5,285.6,12.6,LD,2.2,LD,1423.1,E,144.2,LE,2224.186100435004,22.185163839937672,0.5603162650602409,19.750188364497323,0.6117221425691033,106.135,0.810663981189549,2,HIGH
NAGALAND,MOKOKCHUNG,2026-09-07,3.5,39.900000000000006,147.7,273.1,10.0,LD,154.8,LE,1426.6,E,147.7,LE,169.74467328464527,43.66972762051216,0.539171686746988,27.824679635260196,0.3309047965889407,89.09,0.901922015662785,2,HIGH
NAGALAND,MOKOKCHUNG,2026-09-08,2.1,7.800000000000001,116.6,261.1,11.6,LD,2.1,LD,1428.7,E,149.8,LE,1897.5218724546548,44.19095497798966,0.47828313253012045,23.801699220353314,0.5800805024184443,71.0,0.7977333588186192,2,HIGH
NAGALAND,MOKOKCHUNG,2026-09-09,3.2,8.8,105.9,263.40000000000003,8.8,LD,105.8,E,1431.9,N,153.0,LE,919.0770369315483,10.17004355790478,0.4573343373493976,18.01829138873157,0.4117657868852401,69.305,0.630267508644819,1,MEDIUM
NAGALAND,MOKOKCHUNG,2026-09-10,2.0,7.300000000000001,102.4,262.6,10.9,LD,105.8,E,1431.9,N,155.0,E,1639.0621391025584,19.708552193298704,0.4504819277108434,24.572229493413907,0.6672480493649751,67.515,0.6585417540150531,1,MEDIUM
NAGALAND,MOKOKCHUNG,2026-09-11,0.0,5.200000000000001,47.2,235.3,10.8,NR,105.8,E,1433.9,N,155.0,E,1309.4180802952187,29.012858801865782,0.34240963855421686,31.121441017379837,0.2669576207058224,48.395,0.5421043056346599,1,MEDIUM
NAGALAND,MOKOKCHUNG,2026-09-12,51.9,53.9,64.9,286.0,9.7,LE,51.9,LE,1485.8,E,206.9,LE,686.3685176122605,8.393512383257775,0.37706325301204824,26.993776435941513,0.5314140588883438,90.765,0.7127171500835553,2,HIGH
NAGALAND,MOKOKCHUNG,2026-09-13,19.0,70.9,81.69999999999999,261.9,11.0,LE,105.8,E,1504.9,E,226.0,LE,381.2923369097658,20.30622015256548,0.4099548192771084,20.079657144785642,0.2813584894085396,84.085,0.7711066220539453,2,HIGH
NAGALAND,MOKOKCHUNG,2026-09-14,0.6,71.5,78.8,240.8,8.8,LD,0.6,LD,1505.4,E,226.5,E,336.5207210685603,15.44688336066363,0.40427710843373493,27.084843979978587,0.4483046651651923,73.905,0.6758705637093022,1,MEDIUM
NAGALAND,MOKOKCHUNG,2026-09-15,12.8,32.4,89.5,239.3,14.5,N,105.8,E,1431.9,N,239.3,E,303.14100138580466,43.082008838668166,0.4252259036144579,19.80430728703704,0.25934508657212746,70.85,0.7811249413697164,2,HIGH
NAGALAND,MOKOKCHUNG,2026-09-16,13.2,26.6,99.5,219.3,6.7,LE,13.2,LE,1531.4,E,252.5,E,1612.5855983297154,21.46343291325882,0.4448042168674699,24.22571023820145,0.5314592563467588,69.03999999999999,0.6760669569825595,1,MEDIUM
NAGALAND,MOKOKCHUNG,2026-09-17,11.8,37.8,109.3,217.2,7.8,E,99.5,E,1543.2,E,264.3,E,910.9565859288683,35.5068343419005,0.4639909638554217,23.952127984388397,0.7102095210868069,73.485,0.7739773704465368,2,HIGH
NAGALAND,MOKOKCHUNG,2026-09-18,27.0,52.0,136.3,238.7,3.9,LE,27.0,LE,1570.2,E,291.3,LE,580.7519236043875,20.46821454048695,0.5168524096385543,19.205644941500662,0.31013202264756673,92.33000000000001,0.794340324329875,2,HIGH
NAGALAND,MOKOKCHUNG,2026-09-19,0.1,38.9,84.49999999999999,183.6,6.8,LD,0.1,LD,1570.3,E,291.4,E,1745.1184771294625,10.272482816753419,0.41543674698795174,20.913980397956905,0.6911336151964163,58.425,0.5448543089974153,1,MEDIUM
NAGALAND,MOKOKCHUNG,2026-09-20,35.6,62.7,101.1,185.0,10.3,LE,35.6,LE,1605.9,E,327.0,LE,1732.7814361278438,39.526061206433894,0.44793674698795183,31.017084731362775,0.6005171602553987,81.16,0.8432922413164301,2,HIGH
NAGALAND,MOKOKCHUNG,2026-09-21,5.8,41.5,106.3,188.6,7.5,D,99.5,E,1531.4,E,332.9,LE,1370.9623162746443,5.016676676124154,0.45811746987951807,19.26017511906237,0.5527631638816121,67.27,0.5930267117371437,1,MEDIUM
NAGALAND,MON,2026-08-19,3.4,3.4,3.4,3.4,9.8,LD,3.4,LD,538.9,D,239.8,E,2340.6466513213345,7.237634958978001,0.2566566265060241,28.617459741726762,0.6096899573681449,3.4000000000000004,0.10771389402617562,0,LOW
NAGALAND,MON,2026-08-20,6.2,9.6,9.6,9.6,6.2,N,73.5,N,545.1,D,246.0,E,994.2648670314821,19.57537623588173,0.26879518072289155,26.34529986020638,0.4515382790375173,8.41,0.2006579706110082,0,LOW
NAGALAND,MON,2026-08-21,3.6,13.2,13.2,13.2,14.6,LD,73.5,N,538.9,D,249.6,E,2097.864279609768,32.47593022074946,0.2758433734939759,24.054695252937996,0.6762037322609736,9.84,0.2695880758900239,0,LOW
NAGALAND,MON,2026-08-22,14.6,24.4,27.8,27.8,7.1,LE,73.5,N,563.4,D,264.2,E,234.09154943388097,18.66817181163103,0.3044277108433735,17.337752780907778,0.7177995051524633,22.33,0.30289275320397047,0,LOW
NAGALAND,MON,2026-08-23,4.9,23.1,32.7,32.7,9.7,D,4.9,D,568.3,D,269.2,E,1862.586180394336,7.6525127048389985,0.31402108433734943,18.477702796008423,0.7169343193521265,20.57,0.24331796300030806,0,LOW
NAGALAND,MON,2026-08-24,37.9,57.4,70.6,70.6,7.5,LE,73.5,N,606.2,D,307.0,E,2471.6961638882285,17.713601349365952,0.38822289156626505,18.04261960103687,0.41167587363621305,55.855,0.5541792562009756,1,MEDIUM
NAGALAND,MON,2026-08-25,5.7,48.5,76.3,76.3,4.7,E,73.5,N,538.9,D,312.8,E,2124.165629905151,14.799234359606492,0.3993825301204819,24.97550240255379,0.6423442058139115,44.64,0.46358355507963994,1,MEDIUM
NAGALAND,MON,2026-08-26,11.8,55.4,84.69999999999999,88.1,4.6,LE,84.8,E,623.7,D,324.6,E,1470.1785623096455,5.216791992727918,0.41582831325301206,31.54751434421413,0.33885743544716584,52.37,0.47933828082329416,1,MEDIUM
NAGALAND,MON,2026-08-27,5.5,23.0,84.0,93.6,3.5,E,5.5,E,629.2,D,330.0,E,1585.5768576015437,26.392076527216073,0.41445783132530123,29.913067467174912,0.5472517681577602,42.715,0.5044122239309335,1,MEDIUM
NAGALAND,MON,2026-08-28,4.7,22.0,85.1,98.3,8.0,D,4.7,D,633.9,D,334.7,E,915.5593961205196,9.665836589767443,0.41661144578313253,15.429282009802813,0.2515775560357105,43.165,0.43370906912908525,1,MEDIUM
NAGALAND,MON,2026-08-29,2.7,12.9,73.2,101.0,6.5,D,84.8,E,636.6,D,337.4,E,1714.7387847323546,16.499851551866644,0.3933132530120482,19.65335261585989,0.3661520554050047,37.62,0.41993052131104947,1,MEDIUM
NAGALAND,MON,2026-08-30,2.9,10.3,71.2,103.9,3.3,N,84.8,E,639.5,D,340.4,E,1937.4686887942512,30.64759320889658,0.38939759036144583,17.673376801929376,0.6290404694995634,36.975,0.4774324553119503,1,MEDIUM
NAGALAND,MON,2026-08-31,15.0,20.6,48.30000000000001,118.9,4.3,LE,84.8,E,654.5,D,355.3,E,2495.6597787387423,34.00462755291909,0.3445632530120482,31.58652331226433,0.7746169031218776,40.31,0.5071381031211359,1,MEDIUM
NAGALAND,MON,2026-09-01,24.3,42.2,66.9,143.2,6.5,LE,84.8,E,623.7,D,24.3,LE,1256.5341466510608,15.538225074240902,0.38097891566265063,19.005373988162855,0.27941697915161456,57.26,0.5530687395632491,1,MEDIUM
NAGALAND,MON,2026-09-02,23.8,63.10000000000001,78.9,167.0,9.2,LE,78.9,LE,702.6,D,48.1,LE,200.19496114493356,18.16774684260936,0.4044728915662651,18.422324145659495,0.5851316753045981,68.88000000000001,0.6522136546401349,1,MEDIUM
NAGALAND,MON,2026-09-03,6.2,54.3,79.60000000000001,169.8,9.2,D,78.9,LE,702.6,D,54.3,LE,1509.8519792909137,14.87636952509861,0.4058433734939759,25.554879990898407,0.6320650120630182,61.11500000000001,0.5825559303633411,1,MEDIUM
NAGALAND,MON,2026-09-04,43.7,73.7,118.6,207.3,6.8,LE,78.9,LE,752.5,N,98.0,LE,341.60916745631306,43.27554401264768,0.4821987951807229,24.45517192077137,0.8094345887096477,94.465,0.8887755102034676,2,HIGH
NAGALAND,MON,2026-09-05,54.3,104.2,170.2,258.0,5.2,LE,78.9,LE,806.8,N,152.3,LE,649.6743567124696,12.620789079496113,0.5832228915662651,18.839475224280992,0.6430862767869738,126.30499999999998,0.7727369742221246,2,HIGH
NAGALAND,MON,2026-09-06,9.1,107.1,176.4,252.5,6.2,E,9.1,E,815.9,N,161.4,LE,855.5107826990562,12.327224145347051,0.5953614457831325,26.39620269713312,0.311819621482443,111.935,0.7738599520248356,2,HIGH
NAGALAND,MON,2026-09-07,8.1,71.5,169.5,255.7,5.5,E,78.9,LE,824.0,N,169.5,LE,1841.023189213606,22.80141183326128,0.5818524096385542,16.649122592009714,0.3380465455266883,101.44,0.8177100900755387,2,HIGH
NAGALAND,MON,2026-09-08,5.4,22.6,150.60000000000002,223.2,3.3,LE,5.4,LE,829.4,N,174.9,LE,500.3299035023263,12.572254368022765,0.5448493975903614,15.329274122525167,0.6314584773321986,78.67,0.7251459265599087,2,HIGH
NAGALAND,MON,2026-09-09,0.0,13.5,126.8,217.50000000000003,4.3,ND,126.8,LE,829.4,N,174.9,LE,456.0947197637637,11.268338251424325,0.4982530120481927,16.401051442007898,0.37937180605793963,67.7,0.6319015062464356,1,MEDIUM
NAGALAND,MON,2026-09-10,0.0,5.4,120.6,205.7,7.3,NR,126.8,LE,829.4,N,174.9,LE,160.1623941221273,8.83518150804342,0.48611445783132534,21.202759841588133,0.806983284926373,62.355,0.5805918858806756,1,MEDIUM
NAGALAND,MON,2026-09-11,1.6,1.6,78.50000000000001,201.8,7.1,LD,126.8,LE,831.1,N,176.6,LE,2189.437844067008,30.60684992432998,0.4036897590361446,31.575277573871897,0.8024123204715317,50.855000000000004,0.5789652181056386,1,MEDIUM
NAGALAND,MON,2026-09-12,0.0,1.6,24.200000000000006,197.1,8.4,NR,0.0,NR,831.1,N,176.5,LE,1749.0882896723485,29.483290196075842,0.2973795180722892,24.303198979759188,0.819193516094328,36.015,0.44701689898802044,1,MEDIUM
NAGALAND,MON,2026-09-13,4.2,5.800000000000001,19.300000000000008,198.6,7.8,D,126.8,LE,835.3,N,180.8,LE,147.8688407631849,31.00651567511865,0.28778614457831325,27.830343751262944,0.42577156468731603,37.535000000000004,0.4626937798382959,1,MEDIUM
NAGALAND,MON,2026-09-14,11.6,15.8,22.800000000000008,207.3,5.6,LE,11.6,LE,846.9,N,192.4,LE,119.31614881338072,35.93200032037585,0.29463855421686747,20.46542778793651,0.6801699447761899,44.805,0.5377333185424451,1,MEDIUM
NAGALAND,MON,2026-09-15,2.2,18.0,19.600000000000005,194.5,6.4,LD,126.8,LE,829.4,N,194.6,LE,1418.7520263638874,18.054320511703033,0.2883734939759036,27.228764113216595,0.6478083441609097,39.345,0.4181370252496846,1,MEDIUM
NAGALAND,MON,2026-09-16,2.1,15.9,21.70000000000001,172.3,4.3,D,2.1,D,851.2,N,196.7,LE,742.209283152442,41.73694934447686,0.29248493975903617,31.425080368080078,0.27136226880266323,35.980000000000004,0.5002494154814725,1,MEDIUM
NAGALAND,MON,2026-09-17,14.8,19.1,36.500000000000014,163.3,5.0,LE,21.8,D,866.0,N,211.5,LE,1511.9795585582256,34.32818444275024,0.321460843373494,21.081935134794904,0.4093390458077678,43.575,0.5272094641136138,1,MEDIUM
NAGALAND,MON,2026-09-18,11.2,28.1,46.10000000000001,168.3,6.8,LE,11.2,LE,877.2,N,222.7,LE,1114.7802304183651,37.18834354324748,0.34025602409638556,31.984010390495424,0.37406003780768105,47.715,0.573166010034443,1,MEDIUM
NAGALAND,MON,2026-09-19,0.3,26.3,46.400000000000006,124.9,4.3,LD,0.3,LD,877.5,N,223.0,LE,2312.115777660124,33.83848655306845,0.3408433734939759,25.852969167538323,0.472485161043004,37.015,0.48218824604348887,1,MEDIUM
NAGALAND,MON,2026-09-20,0.4,11.899999999999997,42.60000000000001,71.0,5.7,LD,0.4,LD,877.9,N,223.4,LE,755.1320866553514,19.338225817302472,0.33340361445783134,27.726054011900302,0.821832229927135,24.415,0.3265156297215231,0,LOW
NAGALAND,MON,2026-09-21,0.0,0.6999999999999982,31.000000000000007,61.900000000000006,4.5,ND,21.8,D,851.2,N,223.4,LE,1713.9061526752891,16.3212995225054,0.31069277108433735,19.286843060418548,0.7573609833750029,17.21,0.2572498254296454,0,LOW
NAGALAND,PEREN,2026-08-19,9.2,9.2,9.2,9.2,10.4,N,9.2,N,612.1,N,218.4,E,182.433063465568,21.900682783160565,0.2680120481927711,25.932543076013108,0.4260547548209661,9.2,0.21646253656775405,0,LOW
NAGALAND,PEREN,2026-08-20,10.8,20.0,20.0,20.0,9.8,N,60.8,N,622.9,N,229.2,E,2391.858308762867,8.881214421334338,0.2891566265060241,23.687106274860586,0.5680189186595939,16.78,0.21681302810122202,0,LOW
NAGALAND,PEREN,2026-08-21,12.3,32.3,32.3,32.3,9.6,E,60.8,N,612.1,N,241.6,E,2452.855796375463,23.051220062637885,0.3132379518072289,31.258844973116414,0.3653596729519971,25.299999999999997,0.3452877945676179,0,LOW
NAGALAND,PEREN,2026-08-22,2.7,25.8,35.0,35.0,9.5,LD,60.8,N,637.9,N,244.2,E,1860.7328410902105,6.7256393238095935,0.3185240963855422,30.379475812421763,0.41646039537756296,21.395,0.2459749000281373,0,LOW
NAGALAND,PEREN,2026-08-23,7.5,22.5,42.5,42.5,10.4,D,7.5,D,645.5,N,251.8,E,1189.7705553307542,5.15783840108778,0.3332078313253012,21.743434181726315,0.2890019494089307,25.25,0.2693995223673403,0,LOW
NAGALAND,PEREN,2026-08-24,14.5,24.7,57.0,57.0,5.0,LE,60.8,N,659.9,N,266.3,E,588.9839263517903,42.25995757898771,0.36159638554216866,31.096785776149968,0.6355639005501019,34.05,0.5026504405849563,1,MEDIUM
NAGALAND,PEREN,2026-08-25,6.2,28.2,63.2,63.2,5.5,N,60.8,N,612.1,N,272.5,E,2040.6650336075136,32.57347442351572,0.37373493975903616,30.041813396750165,0.6441524646977974,34.5,0.46523208165481145,1,MEDIUM
NAGALAND,PEREN,2026-08-26,1.9,22.6,55.9,65.1,10.6,LD,56.0,N,668.1,N,274.4,E,1854.0675380102045,27.473877882638757,0.35944277108433736,25.036525456275367,0.7531009724820661,30.055,0.40805082779910584,1,MEDIUM
NAGALAND,PEREN,2026-08-27,7.3,15.4,52.4,72.4,13.2,D,7.3,D,675.3,N,281.7,E,593.7873969243252,18.644081576922314,0.35259036144578315,16.396004449422186,0.7729310880563525,30.365000000000002,0.36964467252740496,0,LOW
NAGALAND,PEREN,2026-08-28,5.3,14.5,45.4,77.7,13.9,LD,5.3,LD,680.6,N,287.0,E,1155.477470685301,27.821520587402965,0.3388855421686747,17.733434091212143,0.3460356395162337,28.485,0.3943026887868202,0,LOW
NAGALAND,PEREN,2026-08-29,22.7,35.3,65.4,100.4,14.7,E,56.0,N,703.3,N,309.7,E,1183.8573976511234,40.66303105353327,0.3780421686746988,16.306862159454603,0.6958245676977923,48.18000000000001,0.5994780932401672,1,MEDIUM
NAGALAND,PEREN,2026-08-30,1.4,29.4,59.3,101.8,12.5,LD,56.0,N,704.7,N,311.1,E,2074.7058474331375,31.095205357754587,0.3660993975903615,16.835882949034037,0.3308245796963994,37.935,0.4815994658951086,1,MEDIUM
NAGALAND,PEREN,2026-08-31,4.3,28.4,49.1,106.1,6.3,D,56.0,N,709.0,N,315.4,E,1725.4194766184876,29.09927991814017,0.3461295180722892,31.608190364682322,0.4742290070474865,36.795,0.4606154618615476,1,MEDIUM
NAGALAND,PEREN,2026-09-01,8.9,14.6,51.8,115.0,12.5,D,56.0,N,668.1,N,8.9,D,1625.760481673135,23.408180118867122,0.3514156626506024,18.606844086674588,0.5593219429355327,36.965,0.4375896790035834,1,MEDIUM
NAGALAND,PEREN,2026-09-02,14.6,27.8,64.5,129.6,2.9,LE,64.5,N,732.6,N,23.6,E,1642.0771852800322,18.82788122603432,0.3762801204819277,26.744527899791272,0.2796819484522456,47.625,0.49812778127377716,1,MEDIUM
NAGALAND,PEREN,2026-09-03,5.7,29.200000000000003,62.9,126.1,4.8,E,64.5,N,732.6,N,29.3,E,712.6516944870733,32.94188455686847,0.3731475903614458,25.820980380607082,0.3440582269272726,43.935,0.5339494538634819,1,MEDIUM
NAGALAND,PEREN,2026-09-04,9.1,29.4,66.69999999999999,124.4,7.7,N,64.5,N,747.5,N,38.4,E,960.6925865823583,44.23923764063257,0.3805873493975903,25.729462702501067,0.4126696599940229,45.87,0.5994292196547758,1,MEDIUM
NAGALAND,PEREN,2026-09-05,44.0,58.8,88.0,156.1,5.5,LE,64.5,N,791.5,N,82.5,LE,161.87259931993003,21.990307740823603,0.422289156626506,18.513967993132507,0.3265253977805136,75.51499999999999,0.7200215173076079,2,HIGH
NAGALAND,PEREN,2026-09-06,1.6,54.7,88.19999999999999,154.99999999999997,9.7,LD,1.6,LD,793.1,N,84.0,LE,1978.0057827397031,20.68820816056803,0.4226807228915663,24.848892104538365,0.8104577633237998,59.535,0.6005008007841064,1,MEDIUM
NAGALAND,PEREN,2026-09-07,8.5,54.1,92.4,155.99999999999997,4.5,LE,64.5,N,801.6,N,92.5,LE,1110.8456271660439,22.1245388946017,0.4309036144578313,25.63415194294418,0.42299151285226977,63.0,0.6332073130909033,1,MEDIUM
NAGALAND,PEREN,2026-09-08,21.5,31.599999999999994,105.0,163.0,6.0,LE,21.5,LE,823.1,N,114.1,LE,1123.6839748645552,22.02175872198886,0.4555722891566265,24.696890382966888,0.5507029987053482,66.125,0.6599409588817148,1,MEDIUM
NAGALAND,PEREN,2026-09-09,0.0,29.999999999999996,90.4,156.8,8.9,NR,90.5,LE,823.1,N,114.1,LE,651.1228490873855,44.624990934739806,0.4269879518072289,18.164761943686536,0.8479205427554117,53.620000000000005,0.6656204440348119,1,MEDIUM
NAGALAND,PEREN,2026-09-10,0.8,22.299999999999997,85.5,155.7,10.4,LD,90.5,LE,823.1,N,114.9,E,563.0968395756008,33.27113030037363,0.417394578313253,27.29203015027005,0.5899856061587463,50.584999999999994,0.5916244481929955,1,MEDIUM
NAGALAND,PEREN,2026-09-11,0.0,0.7999999999999929,76.4,148.4,8.5,NR,90.5,LE,823.9,N,114.9,E,1490.1637274441216,19.367377968423668,0.3995783132530121,16.24513375258069,0.4968974649952508,41.56,0.46198935721885953,1,MEDIUM
NAGALAND,PEREN,2026-09-12,0.0,0.7999999999999929,32.4,143.1,8.0,NR,0.0,NR,823.9,N,114.9,E,619.7548872490056,19.860094953068902,0.313433734939759,25.050400200933574,0.8078754435545711,29.764999999999997,0.36294456248948653,0,LOW
NAGALAND,PEREN,2026-09-13,37.5,37.49999999999999,68.3,157.9,4.0,LE,90.5,LE,861.4,N,152.4,LE,207.3116863353878,22.231876989762227,0.3837198795180723,22.416408650822326,0.3834986532199651,63.260000000000005,0.6260993827103009,1,MEDIUM
NAGALAND,PEREN,2026-09-14,9.3,46.8,69.1,165.8,4.3,LE,9.3,LE,870.8,N,161.7,LE,1930.393169153201,6.468487503217988,0.3852861445783132,19.254872083262253,0.35770044450322475,57.099999999999994,0.5124806969514268,1,MEDIUM
NAGALAND,PEREN,2026-09-15,0.9,47.7,48.5,162.39999999999998,6.6,LD,90.5,LE,823.1,N,162.6,E,972.3501142955965,26.11265608085,0.34495481927710847,28.725612813444357,0.5712186214244701,48.724999999999994,0.5320738606549411,1,MEDIUM
NAGALAND,PEREN,2026-09-16,5.1,15.299999999999994,53.6,158.60000000000002,5.5,N,5.1,N,876.8,N,167.7,E,981.5771805532959,37.45523806091059,0.3549397590361446,17.990173633427126,0.506381042698834,42.8,0.5422835988455379,1,MEDIUM
NAGALAND,PEREN,2026-09-17,6.2,12.199999999999992,59.0,150.2,4.0,E,53.7,N,882.9,N,173.9,E,1106.7297897136887,31.422711728300424,0.36551204819277106,30.860689918265166,0.728191646389279,42.5,0.5154501842165798,1,MEDIUM
NAGALAND,PEREN,2026-09-18,18.2,29.499999999999996,77.2,162.7,4.9,LE,18.2,LE,901.1,N,192.1,LE,2046.8598173498299,12.936833870461664,0.401144578313253,30.03760548146018,0.27520602478262035,57.45,0.5468933414762942,1,MEDIUM
NAGALAND,PEREN,2026-09-19,0.0,24.399999999999988,77.2,153.6,4.4,NR,0.0,NR,901.1,N,192.1,E,836.050395052552,34.1213696551348,0.401144578313253,21.12998830175541,0.620635494646732,48.44,0.5768762829149652,1,MEDIUM
NAGALAND,PEREN,2026-09-20,4.4,22.599999999999987,44.1,114.0,3.9,N,4.4,N,905.5,N,196.5,E,1907.1887175816983,33.77834425328121,0.33634036144578316,20.187599824596084,0.6764074857387259,35.315,0.4689126934033728,1,MEDIUM
NAGALAND,PEREN,2026-09-21,12.5,16.89999999999999,47.3,124.9,11.8,N,53.7,N,876.8,N,209.0,E,2351.884859909881,15.501568625959884,0.342605421686747,17.337273618121337,0.8331500564943801,39.16,0.4163202495274184,1,MEDIUM
NAGALAND,PHEK,2026-08-19,8.0,8.0,8.0,8.0,5.5,E,8.0,E,522.9,N,172.0,E,1669.1270800157586,29.914986274277403,0.2656626506024096,30.577572870877248,0.3374579201439013,8.0,0.2430652064154709,0,LOW
NAGALAND,PHEK,2026-08-20,12.8,20.8,20.8,20.8,4.2,LE,50.0,N,535.7,N,184.9,E,1107.6186488837104,29.437961324877445,0.2907228915662651,25.668041599995625,0.3977459312256806,18.0,0.3171786209003263,0,LOW
NAGALAND,PHEK,2026-08-21,2.9,23.7,23.7,23.7,8.4,LD,50.0,N,522.9,N,187.8,E,1882.0848217093285,38.59150495424726,0.29640060240963856,15.540320896437853,0.8094659389415453,16.419999999999998,0.3477435858053611,0,LOW
NAGALAND,PHEK,2026-08-22,3.0,18.7,26.7,26.7,7.4,LD,50.0,N,541.5,N,190.7,E,1171.8485558908944,10.44289247333765,0.30227409638554215,23.686990047547376,0.6283773072899803,16.404999999999998,0.22370650802517605,0,LOW
NAGALAND,PHEK,2026-08-23,1.8,7.7,28.5,28.5,5.6,LD,1.8,LD,543.3,N,192.5,N,1065.346814214945,12.793540180460909,0.30579819277108433,16.458582113099578,0.27282941964130697,13.954999999999998,0.21740938853636949,0,LOW
NAGALAND,PHEK,2026-08-24,12.6,17.4,41.1,41.1,9.3,E,50.0,N,555.9,N,205.1,N,1336.943750753074,24.43878015071221,0.3304668674698795,24.75376164419831,0.2964064013534674,25.199999999999996,0.35418829665313967,0,LOW
NAGALAND,PHEK,2026-08-25,21.6,36.0,62.7,62.7,2.2,LE,50.0,N,522.9,N,226.7,E,828.4197202827698,6.765805955692281,0.37275602409638553,23.65234921145381,0.7212643363766009,41.64,0.40118768448171005,1,MEDIUM
NAGALAND,PHEK,2026-08-26,5.9,40.1,60.6,68.60000000000001,5.3,N,60.5,E,583.4,N,232.6,E,305.41302988600296,21.623767904068263,0.36864457831325304,16.408382773546276,0.5904846990738495,37.53,0.4371287546420263,1,MEDIUM
NAGALAND,PHEK,2026-08-27,5.7,33.2,53.5,74.3,7.8,D,5.7,D,589.1,N,238.3,E,1066.3874135391047,36.52876167998893,0.35474397590361445,28.86963008298514,0.5892492889713243,34.815,0.48125641988805795,1,MEDIUM
NAGALAND,PHEK,2026-08-28,2.3,13.9,52.9,76.60000000000001,4.5,D,2.3,D,591.4,N,240.6,E,353.4493587667897,10.94857575935993,0.3535692771084337,19.459392011826722,0.7779193859867712,28.994999999999997,0.32588086520845205,0,LOW
NAGALAND,PHEK,2026-08-29,1.8,9.8,51.7,78.4,11.0,LD,60.5,E,593.1,N,242.3,N,1055.5816102108442,23.397949477460994,0.3512198795180723,24.205234190833885,0.39465875162273695,27.765,0.3719812938556751,0,LOW
NAGALAND,PHEK,2026-08-30,1.7,5.8,51.6,80.10000000000001,3.6,D,60.5,E,594.8,N,244.0,N,1414.4876169729532,44.590769335297786,0.35102409638554216,25.863660902719083,0.346258589093212,26.96,0.46039911879559003,1,MEDIUM
NAGALAND,PHEK,2026-08-31,7.4,10.9,46.400000000000006,87.5,4.0,LE,60.5,E,602.2,N,251.4,N,2330.2423939538344,25.236800536994576,0.3408433734939759,31.359177070777832,0.6182835685732483,30.04,0.3942815500846253,0,LOW
NAGALAND,PHEK,2026-09-01,20.4,29.5,45.2,107.9,11.9,LE,60.5,E,583.4,N,20.4,LE,138.74471106099378,24.932952964883622,0.33849397590361446,23.39479877895738,0.77945385859233,42.0,0.4776421236179808,1,MEDIUM
NAGALAND,PHEK,2026-09-02,24.4,52.2,63.7,132.3,6.0,LE,63.6,E,647.1,N,44.8,LE,1572.5730959297632,27.351743348966725,0.3747138554216868,30.5943681288947,0.4091503868005709,57.36,0.6050324679522875,1,MEDIUM
NAGALAND,PHEK,2026-09-03,7.6,52.4,65.6,131.9,5.0,E,63.6,E,647.1,N,52.5,LE,1171.4512072926893,12.440174813309648,0.37843373493975907,21.03257480291088,0.6587766188748112,51.94499999999999,0.5009363760275954,1,MEDIUM
NAGALAND,PHEK,2026-09-04,7.5,39.5,70.8,126.6,4.6,LE,63.6,E,662.2,N,59.9,LE,99.63976410014095,10.88655530743777,0.3886144578313253,29.576432428049912,0.3414274191149645,49.19,0.47644602806163244,1,MEDIUM
NAGALAND,PHEK,2026-09-05,45.6,60.7,114.6,169.3,6.1,LE,63.6,E,707.8,N,105.5,LE,661.3930310498649,32.09418516460434,0.47436746987951806,19.009045858174083,0.35314521749748934,85.17999999999999,0.8375143169297007,2,HIGH
NAGALAND,PHEK,2026-09-06,9.4,62.5,122.3,175.7,4.2,LE,9.4,LE,717.2,N,115.0,LE,340.28886826926384,20.830672396230806,0.48944277108433737,27.0271559614021,0.7909060347176424,75.845,0.7306486140812015,2,HIGH
NAGALAND,PHEK,2026-09-07,8.3,63.3,123.2,182.2,7.3,N,63.6,E,725.5,N,123.2,LE,581.1456570420396,16.59626512861903,0.49120481927710846,16.50640389383494,0.3207789969438252,76.86,0.7194104157973014,2,HIGH
NAGALAND,PHEK,2026-09-08,4.5,22.200000000000003,107.3,174.1,3.0,E,4.5,E,730.0,N,127.8,LE,722.6970964792496,6.255664796795903,0.4600753012048193,31.76285606362221,0.2646073219931168,60.065,0.5476098175648866,1,MEDIUM
NAGALAND,PHEK,2026-09-09,0.0,12.8,82.89999999999999,152.5,3.2,ND,82.9,LE,730.0,N,127.8,LE,1033.2005216863809,38.8420198871393,0.4123042168674699,31.216918797660256,0.7149642688664706,46.8,0.5884085560663641,1,MEDIUM
NAGALAND,PHEK,2026-09-10,0.0,4.5,75.3,146.6,6.3,NR,82.9,LE,730.0,N,127.8,LE,1346.1465140477812,6.29315463379331,0.3974246987951807,22.51763185479542,0.46750572911510824,41.94,0.406157391195045,1,MEDIUM
NAGALAND,PHEK,2026-09-11,0.2,0.2,68.0,141.1,7.6,LD,82.9,LE,730.2,N,128.0,LE,52.42548511964595,34.999324963332775,0.38313253012048193,23.90689870583431,0.4879951313212785,38.285,0.5048504867938319,1,MEDIUM
NAGALAND,PHEK,2026-09-12,0.0,0.2,22.4,138.79999999999998,5.1,NR,0.0,NR,730.2,N,128.0,LE,446.57993354041497,20.27954235994324,0.293855421686747,25.162172659406377,0.7299145269449172,26.469999999999995,0.3374256338058515,0,LOW
NAGALAND,PHEK,2026-09-13,0.8,1.0,13.8,137.8,4.9,LD,82.9,LE,731.0,N,128.8,LE,279.2376447415617,28.947512420186005,0.27701807228915665,19.67563851472439,0.3579614749464089,24.650000000000002,0.35962016645873845,0,LOW
NAGALAND,PHEK,2026-09-14,0.0,0.8,5.5,136.1,3.8,NR,0.0,NR,731.0,N,128.8,LE,1396.6998281937222,14.907120027606492,0.2607680722891566,26.466014398487765,0.6401961649126213,21.99,0.275023509562289,0,LOW
NAGALAND,PHEK,2026-09-15,1.4,2.2,2.4,130.1,8.0,LD,82.9,LE,730.0,N,130.2,E,856.2334324831111,11.215986649282925,0.2546987951807229,26.87555309227677,0.4381169973025807,21.154999999999998,0.25145762355921997,0,LOW
NAGALAND,PHEK,2026-09-16,3.8,5.2,6.199999999999999,113.5,5.7,D,3.8,D,736.2,N,134.0,E,1393.5744532850592,26.3355200333979,0.2621385542168675,23.926300369529685,0.3125610763881065,21.205,0.32049960890396256,0,LOW
NAGALAND,PHEK,2026-09-17,5.3,10.5,11.5,94.4,5.8,N,6.2,LD,741.6,N,139.3,E,593.4670903279607,32.82470779816575,0.27251506024096384,17.5115917722487,0.6624976293820527,21.515,0.3536236104113887,0,LOW
NAGALAND,PHEK,2026-09-18,5.8,14.9,17.1,92.6,6.4,N,5.8,N,747.4,N,145.2,E,109.36191751458293,12.819731797805861,0.2834789156626506,30.6261610461572,0.44119848073056167,23.92,0.2840341423110647,0,LOW
NAGALAND,PHEK,2026-09-19,0.0,11.1,17.1,85.1,3.4,NR,0.0,NR,747.4,N,145.1,E,2356.3489081121047,22.454357897302568,0.2834789156626506,16.95576639987546,0.7699624625680425,19.814999999999998,0.2976182863715776,0,LOW
NAGALAND,PHEK,2026-09-20,4.8,10.6,21.1,44.3,7.1,D,4.8,D,752.2,N,150.0,E,315.35489691303536,22.786198811655826,0.29131024096385544,25.695926868078693,0.8014213901391405,16.25,0.27526894332598906,0,LOW
NAGALAND,PHEK,2026-09-21,0.0,4.8,21.1,34.900000000000006,8.7,ND,6.2,LD,736.2,N,150.0,E,360.8039325062062,13.639165963178513,0.29131024096385544,16.75250614236584,0.7594310571525716,11.71,0.20228091336047221,0,LOW
NAGALAND,TUENSANG,2026-08-19,0.0,0.0,0.0,0.0,6.8,ND,0.0,ND,0.0,ND,0.0,ND,409.03972494984424,27.60197785008524,0.25,17.483712055259684,0.4434110484612771,0.0,0.17267545711148996,0,LOW
NAGALAND,TUENSANG,2026-08-20,0.0,0.0,0.0,0.0,4.4,ND,0.0,ND,0.0,ND,0.0,ND,2454.127483783518,10.837427471268025,0.25,15.349151338490094,0.3919495746157937,0.0,0.09816634431674678,0,LOW
NAGALAND,TUENSANG,2026-08-21,0.0,0.0,0.0,0.0,12.2,ND,0.0,ND,0.0,ND,0.0,ND,1563.2675884164905,25.389966932743203,0.25,21.17718942556491,0.7856803854446799,0.0,0.1628442974788587,0,LOW
NAGALAND,TUENSANG,2026-08-22,0.0,0.0,0.0,0.0,6.8,ND,0.0,ND,0.0,ND,0.0,ND,1545.2103816744338,9.53726045463998,0.25,25.872903595174645,0.5217681903258767,0.0,0.09238782424284436,0,LOW
NAGALAND,TUENSANG,2026-08-23,0.0,0.0,0.0,0.0,12.1,ND,0.0,ND,0.0,ND,0.0,ND,2467.4105937203976,24.421696354205498,0.25,23.866251735458825,0.6746438341348094,0.0,0.15854087268535777,0,LOW
NAGALAND,TUENSANG,2026-08-24,0.0,0.0,0.0,0.0,5.2,ND,0.0,ND,0.0,ND,0.0,ND,266.6749847229042,17.463962195022273,0.25,26.467165571224257,0.7462985208463806,0.0,0.12761760975565456,0,LOW
NAGALAND,TUENSANG,2026-08-25,0.0,0.0,0.0,0.0,6.3,ND,0.0,ND,0.0,ND,0.0,ND,2437.5271867286083,23.0898516832614,0.25,26.4753206348062,0.4166119929206935,0.0,0.15262156303671737,0,LOW
NAGALAND,TUENSANG,2026-08-26,0.0,0.0,0.0,0.0,3.6,ND,0.0,ND,0.0,ND,0.0,ND,549.8322090574002,22.349974377726966,0.25,17.382953647902056,0.3214584567608741,0.0,0.1493332194565643,0,LOW
NAGALAND,TUENSANG,2026-08-27,0.0,0.0,0.0,0.0,9.0,ND,0.0,ND,0.0,ND,0.0,ND,1576.5251837269868,41.317324912743715,0.25,15.974735858169165,0.6248965380059714,0.0,0.23363255516774983,0,LOW
NAGALAND,TUENSANG,2026-08-28,0.0,0.0,0.0,0.0,4.5,ND,0.0,ND,0.0,ND,0.0,ND,1079.2047349918396,24.59742399825851,0.25,25.63108838738939,0.6041153534579351,0.0,0.1593218844367045,0,LOW
NAGALAND,TUENSANG,2026-08-29,0.0,0.0,0.0,0.0,5.4,ND,0.0,ND,0.0,ND,0.0,ND,990.6819430190866,37.73995615507498,0.25,26.104813184579125,0.4121200435951455,0.0,0.21773313846699993,0,LOW
NAGALAND,TUENSANG,2026-08-30,0.0,0.0,0.0,0.0,7.2,ND,0.0,ND,0.0,ND,0.0,ND,2331.546154774683,14.02609571646861,0.25,24.463963497408976,0.6008240328312053,0.0,0.11233820318430493,0,LOW
NAGALAND,TUENSANG,2026-08-31,0.0,0.0,0.0,0.0,3.8,ND,0.0,ND,0.0,ND,0.0,ND,415.6079346786283,19.083311785370356,0.25,19.1779619275092,0.7242143526870057,0.0,0.1348147190460905,0,LOW
NAGALAND,TUENSANG,2026-09-01,0.0,0.0,0.0,0.0,4.4,ND,0.0,ND,0.0,ND,0.0,ND,2492.8190771367967,8.003575225327637,0.25,28.783008688698317,0.46000658940647643,0.0,0.08557144544590062,0,LOW
NAGALAND,TUENSANG,2026-09-02,0.0,0.0,0.0,0.0,5.6,ND,0.0,ND,0.0,ND,0.0,ND,978.8563996742939,21.829911792859743,0.25,16.28666226343637,0.3953906313553433,0.0,0.14702183019048776,0,LOW
NAGALAND,TUENSANG,2026-09-03,0.0,0.0,0.0,0.0,8.7,ND,0.0,ND,0.0,ND,0.0,ND,1639.4985145269584,31.74799548299724,0.25,25.749300418463108,0.6850007281657338,0.0,0.1911022021466544,0,LOW
NAGALAND,TUENSANG,2026-09-04,0.0,0.0,0.0,0.0,5.2,ND,0.0,ND,0.0,ND,0.0,ND,2421.3714921342325,38.52668136437585,0.25,17.046996109949326,0.7215232100090768,0.0,0.22122969495278155,0,LOW
NAGALAND,TUENSANG,2026-09-05,0.0,0.0,0.0,0.0,9.2,ND,0.0,ND,0.0,ND,0.0,ND,191.1225734284882,27.636596471966207,0.25,26.125611179364903,0.8225736627213521,0.0,0.17282931765318316,0,LOW
NAGALAND,TUENSANG,2026-09-06,0.0,0.0,0.0,0.0,5.3,ND,0.0,ND,0.0,ND,0.0,ND,2311.017689166717,30.602906783723142,0.25,22.101338392999438,0.33855149375048266,0.0,0.18601291903876954,0,LOW
NAGALAND,TUENSANG,2026-09-07,0.0,0.0,0.0,0.0,7.9,ND,0.0,ND,0.0,ND,0.0,ND,1441.137894118141,12.090683104677925,0.25,27.207751942440414,0.7835584611329168,0.0,0.10373636935412411,0,LOW
NAGALAND,TUENSANG,2026-09-08,0.0,0.0,0.0,0.0,7.3,ND,0.0,ND,0.0,ND,0.0,ND,1775.7723534947581,6.488241529337575,0.25,15.88726744210789,0.7090592867139414,0.0,0.07883662901927811,0,LOW
NAGALAND,TUENSANG,2026-09-09,0.0,0.0,0.0,0.0,7.9,ND,0.0,ND,0.0,ND,0.0,ND,415.50125052155346,36.667525807092645,0.25,24.436410804166258,0.6711399447585327,0.0,0.2129667813648562,0,LOW
NAGALAND,TUENSANG,2026-09-10,0.0,0.0,0.0,0.0,8.3,ND,0.0,ND,0.0,ND,0.0,ND,1356.799205536029,11.681528297651456,0.25,17.462924280961353,0.4378321775142269,0.0,0.1019179035451176,0,LOW
NAGALAND,TUENSANG,2026-09-11,0.0,0.0,0.0,0.0,8.8,ND,0.0,ND,0.0,ND,0.0,ND,1700.108601076847,8.646781421310097,0.25,26.600487737378053,0.26331577071289247,0.0,0.08843013965026711,0,LOW
NAGALAND,TUENSANG,2026-09-12,0.0,0.0,0.0,0.0,10.2,ND,0.0,ND,0.0,ND,0.0,ND,1167.8059030998204,42.50249283626381,0.25,17.0392457322986,0.5545302964716654,0.0,0.23889996816117248,0,LOW
NAGALAND,TUENSANG,2026-09-13,0.0,0.0,0.0,0.0,10.3,ND,0.0,ND,0.0,ND,0.0,ND,429.71368635983896,43.54085456236706,0.25,16.25091649018274,0.4214616258914297,0.0,0.24351490916607582,0,LOW
NAGALAND,TUENSANG,2026-09-14,0.0,0.0,0.0,0.0,9.7,ND,0.0,ND,0.0,ND,0.0,ND,648.0917339596627,29.650291664099786,0.25,27.123087569121413,0.42389261135601475,0.0,0.18177907406266575,0,LOW
NAGALAND,TUENSANG,2026-09-15,0.0,0.0,0.0,0.0,4.6,ND,0.0,ND,0.0,ND,0.0,ND,2143.262337934071,20.145490907491737,0.25,16.0800428876608,0.8062831463155921,0.0,0.1395355151444077,0,LOW
NAGALAND,TUENSANG,2026-09-16,0.0,0.0,0.0,0.0,4.8,ND,0.0,ND,0.0,ND,0.0,ND,134.45393244026883,38.329581638562075,0.25,18.81702390483577,0.3417813352319255,0.0,0.220353696171387,0,LOW
NAGALAND,TUENSANG,2026-09-17,0.0,0.0,0.0,0.0,5.3,ND,0.0,ND,0.0,ND,0.0,ND,1786.7120921799903,13.188798373416496,0.25,29.020498351136425,0.8105394277543323,0.0,0.10861688165962888,0,LOW
NAGALAND,TUENSANG,2026-09-18,0.0,0.0,0.0,0.0,5.4,ND,0.0,ND,0.0,ND,0.0,ND,2498.5055894605907,22.175693097187278,0.25,28.764701232739846,0.5522840260064439,0.0,0.14855863598749902,0,LOW
NAGALAND,TUENSANG,2026-09-19,0.0,0.0,0.0,0.0,1.8,ND,0.0,ND,0.0,ND,0.0,ND,68.3333404615782,19.280691960024072,0.25,29.520137882273193,0.7529675656365621,0.0,0.13569196426677366,0,LOW
NAGALAND,TUENSANG,2026-09-20,0.0,0.0,0.0,0.0,7.2,ND,0.0,ND,0.0,ND,0.0,ND,444.5619229088528,41.50799962966727,0.25,20.543698123008134,0.42015254286514625,0.0,0.23447999835407674,0,LOW
NAGALAND,TUENSANG,2026-09-21,0.0,0.0,0.0,0.0,14.6,ND,0.0,ND,0.0,ND,0.0,ND,1701.6535371881796,41.79109661449095,0.25,23.976816488753556,0.630352398450841,0.0,0.23573820717551536,0,LOW
NAGALAND,WOKHA,2026-08-19,8.8,8.8,8.8,8.8,13.0,D,8.8,D,892.0,N,295.8,E,196.97754473410325,31.035437052946655,0.2672289156626506,28.146904994304585,0.58395303743405,8.8,0.2540559588403137,0,LOW
NAGALAND,WOKHA,2026-08-20,2.0,10.8,10.8,10.8,12.8,LD,81.3,N,894.0,N,297.8,E,1494.9854604468544,9.429605610907675,0.271144578313253,17.32875375518837,0.8044996536507003,7.720000000000001,0.1511212543150038,0,LOW
NAGALAND,WOKHA,2026-08-21,10.4,21.200000000000003,21.200000000000003,21.200000000000003,15.8,D,81.3,N,892.0,N,308.1,E,1725.8002537245875,24.2877115863321,0.29150602409638554,27.314644946667208,0.3575790561054526,17.42,0.29031440289202926,0,LOW
NAGALAND,WOKHA,2026-08-22,3.2,15.6,24.4,24.4,6.6,D,81.3,N,907.6,N,311.4,E,1490.9585528794719,14.813134648962269,0.2977710843373494,16.65726793970913,0.37274193384548776,14.78,0.23065571413239438,0,LOW
NAGALAND,WOKHA,2026-08-23,5.2,18.8,29.6,29.6,11.2,D,5.2,D,912.8,N,316.5,E,944.7025224016146,40.396626527379276,0.3079518072289157,30.52526034665675,0.8193786396721268,18.36,0.37189355588906137,0,LOW
NAGALAND,WOKHA,2026-08-24,62.4,70.8,92.0,92.0,8.2,LE,81.3,N,975.1,N,378.9,E,1758.3416251672654,10.536111960648075,0.43012048192771085,25.83427310269764,0.308778772471663,76.34,0.6765560174342792,1,MEDIUM
NAGALAND,WOKHA,2026-08-25,2.4,70.0,94.4,94.4,9.8,LD,81.3,N,892.0,N,381.3,E,1506.0213486338603,7.172411034428294,0.4348192771084337,23.386190315725848,0.6308094814263978,56.099999999999994,0.5183937247672217,1,MEDIUM
NAGALAND,WOKHA,2026-08-26,6.5,71.3,92.1,100.9,6.4,N,92.0,E,984.0,N,387.8,E,558.7110716301033,33.17716134200313,0.43031626506024095,23.24039732934179,0.28633846792915185,58.26,0.6484536294617631,1,MEDIUM
NAGALAND,WOKHA,2026-08-27,54.2,63.1,144.3,155.1,13.7,LE,54.2,LE,1038.2,N,442.0,E,1429.682081783519,23.131442998726115,0.5325150602409638,18.08315481336348,0.296194484872362,94.085,0.8093094253758644,2,HIGH
NAGALAND,WOKHA,2026-08-28,4.3,65.0,138.2,159.4,10.2,D,4.3,D,1042.5,N,446.3,E,2210.6726819903724,38.53459550412338,0.5205722891566265,20.88059533172911,0.6082892457410332,76.21499999999999,0.8181938150530014,2,HIGH
NAGALAND,WOKHA,2026-08-29,11.1,69.6,146.10000000000002,170.5,10.4,N,92.0,E,1053.6,N,457.4,E,1683.7415499416024,7.98518524677247,0.5360391566265061,27.361102310391537,0.5808207772924352,83.385,0.7365778309844856,2,HIGH
NAGALAND,WOKHA,2026-08-30,1.8,17.2,142.7,172.3,5.7,LD,92.0,E,1055.4,N,459.2,E,1205.8891931149255,37.0430453043137,0.529382530120482,24.196041554524605,0.5938157192521556,66.45,0.7437789787820023,2,HIGH
NAGALAND,WOKHA,2026-08-31,8.4,21.3,88.7,180.7,7.2,N,92.0,E,1063.8,N,467.6,E,837.8810520301554,6.493390113766333,0.42365963855421684,23.998205469704466,0.5341912579299657,57.545,0.523435429750146,1,MEDIUM
NAGALAND,WOKHA,2026-09-01,14.0,24.200000000000003,100.3,194.7,8.1,LE,92.0,E,984.0,N,14.0,LE,260.4212131220535,6.122800476558279,0.44637048192771084,18.31918020727485,0.6954156043489629,65.22999999999999,0.581064238582115,1,MEDIUM
NAGALAND,WOKHA,2026-09-02,13.7,36.1,107.5,208.4,8.6,LE,107.5,LE,1091.5,N,27.7,LE,649.3364752596203,23.452630069241188,0.4604668674698795,26.73615930321263,0.8453131218189391,71.955,0.7088014239493283,2,HIGH
NAGALAND,WOKHA,2026-09-03,15.1,42.8,68.4,214.7,11.9,E,107.5,LE,1091.5,N,42.8,E,77.40754506284838,13.851651587226073,0.3839156626506024,21.664576318042954,0.4154687478342134,65.28999999999999,0.603351052970509,1,MEDIUM
NAGALAND,WOKHA,2026-09-04,10.0,38.8,74.1,222.7,10.3,N,107.5,LE,1116.6,N,52.8,E,2467.2334979361626,28.748748280261225,0.39507530120481926,18.106806753455082,0.4440638003889691,65.13,0.6706527556822113,1,MEDIUM
NAGALAND,WOKHA,2026-09-05,42.1,67.2,105.1,254.4,12.7,LE,107.5,LE,1158.7,N,94.9,LE,595.0815177154129,6.032679768458817,0.4557680722891566,31.0443407771376,0.4438297254059288,95.97,0.7179655245398705,2,HIGH
NAGALAND,WOKHA,2026-09-06,3.2,55.30000000000001,106.5,254.4,10.8,LD,3.2,LD,1161.9,N,98.1,E,2046.4460595791631,6.415581694519141,0.4585090361445783,23.61557869671529,0.7079613677835115,79.72999999999999,0.6880643411916363,1,MEDIUM
NAGALAND,WOKHA,2026-09-07,10.4,55.70000000000001,108.5,259.6,14.3,D,107.5,LE,1172.3,N,108.5,E,463.1799604221976,34.08593984687762,0.4624246987951808,23.976623007710213,0.45880930067423686,83.63,0.8396032193873341,2,HIGH
NAGALAND,WOKHA,2026-09-08,3.0,16.6,97.5,200.2,11.2,LD,3.0,LD,1175.3,N,111.5,E,744.8228165336561,13.406606499692465,0.44088855421686746,31.683322473651703,0.6560422405495904,59.605,0.5722782433410788,1,MEDIUM
NAGALAND,WOKHA,2026-09-09,33.0,46.400000000000006,116.8,230.8,4.9,LE,116.8,E,1208.3,N,144.5,E,1074.7794321094984,31.256684946429342,0.4786746987951807,21.228904331898388,0.5175325342071573,86.97,0.8346535395209443,2,HIGH
NAGALAND,WOKHA,2026-09-10,1.3,37.3,103.0,225.6,8.4,LD,116.8,E,1208.3,N,145.8,E,844.7938771469325,34.99688646003034,0.4516566265060241,31.03135163756164,0.6146828002138075,69.37,0.7399364300872502,2,HIGH
NAGALAND,WOKHA,2026-09-11,0.0,34.3,93.0,171.4,11.1,NR,116.8,E,1209.6,N,145.8,E,2005.9594912616597,7.3732466289986975,0.43207831325301205,26.813731139303158,0.7474092236829395,57.535,0.5289584166137594,1,MEDIUM
NAGALAND,WOKHA,2026-09-12,12.4,13.7,63.3,179.5,9.0,E,12.4,E,1222.0,N,158.2,E,2396.3488496377868,35.79015817856957,0.37393072289156626,25.7626257566616,0.5584352125325234,50.515,0.5936288062270587,1,MEDIUM
NAGALAND,WOKHA,2026-09-13,1.4,13.8,61.5,169.8,7.5,LD,116.8,E,1223.5,N,159.7,E,2194.4714849445786,15.73684871845144,0.3704066265060241,18.98511113302217,0.5351039205080232,44.785000000000004,0.46298826070403354,1,MEDIUM
NAGALAND,WOKHA,2026-09-14,0.0,13.8,51.1,168.0,8.6,NR,0.0,NR,1223.5,N,159.7,N,426.26577402200354,20.581838327989928,0.3500451807228916,15.879846430592432,0.4101847501631818,41.425,0.4565188423690005,1,MEDIUM
NAGALAND,WOKHA,2026-09-15,1.0,2.4,49.1,160.60000000000002,11.6,LD,116.8,E,1208.3,N,160.6,N,1952.8872570557612,8.465567691812668,0.3461295180722892,22.44232525084736,0.5595427490918703,37.315000000000005,0.3726135910022529,0,LOW
NAGALAND,WOKHA,2026-09-16,7.2,8.2,23.3,153.8,8.6,N,7.2,N,1231.6,N,167.8,N,412.469937596543,38.54519933459411,0.2956174698795181,15.172906353927326,0.4074473637457623,33.465,0.468778164395746,1,MEDIUM
NAGALAND,WOKHA,2026-09-17,5.4,13.6,27.4,145.5,6.5,N,23.3,LD,1237.0,N,173.2,N,2287.7837110771484,27.429151453030556,0.30364457831325303,16.207042683096518,0.7561421234307752,33.965,0.4245400026900147,1,MEDIUM
NAGALAND,WOKHA,2026-09-18,12.6,25.2,40.0,143.0,8.5,E,12.6,E,1249.6,N,185.8,N,1318.802510388017,25.186611113886887,0.32831325301204817,25.12055484680434,0.48331841611695026,42.16,0.4778728922256461,1,MEDIUM
NAGALAND,WOKHA,2026-09-19,0.1,18.1,27.700000000000003,133.1,8.6,LD,0.1,LD,1249.7,N,185.9,N,874.1336657389315,43.74219243611022,0.3042319277108434,27.316021162241466,0.3274645791009723,31.450000000000003,0.4792476754284318,1,MEDIUM
NAGALAND,WOKHA,2026-09-20,0.3,12.999999999999998,26.6,91.3,8.1,LD,0.3,LD,1250.0,N,186.2,N,434.71246846877233,18.380230397626832,0.30207831325301204,17.855121642712707,0.393980516755816,23.699999999999996,0.3109004764415296,0,LOW
NAGALAND,WOKHA,2026-09-21,1.2,1.6,27.8,89.30000000000001,7.9,LD,23.3,LD,1231.6,N,187.5,N,78.9322660385613,40.63117145906784,0.3044277108433735,27.452507015454156,0.5707488804803538,21.165000000000003,0.3922087828790837,0,LOW
NAGALAND,ZUNHEBOTO,2026-08-19,40.7,40.7,40.7,40.7,10.2,LE,40.7,LE,1216.5,E,257.6,E,657.4701295691676,33.78751524258417,0.32968373493975905,31.14533905211078,0.7997725094978514,40.7,0.5059748935151435,1,MEDIUM
NAGALAND,ZUNHEBOTO,2026-08-20,9.7,50.400000000000006,50.400000000000006,50.400000000000006,8.4,N,136.5,LE,1226.2,E,267.3,E,2289.349155039214,42.14112543408956,0.34867469879518076,27.633993372345344,0.4303368991448678,36.155,0.5145300813153783,1,MEDIUM
NAGALAND,ZUNHEBOTO,2026-08-21,7.2,57.6,57.6,57.6,7.2,N,136.5,LE,1216.5,E,274.5,E,2003.2923710669575,41.31208211049839,0.3627710843373494,28.340158732775556,0.4086317224595869,39.96,0.5407644934964189,1,MEDIUM
NAGALAND,ZUNHEBOTO,2026-08-22,4.3,21.2,61.900000000000006,61.900000000000006,7.9,D,136.5,LE,1237.7,E,278.8,E,2425.9945839892625,44.641192201042784,0.3711897590361446,26.912113864562322,0.4939359008860812,31.565,0.49745384319185393,1,MEDIUM
NAGALAND,ZUNHEBOTO,2026-08-23,3.2,14.7,65.10000000000001,65.10000000000001,11.8,LD,3.2,LD,1240.9,E,282.0,E,296.86572674736396,10.267070081486303,0.37745481927710844,18.82053648773077,0.8306526869752878,30.835,0.34073381131911257,0,LOW
NAGALAND,ZUNHEBOTO,2026-08-24,18.8,26.3,83.9,83.9,8.5,LE,136.5,LE,1259.7,E,300.8,E,1500.8379215888901,36.8406556836638,0.4142620481927711,21.135129016649213,0.7571318046768123,46.715,0.5792997877599622,1,MEDIUM
NAGALAND,ZUNHEBOTO,2026-08-25,12.2,34.2,96.1,96.1,8.8,E,136.5,LE,1216.5,E,313.0,E,680.0186613754028,37.17977419790013,0.4381475903614458,31.137538367086893,0.33980077064481495,51.26,0.6179542509678431,1,MEDIUM
NAGALAND,ZUNHEBOTO,2026-08-26,8.6,39.6,64.0,104.7,7.4,N,64.0,N,1280.5,E,321.6,E,1380.2071791423982,30.77494112713947,0.3753012048192771,26.240579842492018,0.6182519722601585,44.615,0.5295923775154887,1,MEDIUM
NAGALAND,ZUNHEBOTO,2026-08-27,33.7,54.5,88.0,138.4,3.3,LE,33.7,LE,1314.2,E,355.3,E,835.1144696304651,16.15443832952808,0.422289156626506,28.413420476879228,0.7251185220064207,68.18,0.6418433664137848,1,MEDIUM
NAGALAND,ZUNHEBOTO,2026-08-28,6.3,48.6,87.1,144.70000000000002,4.7,E,6.3,E,1320.5,E,361.6,E,744.4905980962259,43.605930865132606,0.4205271084337349,31.467808520359515,0.7108062048221425,57.834999999999994,0.6898189721258483,1,MEDIUM
NAGALAND,ZUNHEBOTO,2026-08-29,2.7,42.7,85.5,147.4,13.0,LD,64.0,N,1323.2,E,364.3,E,1455.9209899602638,13.176885515608383,0.417394578313253,18.934427648715317,0.5433072950527695,55.105000000000004,0.5345088012786334,1,MEDIUM
NAGALAND,ZUNHEBOTO,2026-08-30,0.0,9.0,82.3,147.4,6.6,NR,64.0,N,1323.2,E,364.3,E,499.12949658037377,24.98301513433756,0.41112951807228915,20.46867334455141,0.6890988314044253,44.935,0.513295234134455,1,MEDIUM
NAGALAND,ZUNHEBOTO,2026-08-31,15.3,18.0,78.8,162.70000000000002,6.9,LE,64.0,N,1338.5,E,379.6,E,1199.3769205816864,25.85948451276745,0.40427710843373493,25.961628098186495,0.6001519663557902,53.96,0.5800975548198539,1,MEDIUM
NAGALAND,ZUNHEBOTO,2026-09-01,17.4,32.7,84.0,180.1,4.7,LE,64.0,N,1280.5,E,17.4,LE,1644.4900493578853,11.473173793441553,0.41445783132530123,15.414077054328125,0.3708669897113216,62.28,0.5774508096579585,1,MEDIUM
NAGALAND,ZUNHEBOTO,2026-09-02,25.7,58.4,101.1,205.8,5.3,LE,101.1,LE,1381.6,E,43.1,LE,364.04607929786994,33.90115289332964,0.44793674698795183,24.710724314672994,0.2836321843819052,79.74,0.808179199054425,2,HIGH
NAGALAND,ZUNHEBOTO,2026-09-03,14.5,57.6,81.9,179.60000000000002,9.1,LE,101.1,LE,1381.6,E,57.6,LE,2329.955963648415,8.55468656720959,0.4103463855421687,28.747702451746477,0.4716998080302023,66.89,0.5964905671417223,1,MEDIUM
NAGALAND,ZUNHEBOTO,2026-09-04,12.9,53.1,88.5,182.8,6.4,LE,101.1,LE,1409.0,LE,70.5,LE,1289.0255136626058,32.72391115386844,0.42326807228915664,25.377537355010126,0.2871634011685239,67.33500000000001,0.7096630361662607,2,HIGH
NAGALAND,ZUNHEBOTO,2026-09-05,62.5,89.9,148.3,238.1,3.9,LE,101.1,LE,1471.5,LE,133.0,LE,2057.8435311166386,38.944619851625475,0.5403463855421687,20.021685826233885,0.48700804235253525,117.14000000000001,0.8811564764489914,2,HIGH
NAGALAND,ZUNHEBOTO,2026-09-06,1.8,77.2,150.1,235.6,4.9,LD,1.8,LD,1473.3,LE,134.8,LE,1652.068305021605,18.97585700329598,0.5438704819277109,27.30976941671305,0.747327400942456,92.79499999999999,0.7931112386224133,2,HIGH
NAGALAND,ZUNHEBOTO,2026-09-07,27.4,91.7,162.2,259.8,5.2,LE,101.1,LE,1500.7,LE,162.2,LE,1789.5023059952366,33.376832343968005,0.5675602409638554,17.482537619559075,0.7565764890421488,112.035,0.8618535252770733,2,HIGH
NAGALAND,ZUNHEBOTO,2026-09-08,2.3,31.5,147.1,243.3,6.5,LD,2.3,LD,1503.0,LE,164.5,LE,1804.5208054324532,11.270960325913993,0.5379969879518072,30.211148977734787,0.2704443528040107,81.94999999999999,0.7413525600706433,2,HIGH
NAGALAND,ZUNHEBOTO,2026-09-09,0.0,29.7,121.4,231.1,5.8,ND,121.4,LE,1503.0,LE,164.5,LE,2193.994747800608,38.837960058115144,0.4876807228915663,16.71555552768774,0.29172128050569646,72.44,0.7860776810718088,2,HIGH
NAGALAND,ZUNHEBOTO,2026-09-10,0.4,2.7,107.3,222.9,11.0,LD,121.4,LE,1503.0,LE,164.9,LE,1553.333315864964,43.08126794212899,0.4600753012048193,29.679349273961392,0.6519202525547467,61.075,0.718472534072487,2,HIGH
NAGALAND,ZUNHEBOTO,2026-09-11,0.0,0.4,94.4,189.2,8.2,NR,121.4,LE,1503.4,LE,164.9,LE,731.6320217174045,11.107747739991076,0.4348192771084337,23.462760271515954,0.5499992169653198,52.08,0.5072530762995994,1,MEDIUM
NAGALAND,ZUNHEBOTO,2026-09-12,0.0,0.4,31.9,182.9,9.6,NR,0.0,NR,1503.4,LE,164.9,LE,293.7986250203701,32.674378958893286,0.31245481927710844,22.286999059292633,0.33961503563823453,35.51,0.46061789135511283,1,MEDIUM
NAGALAND,ZUNHEBOTO,2026-09-13,9.6,9.6,39.7,189.8,5.9,LE,121.4,LE,1513.0,LE,174.5,LE,1535.3140176528466,25.233243862261034,0.32772590361445786,23.51124992978233,0.733317770639256,44.155,0.49217136370264075,1,MEDIUM
NAGALAND,ZUNHEBOTO,2026-09-14,0.4,10.0,12.7,190.2,8.8,LD,0.4,LD,1513.4,E,174.9,LE,212.5643692379236,26.259973273295145,0.2748644578313253,18.40350715257966,0.37989769762385317,34.345,0.41629404726091407,1,MEDIUM
NAGALAND,ZUNHEBOTO,2026-09-15,0.4,10.4,10.8,175.29999999999998,12.6,LD,121.4,LE,1503.0,LE,175.3,LE,641.168956639349,33.259588744027525,0.271144578313253,22.780654852499833,0.29688955281742646,31.735,0.4280706679059056,1,MEDIUM
NAGALAND,ZUNHEBOTO,2026-09-16,18.4,19.2,29.2,176.3,6.8,LE,18.4,LE,1532.2,E,193.7,LE,198.7326022746837,24.54961997345749,0.30716867469879516,29.445236870277196,0.6997042828600051,44.985,0.49093297213062526,1,MEDIUM
NAGALAND,ZUNHEBOTO,2026-09-17,0.2,19.0,29.0,150.79999999999998,10.7,LD,29.2,D,1532.4,E,193.9,E,1394.7745930660894,29.01305568070867,0.30677710843373496,28.616239117719584,0.6148755847791785,34.69,0.43736964015477436,1,MEDIUM
NAGALAND,ZUNHEBOTO,2026-09-18,11.4,30.0,40.4,147.7,8.1,E,11.4,E,1543.8,E,205.3,E,442.82840611002666,14.236040776455088,0.3290963855421687,17.7718250863526,0.48666564323879413,43.745,0.44064892136473477,1,MEDIUM
NAGALAND,ZUNHEBOTO,2026-09-19,0.0,11.6,40.4,134.79999999999998,8.7,NR,0.0,NR,1543.8,E,205.3,E,1545.4979326120094,20.14026385954521,0.3290963855421687,26.44815662819405,0.6656357222701208,33.22,0.39192930811496807,0,LOW
NAGALAND,ZUNHEBOTO,2026-09-20,0.0,11.4,30.8,72.3,6.5,NR,0.0,NR,1543.8,E,205.3,E,1987.6195706150056,39.609614002860084,0.31030120481927714,29.56623350441223,0.7968284132147216,21.395,0.39048132028844207,0,LOW
NAGALAND,ZUNHEBOTO,2026-09-21,1.2,1.2,31.6,71.7,6.3,LD,29.2,D,1532.2,E,206.5,E,2063.6077658910626,9.396100465935424,0.3118674698795181,28.93604900651976,0.2705094656599886,19.375,0.24212555252414053,0,LOW
SIKKIM,PAKYONG,2026-08-19,15.2,15.2,15.2,15.2,13.1,N,15.2,N,1193.5,N,210.1,D,808.3815949371872,28.903010437345596,0.2797590361445783,22.235751536052085,0.6266076626052013,15.199999999999998,0.2926662767059216,0,LOW
SIKKIM,PAKYONG,2026-08-20,0.3,15.5,15.5,15.5,13.9,LD,61.6,D,1193.8,N,210.4,D,1394.9386051015151,12.371482489395609,0.2803463855421687,15.817578285883968,0.38090037820933587,10.18,0.18355710749548554,0,LOW
SIKKIM,PAKYONG,2026-08-21,19.8,35.3,35.3,35.3,16.0,E,61.6,D,1193.5,N,230.1,D,1429.3763622115796,38.861583916934876,0.31911144578313255,30.829880190553737,0.5344826559648304,29.874999999999996,0.4493146029687492,1,MEDIUM
SIKKIM,PAKYONG,2026-08-22,0.0,20.1,35.3,35.3,12.7,NR,61.6,D,1213.6,N,230.1,D,1208.5735962777082,28.161758154141992,0.31911144578313255,21.730046969417053,0.5043886773300217,19.145,0.32533917678845825,0,LOW
SIKKIM,PAKYONG,2026-08-23,7.5,27.3,42.8,42.8,14.4,D,7.5,D,1221.1,N,237.7,D,1655.029033990674,21.121951306810843,0.33379518072289155,21.136602833357845,0.48398780070071784,26.569999999999997,0.3498698401487196,0,LOW
SIKKIM,PAKYONG,2026-08-24,0.0,7.5,42.8,42.8,9.4,NR,61.6,D,1221.1,N,237.7,D,564.7134533676573,14.992986946072717,0.33379518072289155,27.91175405613982,0.36421366014847717,18.994999999999997,0.268679729582872,0,LOW
SIKKIM,PAKYONG,2026-08-25,1.1,8.6,43.9,43.9,15.9,LD,61.6,D,1193.5,N,238.8,D,2449.145936987646,22.473787967585377,0.3359487951807229,19.487527663364382,0.7315899618669892,20.095,0.31019281950410826,0,LOW
SIKKIM,PAKYONG,2026-08-26,8.0,9.1,36.7,51.9,9.4,N,36.8,LD,1230.3,N,246.9,D,290.29557637278447,43.304493036869694,0.3218524096385542,29.190714693843965,0.4777123509566201,22.035,0.41377142038730735,1,MEDIUM
SIKKIM,PAKYONG,2026-08-27,1.1,10.2,37.50000000000001,53.0,13.3,LD,1.1,LD,1231.3,N,247.9,D,2081.591795947642,25.36837158974482,0.3234186746987952,16.292876533928364,0.7823177565618878,20.26,0.32172676587965116,0,LOW
SIKKIM,PAKYONG,2026-08-28,0.6,9.7,18.3,53.6,9.1,LD,0.6,LD,1231.9,N,248.5,D,1505.5351680304102,23.77958126799441,0.28582831325301206,27.592090412175587,0.4628009637678945,15.25,0.2714654432052724,0,LOW
SIKKIM,PAKYONG,2026-08-29,5.5,7.2,23.8,59.1,13.2,D,36.8,LD,1237.5,N,254.1,D,649.894130624604,34.850952540012365,0.29659638554216866,31.418421337506036,0.753828006807492,18.54,0.34625701819706844,0,LOW
SIKKIM,PAKYONG,2026-08-30,10.7,16.799999999999997,27.0,69.8,8.3,E,36.8,LD,1248.2,N,264.8,D,1876.9037516177345,20.161882833276266,0.3028614457831325,31.92806954686095,0.5766797989148127,25.165,0.32940950462372864,0,LOW
SIKKIM,PAKYONG,2026-08-31,8.2,24.4,35.2,78.0,10.1,D,36.8,LD,1256.4,N,272.9,D,256.9781944088263,22.09695799523176,0.31891566265060245,30.704674121090825,0.4813751409158753,29.47,0.371881527975619,0,LOW
SIKKIM,PAKYONG,2026-09-01,24.7,43.6,58.8,102.7,14.9,LE,36.8,LD,1230.3,N,24.7,LE,1947.3236943995187,18.477909262864763,0.36512048192771085,29.80296089190726,0.6724193287587976,49.650000000000006,0.5087627717441207,1,MEDIUM
SIKKIM,PAKYONG,2026-09-02,25.1,58.0,75.9,127.8,9.4,LE,75.9,N,1306.2,N,49.9,LE,1495.4637944953831,11.036790213175657,0.39859939759036145,19.740963815781413,0.7219927747620534,61.43000000000001,0.566285814771855,1,MEDIUM
SIKKIM,PAKYONG,2026-09-03,1.4,51.2,76.2,114.0,16.4,LD,75.9,N,1306.2,N,51.2,E,321.3382800711839,33.552368568106026,0.3991867469879518,31.43302216470599,0.5396144741646891,49.44,0.5810779706476077,1,MEDIUM
SIKKIM,PAKYONG,2026-09-04,0.3,26.8,75.89999999999999,114.0,9.7,LD,75.9,N,1308.0,N,51.6,N,244.78862957630704,39.92123655534495,0.39859939759036145,30.774242094844,0.5052522570301221,42.879999999999995,0.5625452916824049,1,MEDIUM
SIKKIM,PAKYONG,2026-09-05,1.8,3.5,72.19999999999999,96.0,13.2,LD,75.9,N,1309.8,N,53.4,N,1889.549016919333,41.22370596971062,0.391355421686747,24.08433261942817,0.5964513822233932,33.955,0.5033200810727799,1,MEDIUM
SIKKIM,PAKYONG,2026-09-06,21.1,23.200000000000003,82.6,117.1,11.0,LE,21.1,LE,1330.9,N,74.5,N,767.692970934401,40.232117521511185,0.4117168674698795,21.835320124692554,0.601098027103431,51.4,0.6272311773971864,1,MEDIUM
SIKKIM,PAKYONG,2026-09-07,3.6,26.500000000000004,78.0,113.2,12.0,LD,75.9,N,1334.5,N,78.1,N,2228.789534379673,23.071352097519714,0.402710843373494,16.8575433104892,0.5052875295128124,44.365,0.49905559483189765,1,MEDIUM
SIKKIM,PAKYONG,2026-09-08,0.0,24.700000000000003,53.3,113.2,13.5,NR,0.0,NR,1334.5,N,78.1,D,1917.0789015239313,16.36264768812785,0.3543524096385542,25.040779323027124,0.7045977270655825,36.480000000000004,0.4034093092880736,1,MEDIUM
SIKKIM,PAKYONG,2026-09-09,14.3,17.9,42.5,126.4,17.4,N,42.6,D,1348.8,N,92.4,D,1760.5660995584044,30.516949984032937,0.3332078313253012,26.90928112487736,0.4898328686522847,39.065,0.48049915568003776,1,MEDIUM
SIKKIM,PAKYONG,2026-09-10,2.3,16.6,43.400000000000006,120.7,13.0,LD,42.6,D,1348.8,N,94.7,D,732.5848289519548,43.18819647624127,0.33496987951807233,21.867941914085993,0.5217990057294957,33.910000000000004,0.5004535449096567,1,MEDIUM
SIKKIM,PAKYONG,2026-09-11,13.4,30.0,56.5,133.0,10.7,E,42.6,D,1364.4,N,108.0,D,1786.914071602964,34.0820259267442,0.3606174698795181,21.90250253071904,0.6131909345677075,46.265,0.5531053289268673,1,MEDIUM
SIKKIM,PAKYONG,2026-09-12,0.4,16.099999999999998,55.1,132.8,11.0,LD,0.4,LD,1364.8,N,108.5,D,2372.9618270613432,24.793942463606264,0.3578765060240964,24.746293642143165,0.8421093411583987,37.86,0.45141511364013676,1,MEDIUM
SIKKIM,PAKYONG,2026-09-13,13.4,27.2,47.400000000000006,140.70000000000002,12.2,N,42.6,D,1378.3,N,121.9,D,274.32159420789384,32.55234298053793,0.3428012048192771,15.47232963042175,0.4064116666084618,44.445,0.5297811761963395,1,MEDIUM
SIKKIM,PAKYONG,2026-09-14,19.2,33.0,63.0,149.2,10.1,LE,19.2,LE,1397.5,N,141.1,D,849.0984729087368,35.90151649817588,0.3733433734939759,31.283720238574734,0.38917167994691493,53.099999999999994,0.6124170140630498,1,MEDIUM
SIKKIM,PAKYONG,2026-09-15,11.3,43.900000000000006,74.3,152.3,12.7,N,42.6,D,1348.8,N,152.4,N,624.9470503809057,41.77077045312283,0.3954668674698795,19.92839702064406,0.35613235990778963,56.35000000000001,0.6660742660742776,1,MEDIUM
SIKKIM,PAKYONG,2026-09-16,13.5,44.0,73.5,141.1,8.8,E,13.5,E,1422.3,N,166.0,N,1013.4628292816334,35.528630158886166,0.39390060240963853,17.39514465007096,0.6636665285848802,55.265,0.6302906370362202,1,MEDIUM
SIKKIM,PAKYONG,2026-09-17,1.8,26.6,73.0,117.8,9.4,LD,73.5,N,1424.1,N,167.7,N,1868.7150043921686,22.327622225436222,0.3929216867469879,15.093302734288036,0.5194567824510445,43.2,0.4854949953171749,1,MEDIUM
SIKKIM,PAKYONG,2026-09-18,59.5,74.8,119.1,175.9,7.1,LE,59.5,LE,1483.6,N,227.2,N,1211.894324492197,15.944260738619365,0.48317771084337346,29.567156203557126,0.4831638040445648,95.685,0.7674989232292051,2,HIGH
SIKKIM,PAKYONG,2026-09-19,1.0,62.3,119.7,176.6,5.3,LD,1.0,LD,1484.6,N,228.2,N,1448.2899849946034,24.99526658918365,0.4843524096385542,29.674525388594375,0.3724542244893212,72.34,0.7231767215652835,2,HIGH
SIKKIM,PAKYONG,2026-09-20,0.9,61.4,107.2,175.70000000000002,5.8,LD,0.9,LD,1485.5,N,229.1,N,819.6794757919388,18.12711778421887,0.4598795180722892,16.620212276801073,0.7846830264420029,68.82000000000001,0.6626870774854231,1,MEDIUM
SIKKIM,PAKYONG,2026-09-21,4.3,6.2,92.3,158.9,4.0,N,73.5,N,1422.3,N,233.4,N,396.15870436339634,42.71058370751256,0.4307078313253012,17.588102149109616,0.5159038211334315,49.965,0.6318244934643011,1,MEDIUM
SIKKIM,SORENG,2026-08-19,3.0,3.0,3.0,3.0,15.0,LD,3.0,LD,1696.5,E,476.0,LE,703.9874398974349,25.31863373799849,0.2558734939759036,22.614337931382053,0.6146159868917973,3.0,0.18506840300644367,0,LOW
SIKKIM,SORENG,2026-08-20,1.5,4.5,4.5,4.5,18.1,LD,61.5,D,1698.0,E,477.5,LE,2156.216738042868,23.882253438560333,0.2588102409638554,18.156970942127366,0.31751774697551705,3.4499999999999997,0.18247680643511044,0,LOW
SIKKIM,SORENG,2026-08-21,40.5,45.0,45.0,45.0,12.7,LE,61.5,D,1696.5,E,518.0,LE,1525.9215572758555,18.927848726194515,0.3381024096385542,27.50895932622487,0.31478333001094067,43.425,0.4610235186909258,1,MEDIUM
SIKKIM,SORENG,2026-08-22,10.5,52.5,55.5,55.5,17.7,D,61.5,D,1749.0,E,528.5,LE,976.0722493332227,30.576279611664013,0.3586596385542169,15.98667567699728,0.2904127249983975,39.0,0.4853902647580778,1,MEDIUM
SIKKIM,SORENG,2026-08-23,9.0,60.0,64.5,64.5,16.2,D,9.0,D,1758.0,E,537.5,LE,1985.2696552521895,25.80205114483791,0.3762801204819277,24.34505865055972,0.4704076485029761,43.949999999999996,0.5029501991609877,1,MEDIUM
SIKKIM,SORENG,2026-08-24,0.0,19.5,64.5,64.5,16.4,NR,61.5,D,1758.0,E,537.5,E,207.92070951452646,10.161956915930261,0.3762801204819277,21.50745660693637,0.533731961315147,30.674999999999997,0.33889215830053,0,LOW
SIKKIM,SORENG,2026-08-25,0.0,9.0,64.5,64.5,19.2,NR,61.5,D,1696.5,E,537.5,E,672.033165409845,39.76831243321978,0.3762801204819277,22.904090222768275,0.3967468896695421,28.049999999999997,0.45178032284028913,1,MEDIUM
SIKKIM,SORENG,2026-08-26,16.5,16.5,78.0,81.0,15.1,N,78.0,D,1774.5,E,554.0,E,613.7527274404812,19.360513285751935,0.402710843373494,22.22087100082523,0.45980650352638575,41.55,0.46251413206501435,1,MEDIUM
SIKKIM,SORENG,2026-08-27,1.0,17.5,77.5,82.0,15.0,LD,1.0,LD,1775.5,E,555.0,E,2464.143177312144,22.30313719832617,0.4017319277108434,17.603706103089113,0.2537560204142618,36.4,0.43871761668598636,1,MEDIUM
SIKKIM,SORENG,2026-08-28,4.5,22.0,41.5,86.5,17.0,LD,4.5,LD,1780.0,E,559.5,E,1779.9415268622627,13.226682266543165,0.33125,18.74478525024556,0.46065307915683684,30.424999999999997,0.3417265988329664,0,LOW
SIKKIM,SORENG,2026-08-29,5.0,10.5,36.0,91.5,19.2,LD,78.0,D,1785.0,E,564.5,E,1563.5755441519577,27.135928304715566,0.3204819277108434,16.101730881477252,0.3215028008985085,27.1,0.3777107144941145,0,LOW
SIKKIM,SORENG,2026-08-30,0.0,9.5,27.0,91.5,13.4,NR,78.0,D,1785.0,E,564.5,E,62.2131649714586,33.082202497143314,0.3028614457831325,16.95985478008421,0.32703068702433374,22.85,0.37034537560747105,0,LOW
SIKKIM,SORENG,2026-08-31,3.0,8.0,30.0,94.5,17.1,LD,78.0,D,1788.0,E,567.5,E,501.55950512015056,40.24661282503758,0.30873493975903615,31.624211981121555,0.25270365853600196,24.725,0.4167159250531143,1,MEDIUM
SIKKIM,SORENG,2026-09-01,15.5,18.5,45.5,110.0,16.9,N,78.0,D,1774.5,E,15.5,N,1607.0761677840417,7.064306598890506,0.33908132530120483,19.756375798513282,0.6678283396390641,37.925,0.36932063547625854,0,LOW
SIKKIM,SORENG,2026-09-02,15.5,34.0,44.5,125.5,13.8,N,44.5,LD,1819.0,E,31.0,N,980.312349880081,43.933276387975134,0.33712349397590363,20.219434168772594,0.8087702644296304,43.875,0.5751679360837778,1,MEDIUM
SIKKIM,SORENG,2026-09-03,9.0,40.0,52.5,131.5,17.7,D,44.5,LD,1819.0,E,40.0,N,2314.486940013699,33.15270968081427,0.35278614457831325,17.16080761734606,0.6229273365112943,46.0,0.5455214002950459,1,MEDIUM
SIKKIM,SORENG,2026-09-04,0.5,25.0,48.5,130.5,14.5,LD,44.5,LD,1828.5,E,40.5,D,1923.574336897307,16.371947376460696,0.34495481927710847,27.837791476444774,0.30772123115674577,38.125,0.4132870561597618,1,MEDIUM
SIKKIM,SORENG,2026-09-05,2.0,11.5,45.5,92.0,16.5,LD,44.5,LD,1830.5,E,42.5,D,1146.0909783700938,13.178990200558642,0.33908132530120483,30.710427773183795,0.8437896696355024,28.75,0.33115130172813206,0,LOW
SIKKIM,SORENG,2026-09-06,12.5,15.0,58.0,94.0,19.3,D,12.5,D,1843.0,E,55.0,D,1886.3116949687626,16.843516746183916,0.3635542168674699,28.425759130133066,0.8353511025259079,36.725,0.4091317927383078,1,MEDIUM
SIKKIM,SORENG,2026-09-07,0.5,15.0,55.5,85.5,11.5,LD,44.5,LD,1843.5,E,55.5,D,2439.740593374243,40.0290300666577,0.3586596385542169,25.41446910038092,0.5309407213944932,30.625,0.4677545018656627,1,MEDIUM
SIKKIM,SORENG,2026-09-08,0.0,13.0,40.0,85.5,10.6,NR,0.0,NR,1843.5,N,55.5,D,1179.403020518603,16.655606927838015,0.32831325301204817,28.824959565379796,0.31472153104377754,26.075,0.3253975720241232,0,LOW
SIKKIM,SORENG,2026-09-09,19.5,20.0,44.0,105.0,6.2,LE,44.0,D,1863.0,E,75.0,D,1624.1884253269068,23.512845382289427,0.336144578313253,21.871913959858595,0.6824435857883226,38.575,0.4464672989103644,1,MEDIUM
SIKKIM,SORENG,2026-09-10,7.0,26.5,42.0,95.5,9.7,D,44.0,D,1863.0,E,82.0,D,2300.7283069001733,33.229522169689304,0.3322289156626506,29.611455036371687,0.8268809226900623,33.9,0.45557335596560744,1,MEDIUM
SIKKIM,SORENG,2026-09-11,2.5,29.0,44.0,97.0,10.6,LD,44.0,D,1872.5,N,84.5,D,659.2529219886245,39.879594548955424,0.336144578313253,28.57482044384909,0.7172197624832155,33.675,0.4843098825003988,1,MEDIUM
SIKKIM,SORENG,2026-09-12,0.0,9.5,42.0,92.5,10.1,NR,0.0,NR,1872.5,N,84.5,D,2222.0668884823817,31.342846493844164,0.3322289156626506,15.029318952357423,0.6245217127425886,26.75,0.39626477455714004,0,LOW
SIKKIM,SORENG,2026-09-13,12.0,14.5,41.5,99.5,13.6,N,44.0,D,1884.5,N,96.5,D,288.9845315938075,35.12436786137691,0.33125,23.29250029359779,0.6164991414226462,33.125,0.4582794447592591,1,MEDIUM
SIKKIM,SORENG,2026-09-14,18.0,30.0,59.0,117.5,15.5,N,18.0,N,1902.5,N,114.5,D,1638.698017939734,11.933071851838225,0.36551204819277106,19.498481793346844,0.8367508685233772,46.175,0.45500345540644205,1,MEDIUM
SIKKIM,SORENG,2026-09-15,6.0,36.0,65.0,120.5,12.9,D,44.0,D,1863.0,E,120.5,D,1967.9534798866716,40.09631310764555,0.37725903614457834,16.465959578250825,0.2938716020918617,45.425,0.577181203345352,1,MEDIUM
SIKKIM,SORENG,2026-09-16,4.0,28.0,49.5,109.0,12.4,LD,4.0,LD,1912.5,N,124.5,D,1555.785237168444,16.028767344724425,0.3469126506024096,29.38533272671217,0.33973361175437566,37.125,0.4050312301214969,1,MEDIUM
SIKKIM,SORENG,2026-09-17,1.5,11.5,44.0,95.0,15.8,LD,49.5,D,1914.0,N,126.0,D,1264.0602701737305,10.135126562260627,0.336144578313253,15.13514463311908,0.7484868668438087,28.65,0.31632345472187856,0,LOW
SIKKIM,SORENG,2026-09-18,15.5,21.0,57.0,101.5,14.6,N,15.5,N,1929.5,N,141.5,D,1562.5003948179308,44.049771613626774,0.36159638554216866,27.412779534941123,0.3370678481918554,40.15,0.5540502707065634,1,MEDIUM
SIKKIM,SORENG,2026-09-19,4.0,21.0,61.0,105.0,7.5,D,4.0,D,1933.5,N,145.5,D,421.5760865096392,13.06559701816644,0.3694277108433735,31.799266056952163,0.47997789215741776,37.65,0.40010372382573745,1,MEDIUM
SIKKIM,SORENG,2026-09-20,0.0,19.5,49.0,103.0,13.2,NR,0.0,NR,1933.5,N,145.5,D,578.1482403090349,10.466078803119059,0.34593373493975904,23.194336034006007,0.4188995536328502,32.575,0.3477066146879247,0,LOW
SIKKIM,SORENG,2026-09-21,0.0,4.0,31.0,90.5,6.0,NR,49.5,D,1912.5,N,145.5,D,711.2533926930378,30.040836004071462,0.31069277108433735,21.31108900900439,0.3960668298642359,22.325,0.35465532870219824,0,LOW
TRIPURA,DHALAI,2026-08-19,0.5,0.5,0.5,0.5,10.5,LD,0.5,LD,854.1,N,119.0,D,1514.5593845435933,17.754525979843812,0.2509789156626506,25.29916022607013,0.265433170665056,0.5,0.13266586134630684,0,LOW
TRIPURA,DHALAI,2026-08-20,1.5,2.0,2.0,2.0,9.9,LD,16.0,LD,855.6,N,120.4,D,1132.6576306754228,10.333968207219733,0.2539156626506024,28.679863070010427,0.5897507581208867,1.825,0.10970979970280463,0,LOW
TRIPURA,DHALAI,2026-08-21,4.5,6.5,6.5,6.5,7.5,D,16.0,LD,854.1,N,124.9,D,648.9658140903068,29.04484468863504,0.26272590361445786,19.08428389417974,0.49074371250007653,5.8,0.22294183610246496,0,LOW
TRIPURA,DHALAI,2026-08-22,28.6,34.6,35.1,35.1,6.1,LE,16.0,LD,888.7,N,153.5,D,2212.8828637542215,35.35940908888942,0.3187198795180723,19.261924295610115,0.5809541275822068,32.7,0.4537911355606289,1,MEDIUM
TRIPURA,DHALAI,2026-08-23,33.5,66.6,68.6,68.6,5.6,LE,33.5,LE,922.2,N,187.0,D,966.1085087183973,36.72793496828626,0.38430722891566266,25.322026239476394,0.4327049238985022,55.815,0.6376193871795655,1,MEDIUM
TRIPURA,DHALAI,2026-08-24,3.2,65.3,71.8,71.8,13.4,LD,16.0,LD,925.4,N,190.2,D,1142.7777121132333,11.220504040490894,0.3905722891566265,30.97795695452319,0.8148765130325575,46.16499999999999,0.45677731407160227,1,MEDIUM
TRIPURA,DHALAI,2026-08-25,0.4,37.1,72.2,72.2,9.0,LD,16.0,LD,854.1,N,190.6,D,1053.7676375450367,27.27468271759769,0.391355421686747,20.07347958789898,0.6048083153449164,38.295,0.4722345432698851,1,MEDIUM
TRIPURA,DHALAI,2026-08-26,0.3,3.9,72.0,72.5,19.1,LD,72.0,N,926.1,N,190.9,D,495.76024042804397,37.547134827258425,0.39096385542168677,21.404829274893224,0.8267242279193601,29.955,0.45841286075976895,1,MEDIUM
TRIPURA,DHALAI,2026-08-27,0.6,1.3,71.10000000000001,73.10000000000001,10.6,LD,0.6,LD,926.7,N,191.5,D,1842.4861878040717,11.44348045696741,0.3892018072289157,31.886666124824924,0.4600035725551952,29.275000000000006,0.33720114902735215,0,LOW
TRIPURA,DHALAI,2026-08-28,55.5,56.4,122.1,128.6,6.7,LE,55.5,LE,982.2,N,247.0,N,1148.722742558702,13.307290070826996,0.4890512048192771,17.99577680851077,0.25137372240779327,83.34,0.7505135431937575,2,HIGH
TRIPURA,DHALAI,2026-08-29,31.0,87.1,124.5,159.6,11.2,LE,72.0,N,1013.3,N,278.1,N,89.8299192371602,5.096455897267105,0.49375,16.30845886238017,0.7187593389774644,87.69,0.7214009150989649,2,HIGH
TRIPURA,DHALAI,2026-08-30,4.7,91.2,95.7,164.3,6.8,D,72.0,N,1018.0,N,282.8,N,2411.8335707815027,25.985366255811524,0.43736445783132527,25.025839060970306,0.7464273127363853,73.015,0.7229870238761638,2,HIGH
TRIPURA,DHALAI,2026-08-31,12.1,47.8,104.6,176.4,7.9,E,72.0,N,1030.0,N,294.8,N,2048.620848408764,12.787267874478037,0.45478915662650604,15.412538803167761,0.2852220383202016,68.79499999999999,0.6377582852378059,1,MEDIUM
TRIPURA,DHALAI,2026-09-01,5.6,22.4,109.8,182.0,11.3,D,72.0,N,926.1,N,5.6,D,1822.720417524918,33.969703029075966,0.4649698795180723,18.067364931671985,0.6252215370773915,62.31,0.687751458108645,1,MEDIUM
TRIPURA,DHALAI,2026-09-02,8.0,25.700000000000003,117.5,190.0,12.5,D,117.6,LE,1043.7,N,13.6,D,2179.2750827703962,43.48855422470423,0.4800451807228916,25.57755607173796,0.6466107202240721,67.1,0.7671876112319209,2,HIGH
TRIPURA,DHALAI,2026-09-03,2.4,16.0,119.3,191.9,7.6,LD,117.6,LE,1043.7,N,16.0,D,2271.6777713335982,13.35021955996281,0.4835692771084338,26.21171081175266,0.3374403202285392,63.45,0.6079484372734302,1,MEDIUM
TRIPURA,DHALAI,2026-09-04,0.7,11.1,64.5,191.1,9.7,LD,117.6,LE,1046.7,N,16.7,LD,876.8497806418746,30.963880470541305,0.3762801204819277,23.677229244009535,0.5815147317115488,47.81,0.5533831530216069,1,MEDIUM
TRIPURA,DHALAI,2026-09-05,0.7,3.8,34.2,187.3,14.4,LD,117.6,LE,1047.4,N,17.4,LD,1546.8487621209115,13.473378458340456,0.3169578313253012,21.523716785899516,0.3959193284079662,37.84,0.3927753179448398,0,LOW
TRIPURA,DHALAI,2026-09-06,2.2,3.6,31.700000000000003,160.9,7.7,LD,2.2,LD,1049.6,N,19.5,LD,1541.5791325537057,5.72027435918816,0.3120632530120482,24.79535893517142,0.2598710219227097,33.730000000000004,0.3280661347212285,0,LOW
TRIPURA,DHALAI,2026-09-07,1.8,4.7,21.4,129.20000000000002,6.2,LD,117.6,LE,1051.4,N,21.4,LD,704.8841885859625,35.342167768583394,0.2918975903614458,25.93755780156506,0.7701466542256706,26.535000000000004,0.4044420089586288,1,MEDIUM
TRIPURA,DHALAI,2026-09-08,0.0,4.0,15.8,126.0,6.3,NR,0.0,NR,1051.4,N,21.4,LD,593.7830160453146,22.360187066035714,0.28093373493975904,28.65919478695806,0.5450171027358784,23.849999999999998,0.3254285792405931,0,LOW
TRIPURA,DHALAI,2026-09-09,26.6,28.4,34.400000000000006,152.2,7.7,LE,34.3,D,1078.0,N,47.9,D,329.0727743066041,42.87147446058612,0.31734939759036146,28.476764079567406,0.7190194605464266,47.84,0.5947333128305833,1,MEDIUM
TRIPURA,DHALAI,2026-09-10,0.2,26.8,32.2,152.1,10.0,LD,34.3,D,1078.0,N,48.2,D,1665.3197799953093,26.371435285736222,0.3130421686746988,26.301613013754114,0.6837358193374652,37.635,0.44785684214321186,1,MEDIUM
TRIPURA,DHALAI,2026-09-11,12.3,39.1,43.8,163.79999999999998,7.0,LE,34.3,D,1090.5,N,60.5,D,1963.2515280254106,11.299314759027359,0.33575301204819274,30.201953914883916,0.8462231566087174,49.599999999999994,0.4706283059208258,1,MEDIUM
TRIPURA,DHALAI,2026-09-12,16.5,29.0,59.60000000000001,124.8,7.8,LE,16.5,LE,1107.0,N,77.0,D,1914.3347998166594,22.990977671891116,0.36668674698795184,29.24642931112212,0.5127720423407158,46.644999999999996,0.5077320526819826,1,MEDIUM
TRIPURA,DHALAI,2026-09-13,2.2,31.0,59.6,96.0,6.9,LD,34.3,D,1109.2,N,79.2,D,824.8746741031871,13.11567179224066,0.36668674698795184,17.265182139704983,0.5065303640543066,37.82,0.4009888507181253,1,MEDIUM
TRIPURA,DHALAI,2026-09-14,0.0,18.7,57.8,91.3,12.8,NR,0.0,NR,1109.2,N,79.2,D,552.8866336397455,40.12117090746298,0.36316265060240965,31.263550502499218,0.4190533402307021,32.82,0.484697733363963,1,MEDIUM
TRIPURA,DHALAI,2026-09-15,0.0,2.2,57.8,79.2,8.6,NR,34.3,D,1078.0,N,79.2,D,1161.3547372138237,32.63612723550099,0.36316265060240965,30.159619139404647,0.6250883280419288,26.880000000000003,0.4091253151557736,1,MEDIUM
TRIPURA,DHALAI,2026-09-16,6.0,6.0,37.2,79.60000000000001,8.1,D,6.0,D,1115.2,N,85.1,D,1389.6929775892509,18.649552186188142,0.32283132530120484,20.45576205163532,0.5416675003331706,24.840000000000003,0.3243673129764344,0,LOW
TRIPURA,DHALAI,2026-09-17,3.6,9.6,40.6,75.2,6.9,D,37.2,D,1118.7,N,88.7,D,2301.7634635229615,26.112812912285616,0.3294879518072289,15.34313511631967,0.6872566732850012,25.09,0.36064922287864115,0,LOW
TRIPURA,DHALAI,2026-09-18,8.7,18.3,37.0,81.5,6.7,E,8.7,E,1127.4,N,97.4,D,2193.3167279714326,31.779207528521138,0.3224397590361446,25.26759109489089,0.4639070190648563,29.095,0.4129477620064938,1,MEDIUM
TRIPURA,DHALAI,2026-09-19,0.0,12.3,20.5,80.8,13.0,NR,0.0,NR,1127.4,N,97.4,D,2294.3429116894777,36.31430866581701,0.2901355421686747,22.453098806728597,0.32850684496559557,20.32,0.3641460774636844,0,LOW
TRIPURA,DHALAI,2026-09-20,1.7,10.4,20.0,81.80000000000001,7.9,LD,1.7,LD,1129.1,N,99.1,D,2133.14284358315,8.205888394821667,0.2891566265060241,27.742633263964244,0.7674612712716725,20.465000000000003,0.24005669343470487,0,LOW
TRIPURA,DHALAI,2026-09-21,0.0,1.7,20.0,79.60000000000001,9.5,NR,37.2,D,1115.2,N,99.1,D,2413.2239508689627,5.900753679809871,0.2891566265060241,23.91819599664658,0.7468281651788108,17.365000000000002,0.20773299233159973,0,LOW
TRIPURA,GOMATI,2026-08-19,1.3,1.3,1.3,1.3,10.4,LD,1.3,LD,780.3,D,167.1,N,1190.4749930641908,9.578107886795593,0.25254518072289156,16.300337399266095,0.4606001122694465,1.3,0.10233719656351632,0,LOW
TRIPURA,GOMATI,2026-08-20,1.6,2.9000000000000004,2.9000000000000004,2.9000000000000004,16.0,LD,30.1,LD,781.9,D,168.8,D,166.31006871108121,20.79985240690252,0.2556777108433735,19.15968614433119,0.6642110305071995,2.4450000000000003,0.1609929818138929,0,LOW
TRIPURA,GOMATI,2026-08-21,1.0,3.9,3.9,3.9,9.3,LD,30.1,LD,780.3,D,169.7,D,254.72697876377168,23.66826440328368,0.2576355421686747,30.002903854151,0.5454417437653671,2.885,0.17726679083649266,0,LOW
TRIPURA,GOMATI,2026-08-22,40.8,43.4,44.7,44.7,8.1,LE,30.1,LD,823.7,D,210.5,N,1006.1765473422407,10.458465208553935,0.3375150602409639,15.640724827155852,0.7065832582786601,43.00999999999999,0.420308652985661,1,MEDIUM
TRIPURA,GOMATI,2026-08-23,15.9,57.7,60.6,60.6,8.5,LE,15.9,LE,839.5,D,226.4,N,681.3333736188433,21.44612551598421,0.36864457831325304,27.52338437977088,0.4840794211987074,44.230000000000004,0.48405762262667346,1,MEDIUM
TRIPURA,GOMATI,2026-08-24,1.8,58.5,62.4,62.4,9.2,LD,30.1,LD,841.3,D,228.1,N,466.3544488346149,22.66491145447322,0.37216867469879517,19.963039635174347,0.5713835412347377,40.215,0.4615838452099764,1,MEDIUM
TRIPURA,GOMATI,2026-08-25,8.6,26.3,71.0,71.0,12.3,D,30.1,LD,780.3,D,236.7,N,2385.349247546189,9.363598547099468,0.3890060240963855,22.69487665172245,0.28468966243884836,37.985,0.3899519794237377,0,LOW
TRIPURA,GOMATI,2026-08-26,2.1,12.5,71.8,73.1,10.2,LD,71.7,N,852.0,D,238.8,N,528.777991606025,41.66639840782936,0.3905722891566265,24.027092342497347,0.3549459889528488,32.775,0.4967268422069101,1,MEDIUM
TRIPURA,GOMATI,2026-08-27,1.0,11.7,71.19999999999999,74.1,11.5,LD,1.0,LD,853.0,D,239.8,N,2400.479217172316,28.965837103508303,0.3893975903614457,19.251383074222417,0.7190593646650618,32.19,0.43587850690262725,1,MEDIUM
TRIPURA,GOMATI,2026-08-28,41.9,45.0,112.1,116.0,9.5,LE,41.9,LE,894.9,D,281.7,N,1914.0551587869572,20.541421218251283,0.46947289156626504,26.08332753096027,0.4789392893037264,71.34,0.69328380191774,1,MEDIUM
TRIPURA,GOMATI,2026-08-29,16.5,59.4,87.80000000000001,132.5,10.9,E,71.7,N,911.4,D,298.2,N,1620.3168967067975,25.276287338888267,0.4218975903614458,26.788517707663896,0.2710632545377541,62.45,0.6414966978903152,1,MEDIUM
TRIPURA,GOMATI,2026-08-30,0.3,58.7,72.2,132.79999999999998,9.1,LD,71.7,N,911.7,D,298.5,N,1706.2464522189769,17.56789945875227,0.391355421686747,16.446011154403177,0.350581771427168,52.75,0.5320439296029249,1,MEDIUM
TRIPURA,GOMATI,2026-08-31,0.2,17.0,70.6,133.0,14.1,LD,71.7,N,911.9,D,298.8,N,862.1120929648538,39.17324126578372,0.38822289156626505,21.35676028947415,0.4969588192513687,41.92,0.5503083051593072,1,MEDIUM
TRIPURA,GOMATI,2026-09-01,7.0,7.5,69.0,140.0,12.4,D,71.7,N,852.0,D,7.0,D,1633.7462432427913,28.00060166274015,0.3850903614457831,27.654414120506956,0.6807478642100631,42.575,0.5046906298768628,1,MEDIUM
TRIPURA,GOMATI,2026-09-02,2.0,9.2,68.9,142.0,4.9,LD,68.9,N,920.9,D,8.9,D,507.3956897891,24.795832575741738,0.384894578313253,27.26783851729924,0.46809102508433853,41.525000000000006,0.4829297999821973,1,MEDIUM
TRIPURA,GOMATI,2026-09-03,12.7,21.7,80.6,153.39999999999998,5.5,LE,68.9,N,920.9,D,21.7,N,2347.3783097131495,41.435416123823906,0.40780120481927706,24.258256846389067,0.6971114526273214,53.02999999999999,0.6434051394351863,1,MEDIUM
TRIPURA,GOMATI,2026-09-04,0.3,15.0,39.0,152.1,9.1,LD,68.9,N,933.9,D,21.9,D,789.3936829034542,38.51918792936271,0.326355421686747,28.22047125775624,0.76483635237705,36.42,0.4958560950179084,1,MEDIUM
TRIPURA,GOMATI,2026-09-05,9.2,22.2,31.7,160.29999999999998,8.4,N,68.9,N,943.0,D,31.1,D,675.2069551191784,37.512075657033975,0.3120632530120482,16.829963181677336,0.45468196852342757,40.739999999999995,0.5192892848803136,1,MEDIUM
TRIPURA,GOMATI,2026-09-06,10.1,19.6,41.5,129.6,9.7,N,10.1,N,953.1,D,41.2,N,1792.348855575686,14.024368169273767,0.33125,17.009591553357012,0.7302253425126553,38.25,0.40100267540379364,1,MEDIUM
TRIPURA,GOMATI,2026-09-07,11.0,30.3,52.3,124.7,7.6,E,68.9,N,964.1,D,52.2,N,1658.2993592621456,11.12492445873427,0.35239457831325305,26.177318105037862,0.32612839955811374,43.205,0.4276354165170084,1,MEDIUM
TRIPURA,GOMATI,2026-09-08,1.1,22.2,46.4,124.0,5.8,LD,1.1,LD,965.2,D,53.3,N,1155.682349941098,32.603860788509905,0.34084337349397587,26.786675754217192,0.4991701150429957,36.135,0.4704335304315377,1,MEDIUM
TRIPURA,GOMATI,2026-09-09,41.9,54.0,86.30000000000001,157.29999999999998,7.3,LE,86.3,LE,1007.1,N,95.2,E,1599.4932749924264,23.745690253655837,0.41896084337349404,28.846956540458194,0.30853743776895554,73.335,0.7116312726891669,2,HIGH
TRIPURA,GOMATI,2026-09-10,0.0,43.0,73.6,155.2,10.2,NR,86.3,LE,1007.1,N,95.2,N,440.75802581409755,32.348508518273746,0.39409638554216864,18.07762692214537,0.2815167932768654,52.42999999999999,0.5960046309243988,1,MEDIUM
TRIPURA,GOMATI,2026-09-11,3.1,45.0,76.4,157.29999999999998,10.7,LD,86.3,LE,1010.3,D,98.4,N,1699.6543531347897,35.42508928444465,0.3995783132530121,23.78511821032879,0.28871642649126816,55.03,0.6292922928270203,1,MEDIUM
TRIPURA,GOMATI,2026-09-12,2.4,5.5,69.6,117.79999999999998,10.3,LD,2.4,LD,1012.7,D,100.8,N,712.996203228225,16.812540293790036,0.38626506024096385,26.2341320513049,0.3128512162489819,37.285,0.4175246910132411,1,MEDIUM
TRIPURA,GOMATI,2026-09-13,4.3,9.8,63.8,105.6,8.5,D,86.3,LE,1017.0,D,105.1,N,718.4481428573205,16.38601732491235,0.3749096385542169,18.802892755093257,0.7514355540498392,35.745,0.4023898415509762,1,MEDIUM
TRIPURA,GOMATI,2026-09-14,0.3,7.0,53.1,105.6,9.2,LD,0.3,LD,1017.3,D,105.4,N,447.3408406122722,24.633262650327346,0.353960843373494,23.787773715097842,0.5762062741802141,30.97,0.4008462508307014,1,MEDIUM
TRIPURA,GOMATI,2026-09-15,0.0,4.6,52.0,105.4,8.0,NR,86.3,LE,1007.1,N,105.4,N,864.3239808386033,15.941972541059894,0.35180722891566263,25.85356541464013,0.8184329126662064,29.96,0.35459420270293757,0,LOW
TRIPURA,GOMATI,2026-09-16,4.3,4.6,14.4,102.7,6.1,D,4.3,D,1021.7,D,109.7,N,861.5650977627539,31.69181104064798,0.2781927710843374,18.645641695120567,0.572800180787508,21.66,0.35075676729906985,0,LOW
TRIPURA,GOMATI,2026-09-17,0.3,4.6,14.7,101.0,9.5,LD,14.5,LD,1022.0,D,110.1,D,1162.7385786705597,34.86921783522867,0.2787801204819277,21.3845779742524,0.627226799386232,20.08,0.35374305176032966,0,LOW
TRIPURA,GOMATI,2026-09-18,3.9,8.5,15.5,92.2,7.6,D,3.9,D,1025.9,D,114.0,D,516.5277864325562,23.881557842129773,0.2803463855421687,18.677759772307034,0.3606903766842958,21.195,0.3131634550639862,0,LOW
TRIPURA,GOMATI,2026-09-19,0.0,4.199999999999999,13.1,91.9,6.2,NR,0.0,NR,1025.9,D,114.0,D,522.8684635889774,33.95199062394573,0.27564759036144576,30.350029375286177,0.574348612380225,18.11,0.33500934934862725,0,LOW
TRIPURA,GOMATI,2026-09-20,2.3,6.199999999999999,11.1,85.0,8.7,LD,2.3,LD,1028.2,D,116.3,D,1377.2595005749095,25.41750276283105,0.27173192771084337,19.02558099280986,0.4811815292819961,17.88,0.294657065682896,0,LOW
TRIPURA,GOMATI,2026-09-21,0.1,2.4,10.9,74.99999999999999,8.5,LD,14.5,LD,1021.7,D,116.4,D,365.74964144266414,33.51486887868037,0.2713403614457831,17.05418864175855,0.8088612052842221,14.61,0.30727762324079705,0,LOW
TRIPURA,KHOWAI,2026-08-19,0.0,0.0,0.0,0.0,11.7,NR,0.0,NR,878.6,N,109.0,D,1737.797669572646,13.998729911829013,0.25,15.597640295961442,0.8103527294690752,0.0,0.11221657738590674,0,LOW
TRIPURA,KHOWAI,2026-08-20,0.3,0.3,0.3,0.3,10.1,LD,24.2,LD,878.9,N,109.2,D,2362.6704583633614,34.553721837321675,0.25058734939759036,15.764209030992953,0.3690991675013446,0.3,0.20582621124963027,0,LOW
TRIPURA,KHOWAI,2026-08-21,2.2,2.5,2.5,2.5,8.3,LD,24.2,LD,878.6,N,111.4,D,1095.6492730777268,33.60496093828071,0.254894578313253,18.256965994435888,0.6220785183630195,2.395,0.21739184139476925,0,LOW
TRIPURA,KHOWAI,2026-08-22,38.8,41.3,41.3,41.3,6.6,LE,24.2,LD,919.9,N,150.2,D,2257.708017219158,15.664228281967105,0.3308584337349397,25.33954469221819,0.6329054817825868,40.425,0.42370330060458916,1,MEDIUM
TRIPURA,KHOWAI,2026-08-23,90.1,131.1,131.39999999999998,131.39999999999998,6.6,LE,90.1,LE,1010.0,N,240.3,N,290.87564825836785,27.238839641607,0.5072590361445783,15.300047866689084,0.5875210476748107,116.86999999999999,0.822513316747169,2,HIGH
TRIPURA,KHOWAI,2026-08-24,0.0,128.89999999999998,131.39999999999998,131.39999999999998,7.8,NR,24.2,LD,1010.0,N,240.3,N,155.2461870703292,39.21246671497607,0.5072590361445783,19.874646720871503,0.3245978247970896,84.78499999999998,0.8757294370732538,2,HIGH
TRIPURA,KHOWAI,2026-08-25,7.7,97.8,139.1,139.1,11.1,D,24.2,LD,878.6,N,248.0,N,1817.3537499089077,14.980905878897559,0.5223343373493976,15.988837152496089,0.6424091913045171,82.785,0.7606556701966992,2,HIGH
TRIPURA,KHOWAI,2026-08-26,4.3,12.0,143.39999999999998,143.39999999999998,12.2,LD,143.3,LE,1022.0,N,252.3,N,1914.5028538046665,34.43919136058705,0.5307530120481927,21.86219909508585,0.7294511709545201,61.864999999999995,0.6998253436869504,1,MEDIUM
TRIPURA,KHOWAI,2026-08-27,0.0,12.0,143.09999999999997,143.39999999999998,9.3,NR,0.0,NR,1022.0,N,252.3,N,2115.4926903660908,43.15866868587548,0.5301656626506024,15.82580454310758,0.45713562031187804,60.28499999999998,0.7272081129700974,2,HIGH
TRIPURA,KHOWAI,2026-08-28,69.4,73.7,210.3,212.8,8.4,LE,69.4,LE,1091.3,N,321.6,N,189.2033120799545,39.6496767903026,0.6617319277108434,25.328210202554075,0.5587310211664943,127.21000000000001,0.9085671712768469,2,HIGH
TRIPURA,KHOWAI,2026-08-29,32.7,102.1,204.2,245.5,11.3,LE,143.3,LE,1124.0,N,354.3,E,1953.4222846442347,21.060803307211046,0.6497891566265059,26.70321251382326,0.31979676780956673,124.845,0.8235614015795725,2,HIGH
TRIPURA,KHOWAI,2026-08-30,4.1,106.2,118.2,249.6,6.1,D,143.3,LE,1128.1,N,358.4,E,972.5198953516253,29.28830931952554,0.4814156626506024,27.43273834394398,0.8084132268922166,94.975,0.8264533961724563,2,HIGH
TRIPURA,KHOWAI,2026-08-31,2.3,39.1,120.5,251.9,10.0,LD,143.3,LE,1130.4,N,360.7,E,793.1772000713866,44.670805370108155,0.48591867469879524,18.813837776986336,0.315722711903392,78.49,0.8547380220683211,2,HIGH
TRIPURA,KHOWAI,2026-09-01,3.7,10.1,116.5,255.6,9.7,LD,143.3,LE,1022.0,N,3.7,LD,473.90860729107743,27.73749645502874,0.47808734939759034,29.764502753349635,0.3750262640009482,71.285,0.726597531967424,2,HIGH
TRIPURA,KHOWAI,2026-09-02,2.6,8.6,114.8,258.2,5.3,D,114.8,LE,1136.8,N,6.3,D,2490.238600001191,9.601104097214662,0.4747590361445783,26.73489884462575,0.42908708548002095,70.49,0.6396635736241949,1,MEDIUM
TRIPURA,KHOWAI,2026-09-03,10.8,17.1,125.6,269.0,9.8,N,114.8,LE,1136.8,N,17.1,D,205.97579383121587,6.817230191150436,0.4959036144578313,15.963053728096947,0.7454741435092131,79.805,0.6978625223625967,1,MEDIUM
TRIPURA,KHOWAI,2026-09-04,3.0,16.400000000000002,59.2,271.7,7.9,LD,114.8,LE,1150.6,N,20.2,D,2076.169635789599,36.612580389761135,0.3659036144578313,22.49303404792426,0.670393552301413,60.705,0.6682532796125239,1,MEDIUM
TRIPURA,KHOWAI,2026-09-05,0.0,13.8,26.5,269.5,10.0,NR,114.8,LE,1150.6,N,20.2,D,1616.7613669517925,21.945133016073846,0.30188253012048194,28.05186038733218,0.2542086628018615,50.5,0.5175788902904268,1,MEDIUM
TRIPURA,KHOWAI,2026-09-06,0.1,3.1,22.5,230.8,6.8,LD,0.1,LD,1150.7,N,20.3,LD,1850.9470884415746,14.872515625167777,0.2940512048192771,20.285196754243906,0.3601369282956463,41.055,0.4173100849645819,1,MEDIUM
TRIPURA,KHOWAI,2026-09-07,4.4,4.5,24.6,145.1,7.0,D,114.8,LE,1155.1,N,24.6,D,1793.7069438084013,18.90688122643788,0.29816265060240965,21.486499156423502,0.700090707515141,30.58,0.3614583905603552,0,LOW
TRIPURA,KHOWAI,2026-09-08,0.3,4.8,21.2,145.40000000000003,7.4,LD,0.3,LD,1155.4,N,24.9,LD,2153.1644884292973,35.294914661858094,0.29150602409638554,25.70326506404123,0.4923006946004874,28.415000000000006,0.4175433196074704,1,MEDIUM
TRIPURA,KHOWAI,2026-09-09,3.8,8.5,22.4,141.5,7.8,D,22.4,LD,1159.2,N,28.7,LD,500.29057114746536,23.609893425353164,0.293855421686747,15.943174961970263,0.265728119480356,30.279999999999998,0.37936257690149705,0,LOW
TRIPURA,KHOWAI,2026-09-10,8.9,13.0,20.5,146.1,6.1,E,22.4,LD,1159.2,N,37.6,D,52.02031124497917,39.73997970103506,0.2901355421686747,31.437895688634594,0.8283501269920148,33.405,0.4725645849524672,1,MEDIUM
TRIPURA,KHOWAI,2026-09-11,10.8,23.5,28.3,156.90000000000003,10.0,N,22.4,LD,1178.9,N,48.4,D,1516.394798156002,34.39702355110797,0.3054066265060241,17.966177180365374,0.34073974776433724,40.265,0.5007302633868015,1,MEDIUM
TRIPURA,KHOWAI,2026-09-12,21.0,40.7,49.3,108.5,5.7,LE,21.0,LE,1199.9,N,69.4,D,916.9536663421682,43.960566017817,0.3465210843373494,15.453423993986426,0.5562799840280965,46.125,0.5931935737649274,1,MEDIUM
TRIPURA,KHOWAI,2026-09-13,0.0,31.8,49.2,75.8,6.3,NR,22.4,LD,1199.9,N,69.4,D,353.27896123698736,40.540150671593736,0.3463253012048193,15.090490694687144,0.39898965858690605,31.619999999999997,0.4746458185080737,1,MEDIUM
TRIPURA,KHOWAI,2026-09-14,0.0,21.0,44.8,71.7,9.5,NR,0.0,NR,1199.9,N,69.4,D,506.0399475553852,15.181888471440367,0.337710843373494,21.79242437498973,0.6924815921352158,27.205,0.32877525721134926,0,LOW
TRIPURA,KHOWAI,2026-09-15,0.0,0.0,44.5,69.39999999999999,5.3,NR,22.4,LD,1159.2,N,69.4,D,862.7858155250962,31.362369312102132,0.33712349397590363,30.03230721308142,0.7160356594283728,21.534999999999997,0.36018845795245047,0,LOW
TRIPURA,KHOWAI,2026-09-16,19.2,19.2,59.9,84.9,6.2,LE,19.2,LE,1219.1,N,88.6,D,222.0717586724229,5.821721381125755,0.36727409638554215,28.935955346704795,0.48833224211493587,39.23,0.37873099149705164,0,LOW
TRIPURA,KHOWAI,2026-09-17,18.0,37.2,69.0,100.3,7.2,LE,59.9,E,1237.1,N,106.6,N,189.4373452147046,44.64426897718393,0.3850903614457831,30.504778570244817,0.6450697728754191,47.894999999999996,0.6165523104665831,1,MEDIUM
TRIPURA,KHOWAI,2026-09-18,3.6,40.8,61.8,93.1,12.5,LD,3.6,LD,1240.6,N,110.2,D,2294.264324339488,15.440244352103862,0.3709939759036145,24.07429942859128,0.7954441507278912,40.87499999999999,0.43393989137862243,1,MEDIUM
TRIPURA,KHOWAI,2026-09-19,0.0,21.6,40.8,90.1,9.1,NR,0.0,NR,1240.6,N,110.2,D,814.6517359165557,31.591803744943363,0.32987951807228916,22.628685975877794,0.7388854710955637,29.115,0.4137452510632892,1,MEDIUM
TRIPURA,KHOWAI,2026-09-20,5.6,9.2,46.39999999999999,95.7,3.7,E,5.6,E,1246.2,N,115.8,D,2456.465208810283,38.96614484798261,0.34084337349397587,21.559636593815505,0.49893863058694876,30.214999999999996,0.4565472339840813,1,MEDIUM
TRIPURA,KHOWAI,2026-09-21,0.5,6.1,46.89999999999999,96.1,8.1,LD,59.9,E,1219.1,N,116.3,D,2412.69917040948,11.418586509118857,0.3418222891566265,15.7891072884522,0.5148856323379827,27.839999999999996,0.31739432366959147,0,LOW
TRIPURA,NORTH TRIPURA,2026-08-19,0.0,0.0,0.0,0.0,13.6,NR,0.0,NR,772.8,D,110.4,D,399.2996417014288,38.91517371241917,0.25,30.46186135718761,0.7821269644162123,0.0,0.22295632761075185,0,LOW
TRIPURA,NORTH TRIPURA,2026-08-20,1.2,1.2,1.2,1.2,12.4,LD,31.7,LD,774.0,D,111.6,D,1801.5645420956678,5.489826631632897,0.25234939759036146,23.43499356884037,0.27062368025580574,1.2,0.08341568625339303,0,LOW
TRIPURA,NORTH TRIPURA,2026-08-21,29.8,31.0,31.0,31.0,9.4,LE,31.7,LD,772.8,D,141.4,D,1521.9719783613195,22.679085523416298,0.31069277108433735,22.736146327875673,0.2636869433882958,30.58,0.38072976708775597,0,LOW
TRIPURA,NORTH TRIPURA,2026-08-22,13.8,44.8,44.8,44.8,12.7,N,31.7,LD,817.6,D,155.2,D,1742.0853291076264,23.88150490124554,0.337710843373494,23.757847279239996,0.37347720493901326,33.95,0.41547910547836203,1,MEDIUM
TRIPURA,NORTH TRIPURA,2026-08-23,9.7,53.3,54.5,54.5,9.4,N,9.7,N,827.3,D,164.9,D,285.6679500354632,19.963628530349435,0.35670180722891565,28.50062680794141,0.7465729868112061,38.519999999999996,0.434412729449283,1,MEDIUM
TRIPURA,NORTH TRIPURA,2026-08-24,3.4,26.9,57.9,57.9,14.3,LD,31.7,LD,830.7,D,168.3,D,511.9721926546672,28.45538985201999,0.36335843373493976,18.816008461703586,0.3419279125703205,31.075,0.42046082642088567,1,MEDIUM
TRIPURA,NORTH TRIPURA,2026-08-25,0.2,13.3,58.1,58.1,13.8,LD,31.7,LD,772.8,D,168.5,D,237.76472055465968,41.59369394810528,0.36375,27.068311542913698,0.4211675709690116,26.635,0.44730926645599767,1,MEDIUM
TRIPURA,NORTH TRIPURA,2026-08-26,1.9,5.5,60.0,60.0,12.7,LD,60.0,D,832.8,D,170.4,D,1530.1288027818243,18.079564572011563,0.3674698795180723,27.083085594518558,0.6274412140841055,26.04,0.3393083227959753,0,LOW
TRIPURA,NORTH TRIPURA,2026-08-27,1.5,3.6,60.3,61.5,13.1,LD,1.5,LD,834.3,D,171.9,D,2467.148135830273,28.170395486656968,0.36805722891566267,29.44239729838911,0.36054568603682846,25.725,0.3820304535428008,0,LOW
TRIPURA,NORTH TRIPURA,2026-08-28,17.3,20.7,47.8,78.8,10.8,LE,17.3,LE,851.6,D,189.2,D,1696.3621172619564,40.098501029732915,0.3435843373493976,15.14762117388579,0.43186980474614406,35.0,0.49620759772609774,1,MEDIUM
TRIPURA,NORTH TRIPURA,2026-08-29,36.7,55.5,70.7,115.5,10.8,LE,60.0,D,888.4,D,226.0,D,1791.3657608037277,35.919815804055126,0.3884186746987952,17.896724234997244,0.5301476362739153,61.72,0.6769063178800658,1,MEDIUM
TRIPURA,NORTH TRIPURA,2026-08-30,9.5,63.5,70.5,125.0,10.0,N,60.0,D,897.9,D,235.5,D,2462.2333517810384,6.62933059221984,0.38802710843373495,23.007796484760846,0.38686557026076285,55.575,0.502882472626161,1,MEDIUM
TRIPURA,NORTH TRIPURA,2026-08-31,15.8,62.0,82.89999999999999,140.8,6.8,LE,60.0,D,913.7,N,251.3,D,1711.1283077209005,42.71163056510649,0.4123042168674699,29.459186586845135,0.8454482103867598,62.875,0.7200953503103457,2,HIGH
TRIPURA,NORTH TRIPURA,2026-09-01,38.3,63.6,121.0,179.1,9.3,LE,60.0,D,832.8,D,38.3,LE,148.4448529397523,6.865876170344509,0.48689759036144575,31.40698664767573,0.3480676103927607,86.42,0.7278945232738203,2,HIGH
TRIPURA,NORTH TRIPURA,2026-09-02,3.1,57.2,122.2,182.2,13.2,LD,122.3,LE,955.1,N,41.4,LE,2174.163722098664,28.550338974973183,0.48924698795180727,25.112766449549824,0.7599622629521519,73.265,0.7465439455815475,2,HIGH
TRIPURA,NORTH TRIPURA,2026-09-03,7.7,49.1,128.4,189.9,9.3,N,122.3,LE,955.1,N,49.2,E,943.4618114280509,28.01414481260659,0.5013855421686747,18.606277582191343,0.5320598988992316,75.555,0.7628982895326795,2,HIGH
TRIPURA,NORTH TRIPURA,2026-09-04,0.9,11.699999999999994,112.0,189.6,14.8,LD,122.3,LE,963.8,N,50.1,N,60.69087271105265,36.45560922809264,0.46927710843373494,18.137939829018976,0.32747420783211306,59.67999999999999,0.6809301273895126,1,MEDIUM
TRIPURA,NORTH TRIPURA,2026-09-05,1.3,9.899999999999997,76.6,161.1,14.4,LD,122.3,LE,965.1,N,51.4,N,1292.7237350240105,10.937722073959106,0.3999698795180723,25.870547217766546,0.32109169429754836,46.245,0.4579697952211766,1,MEDIUM
TRIPURA,NORTH TRIPURA,2026-09-06,1.1,3.299999999999993,68.19999999999999,148.39999999999998,12.5,LD,1.1,LD,966.2,N,52.6,D,2345.686752146846,12.17481568250815,0.38352409638554213,18.57117550000988,0.5501776336305132,40.51999999999999,0.41940453672586375,1,MEDIUM
TRIPURA,NORTH TRIPURA,2026-09-07,11.5,13.899999999999991,63.9,150.2,8.7,E,122.3,LE,977.7,N,64.0,D,680.4601836277088,35.08427730953442,0.375105421686747,24.402486206655063,0.46211210288152615,46.004999999999995,0.5586056114718558,1,MEDIUM
TRIPURA,NORTH TRIPURA,2026-09-08,6.9,19.499999999999996,32.5,153.7,9.9,D,6.9,D,984.6,N,70.9,D,1254.2072739794578,10.980190096465003,0.31362951807228917,29.191802795446335,0.3907613794677962,38.47,0.3855157711925798,0,LOW
TRIPURA,NORTH TRIPURA,2026-09-09,29.2,47.6,58.6,182.7,12.0,LE,58.7,D,1013.8,N,100.1,N,475.75337506685736,23.777805082625584,0.36472891566265064,21.626934023855533,0.8253634822994493,64.175,0.6356887466248685,1,MEDIUM
TRIPURA,NORTH TRIPURA,2026-09-10,2.0,38.1,52.900000000000006,182.8,13.6,LD,58.7,D,1013.8,N,102.1,N,191.34704558277824,34.26592360843728,0.3535692771084337,21.434027225612795,0.5280278443799145,50.870000000000005,0.5853105036430074,1,MEDIUM
TRIPURA,NORTH TRIPURA,2026-09-11,6.3,37.49999999999999,58.3,187.6,14.7,D,58.7,D,1022.1,N,108.4,N,247.3351194471273,31.049677151307247,0.3641415662650602,15.614385727148253,0.8072865888233965,54.294999999999995,0.597523888709547,1,MEDIUM
TRIPURA,NORTH TRIPURA,2026-09-12,36.2,44.5,93.2,206.5,12.6,LE,36.2,LE,1058.4,N,144.7,N,1831.1767196053208,13.424167444523807,0.4324698795180723,19.319437833217435,0.3483998356388913,78.07,0.7021830146547572,2,HIGH
TRIPURA,NORTH TRIPURA,2026-09-13,2.5,45.0,94.6,172.3,11.7,LD,58.7,D,1060.9,N,147.2,N,2166.982453318265,17.15841034744342,0.43521084337349397,26.869254813527665,0.3600796403380073,61.620000000000005,0.602168512591615,1,MEDIUM
TRIPURA,NORTH TRIPURA,2026-09-14,0.0,38.7,83.1,162.8,10.8,NR,0.0,NR,1060.9,N,147.2,N,401.0821561686032,43.75899612964164,0.4126957831325301,21.12665116724734,0.6076166145654709,54.870000000000005,0.6678158291467241,1,MEDIUM
TRIPURA,NORTH TRIPURA,2026-09-15,0.0,2.5,76.2,147.0,10.6,NR,58.7,D,1013.8,N,147.2,N,756.3804911356484,22.946824806195355,0.3991867469879518,17.691081593928672,0.41192538557009356,41.725,0.4789948509516081,1,MEDIUM
TRIPURA,NORTH TRIPURA,2026-09-16,0.4,0.4,47.4,109.1,10.2,LD,0.4,LD,1061.3,N,147.6,D,527.822195729827,6.7782990574552215,0.3428012048192771,16.79805147392556,0.3609627133667562,28.455,0.3013467278634157,0,LOW
TRIPURA,NORTH TRIPURA,2026-09-17,3.4,3.8,48.8,109.4,7.4,D,47.5,D,1064.7,N,151.0,D,115.79665346974843,13.783395978653306,0.3455421686746988,16.615907428562053,0.30681123124798665,30.75,0.3493740137411351,0,LOW
TRIPURA,NORTH TRIPURA,2026-09-18,13.4,17.2,55.900000000000006,115.1,9.7,E,13.4,E,1078.1,N,164.4,D,1405.9068562231098,18.697403586473506,0.35944277108433736,26.20526836300422,0.2957624021842983,40.23,0.44151212840063125,1,MEDIUM
TRIPURA,NORTH TRIPURA,2026-09-19,0.0,16.800000000000004,19.7,114.2,8.4,NR,0.0,NR,1078.1,N,164.4,D,1764.8093168372366,44.979576171783435,0.2885692771084337,25.41456513949033,0.7019010312480558,26.255,0.4446150711834784,1,MEDIUM
TRIPURA,NORTH TRIPURA,2026-09-20,1.7,15.1,18.9,114.6,6.1,LD,1.7,LD,1079.8,D,166.1,D,1637.2998281684227,17.107661899076746,0.2870030120481928,23.814857095235446,0.4192978878218899,26.284999999999997,0.3206403080576021,0,LOW
TRIPURA,NORTH TRIPURA,2026-09-21,0.0,1.7000000000000015,18.9,113.5,8.9,NR,47.5,D,1061.3,N,166.1,D,1000.7311908905067,6.055833951301799,0.2870030120481928,23.50554961870537,0.8370514919845808,22.174999999999997,0.242249045613874,0,LOW
TRIPURA,SIPAHIJALA,2026-08-19,0.2,0.2,0.2,0.2,8.2,LD,0.2,LD,873.0,N,226.7,E,1409.775102552768,25.51686310221344,0.25039156626506026,17.603326495693818,0.3598726764874749,0.19999999999999998,0.16491102325086016,0,LOW
TRIPURA,SIPAHIJALA,2026-08-20,1.0,1.2,1.2,1.2,9.8,LD,38.5,D,874.0,N,227.7,N,280.5433012587505,8.344215398959083,0.25234939759036146,23.51027182092148,0.4626679900143087,1.13,0.09560330821237237,0,LOW
TRIPURA,SIPAHIJALA,2026-08-21,11.3,12.5,12.5,12.5,8.2,E,38.5,D,873.0,N,239.0,E,428.0441108705769,15.962703947828874,0.2744728915662651,16.018942202206457,0.4749451716894001,12.08,0.21187547362388642,0,LOW
TRIPURA,SIPAHIJALA,2026-08-22,7.0,19.3,19.5,19.5,11.3,D,38.5,D,892.3,N,246.0,N,2332.8968179048093,44.695327043757565,0.2881777108433735,30.739593796245693,0.5500916756420979,15.075,0.36364781698722726,0,LOW
TRIPURA,SIPAHIJALA,2026-08-23,7.2,25.5,26.7,26.7,7.0,N,7.2,N,899.5,N,253.2,N,1915.6939821587473,33.18554075720618,0.30227409638554215,15.986468418044316,0.772381521387672,19.575,0.3473621531078926,0,LOW
TRIPURA,SIPAHIJALA,2026-08-24,0.8,15.0,27.5,27.5,12.2,LD,38.5,D,900.3,N,254.0,N,2310.7107847716597,7.026665171314814,0.30384036144578314,22.200013313196614,0.7508621259785123,15.030000000000001,0.19904357547177232,0,LOW
TRIPURA,SIPAHIJALA,2026-08-25,7.3,15.3,34.8,34.8,8.7,N,38.5,D,873.0,N,261.2,N,2295.86669702345,22.94746874367184,0.3181325301204819,15.009707958853928,0.2559737985182772,20.299999999999997,0.31019485466793295,0,LOW
TRIPURA,SIPAHIJALA,2026-08-26,0.6,8.700000000000001,35.2,35.4,7.9,LD,35.2,D,908.1,N,261.8,N,1641.0119119139647,11.865500505153971,0.31891566265060245,28.364557459315158,0.4955530401749576,16.495,0.23399851693642099,0,LOW
TRIPURA,SIPAHIJALA,2026-08-27,0.6,8.5,34.8,36.0,10.8,LD,0.6,LD,908.7,N,262.4,N,2324.1846878748047,9.91778625608485,0.3181325301204819,17.82489320510571,0.7467620386243492,16.435,0.2247580537936865,0,LOW
TRIPURA,SIPAHIJALA,2026-08-28,20.1,21.3,43.6,56.1,10.5,LE,20.1,LE,928.8,N,282.5,N,1070.9250525520347,28.482616533952083,0.33536144578313254,30.723572302968527,0.2501186846960261,31.674999999999997,0.41925572493647634,1,MEDIUM
TRIPURA,SIPAHIJALA,2026-08-29,15.1,35.8,51.7,71.2,12.2,E,35.2,D,943.9,N,297.6,N,58.8597997231053,25.226235585608627,0.3512198795180723,15.747621713629597,0.5701837433309462,37.84,0.4518626481490303,1,MEDIUM
TRIPURA,SIPAHIJALA,2026-08-30,1.9,37.1,46.4,73.1,6.6,LD,35.2,D,945.8,N,299.5,N,203.29923382309047,34.71466337262033,0.34084337349397587,28.953384687595257,0.4056853727999211,32.504999999999995,0.4539614790340811,1,MEDIUM
TRIPURA,SIPAHIJALA,2026-08-31,2.5,19.5,48.1,75.6,10.0,LD,35.2,D,948.3,N,302.0,N,318.24394796699727,40.69224912927439,0.34417168674698795,26.162842817865,0.4976611295452603,29.114999999999995,0.45705010872858903,1,MEDIUM
TRIPURA,SIPAHIJALA,2026-09-01,15.1,19.5,55.900000000000006,90.7,8.7,LE,35.2,D,908.1,N,15.1,LE,283.6159602980076,14.867274297266476,0.35944277108433736,19.245507221060137,0.5021828199272849,37.74,0.40675518374231295,1,MEDIUM
TRIPURA,SIPAHIJALA,2026-09-02,1.4,19.0,56.7,92.1,4.1,LD,56.7,N,964.8,N,16.5,E,911.6708575831454,41.91967946621588,0.3610090361445783,18.441133356920112,0.48505266443050865,33.23,0.49518046240894237,1,MEDIUM
TRIPURA,SIPAHIJALA,2026-09-03,9.0,25.5,65.1,100.9,8.5,N,56.7,N,964.8,N,25.6,E,1768.113477417926,25.71967090216382,0.37745481927710844,21.08052486740938,0.7851700733267578,40.934999999999995,0.48134572913887974,1,MEDIUM
TRIPURA,SIPAHIJALA,2026-09-04,0.9,11.3,45.9,100.8,6.5,LD,56.7,N,974.8,N,26.5,N,1987.0895761712127,15.353396727404686,0.3398644578313253,29.082849013981033,0.5718781653817208,29.735,0.347987272744424,0,LOW
TRIPURA,SIPAHIJALA,2026-09-05,0.8,10.7,31.6,90.3,7.8,LD,56.7,N,975.6,N,27.3,D,1496.0225221443304,38.83143352410437,0.3118674698795181,29.653261321702743,0.7922480342967908,24.4,0.40873804728699026,1,MEDIUM
TRIPURA,SIPAHIJALA,2026-09-06,4.2,5.9,33.9,87.5,5.8,D,4.2,D,979.8,N,31.5,D,408.7686276645999,6.4211967211609,0.31637048192771083,17.97985145191354,0.6860454443928106,24.545,0.2666258642137433,0,LOW
TRIPURA,SIPAHIJALA,2026-09-07,8.6,13.6,40.0,88.9,6.8,E,56.7,N,988.4,N,40.1,N,1882.3589252630293,27.380375098918424,0.32831325301204817,21.008616674633622,0.4606720425844034,29.745,0.3992014904644746,0,LOW
TRIPURA,SIPAHIJALA,2026-09-08,3.7,16.5,28.6,91.8,6.7,D,3.7,D,992.1,N,43.8,D,919.2647018871174,33.86486140119867,0.30599397590361443,19.037353526338315,0.5461382089293729,26.34,0.3993066611848201,0,LOW
TRIPURA,SIPAHIJALA,2026-09-09,3.2,15.5,30.4,87.7,8.3,LD,30.4,D,995.2,N,47.0,D,81.8337042459008,16.19910748624573,0.3095180722891566,17.084928409844263,0.483915122923175,25.75,0.3172949514641732,0,LOW
TRIPURA,SIPAHIJALA,2026-09-10,1.3,8.200000000000001,22.7,88.39999999999999,8.1,LD,30.4,D,995.2,N,48.3,D,737.4421203052359,39.539676702528716,0.29444277108433736,25.989639587991775,0.7471445669201929,21.439999999999998,0.38731929774283924,0,LOW
TRIPURA,SIPAHIJALA,2026-09-11,3.7,8.2,25.5,91.5,10.0,LD,30.4,D,1000.2,N,52.0,D,859.9713576453959,14.611382534319395,0.29992469879518074,20.8798073950041,0.3625586871825782,23.445,0.2919031709338836,0,LOW
TRIPURA,SIPAHIJALA,2026-09-12,12.0,17.0,36.7,83.4,6.9,LE,12.0,LE,1012.2,N,63.9,D,721.9015612843522,38.59497130926957,0.3218524096385542,18.83152876119768,0.8118473693569309,30.134999999999998,0.4505296092235126,1,MEDIUM
TRIPURA,SIPAHIJALA,2026-09-13,10.6,26.3,43.1,78.9,9.1,N,30.4,D,1022.8,N,74.5,D,2039.0818753095848,8.14179855329829,0.3343825301204819,29.721962149533596,0.5982546965511497,32.895,0.3373453265501272,0,LOW
TRIPURA,SIPAHIJALA,2026-09-14,0.0,22.6,34.5,77.0,10.1,NR,0.0,NR,1022.8,N,74.5,D,1911.8196741055212,11.397103674737252,0.31754518072289156,27.72140482536063,0.6170547723808504,25.825,0.29809229506749757,0,LOW
TRIPURA,SIPAHIJALA,2026-09-15,0.0,10.6,30.8,74.5,4.9,NR,30.4,D,995.2,N,74.5,D,1754.1024745109717,20.239383356076324,0.31030120481927714,28.15393952783782,0.5600808401511828,21.525,0.3053172855060544,0,LOW
TRIPURA,SIPAHIJALA,2026-09-16,0.8,0.8,28.4,60.2,10.0,LD,0.8,LD,1023.6,N,75.3,D,390.56244235504994,39.162220511927174,0.30560240963855423,15.666330150115762,0.5826978862269505,16.61,0.35347366890722054,0,LOW
TRIPURA,SIPAHIJALA,2026-09-17,2.6,3.4000000000000004,29.700000000000003,61.4,9.4,LD,28.3,D,1026.2,N,77.9,D,2029.1930787803908,10.783414605071297,0.3081475903614458,30.557217636928126,0.6506052498536963,18.395,0.24056771247543374,0,LOW
TRIPURA,SIPAHIJALA,2026-09-18,3.1,6.5,29.1,55.5,5.8,D,3.1,D,1029.3,N,81.1,D,1709.0811060751432,40.01752959176966,0.30697289156626506,24.770552425562,0.6430211530605159,18.31,0.3696567901012635,0,LOW
TRIPURA,SIPAHIJALA,2026-09-19,0.0,5.7,17.1,54.6,9.0,NR,0.0,NR,1029.3,N,81.1,D,527.35233187941,14.189261064511749,0.2834789156626506,23.56464767963682,0.37848825332197855,13.89,0.2186857974421386,0,LOW
TRIPURA,SIPAHIJALA,2026-09-20,10.4,13.5,16.9,64.2,8.4,E,10.4,E,1039.7,N,91.4,D,1637.8301291897153,23.10033594378115,0.28308734939759034,15.17995088247228,0.5994640965238445,20.869999999999997,0.3079248525007817,0,LOW
TRIPURA,SIPAHIJALA,2026-09-21,0.1,10.5,17.0,60.1,6.9,LD,28.3,D,1023.6,N,91.5,D,1234.6035204590185,19.109376170413512,0.2832831325301205,30.26025757737978,0.4627758644130655,15.925,0.2550073896698702,0,LOW
TRIPURA,SOUTH TRIPURA,2026-08-19,1.4,1.4,1.4,1.4,13.1,LD,1.4,LD,882.3,D,179.8,D,1126.4076515477514,9.725049064580942,0.25274096385542166,24.24613799826201,0.6322181834817273,1.4,0.10374163986307361,0,LOW
TRIPURA,SOUTH TRIPURA,2026-08-20,0.0,1.4,1.4,1.4,15.4,NR,55.7,D,882.3,D,179.8,D,324.7017505073526,42.772389580765605,0.25274096385542166,29.0276088597891,0.5787007481607512,0.9099999999999999,0.24712885644215732,0,LOW
TRIPURA,SOUTH TRIPURA,2026-08-21,5.3,6.699999999999999,6.699999999999999,6.699999999999999,19.2,LD,55.7,D,882.3,D,185.2,D,1319.845475820655,22.52713163008854,0.26311746987951806,26.143686332550992,0.35780796022749556,6.209999999999999,0.19697261632624752,0,LOW
TRIPURA,SOUTH TRIPURA,2026-08-22,2.1,7.4,8.8,8.8,12.8,LD,55.7,D,889.7,D,187.2,D,294.8329319822909,32.613250454247776,0.2672289156626506,28.543791429684966,0.6908403505234216,6.105,0.24187427474654288,0,LOW
TRIPURA,SOUTH TRIPURA,2026-08-23,2.4,9.8,11.2,11.2,10.1,LD,2.4,LD,892.1,D,189.6,D,452.4207987729533,28.010707066561245,0.27192771084337347,26.77983972548264,0.5242080684876942,7.77,0.23421666134315752,0,LOW
TRIPURA,SOUTH TRIPURA,2026-08-24,0.1,4.6000000000000005,11.3,11.3,7.5,LD,55.7,D,892.2,D,189.7,D,374.73846997316866,25.068636674088296,0.27212349397590363,30.65638633970905,0.5808649313716823,5.705,0.20647271452135244,0,LOW
TRIPURA,SOUTH TRIPURA,2026-08-25,14.3,16.8,25.6,25.6,10.6,E,55.7,D,882.3,D,204.0,D,2387.565283721519,29.66310494227396,0.30012048192771085,18.833231167772347,0.6535857189548877,19.445,0.33035028072442074,0,LOW
TRIPURA,SOUTH TRIPURA,2026-08-26,3.1,17.5,27.300000000000004,28.700000000000003,11.1,LD,27.3,LD,909.6,D,207.1,D,747.9184915875306,40.93369224809716,0.3034487951807229,18.43570178045942,0.6417230643502823,16.59,0.3607737107776087,0,LOW
TRIPURA,SOUTH TRIPURA,2026-08-27,0.0,17.400000000000002,27.300000000000004,28.700000000000003,12.0,NR,0.0,NR,909.6,D,207.1,D,920.2505928102189,32.97249502776438,0.3034487951807229,27.113206553067073,0.6993572920540267,15.48,0.31748502805378215,0,LOW
TRIPURA,SOUTH TRIPURA,2026-08-28,18.1,21.200000000000003,40.10000000000001,46.8,15.2,E,18.1,E,927.7,D,225.3,D,839.0974854252884,26.299203178208845,0.3285090361445783,23.523711609918973,0.37405103718587046,28.680000000000003,0.386850351235004,0,LOW
TRIPURA,SOUTH TRIPURA,2026-08-29,22.3,40.400000000000006,60.3,69.10000000000001,13.9,LE,27.3,LD,950.1,D,247.6,D,2250.7135906864523,30.807438426639052,0.36805722891566267,25.18573989569279,0.31623474024241416,43.345000000000006,0.5192428871753413,1,MEDIUM
TRIPURA,SOUTH TRIPURA,2026-08-30,7.0,47.400000000000006,64.9,76.10000000000001,8.1,N,27.3,LD,957.1,D,254.6,D,1429.2664827704768,29.255771220360863,0.37706325301204824,27.045221976250858,0.6515077448046067,41.940000000000005,0.5041411757564966,1,MEDIUM
TRIPURA,SOUTH TRIPURA,2026-08-31,1.4,30.7,66.20000000000002,77.5,8.1,LD,27.3,LD,958.5,D,256.0,D,2301.9417523866136,22.324848299452526,0.3796084337349398,24.306279349000043,0.3915909679994093,36.34,0.4339620828105197,1,MEDIUM
TRIPURA,SOUTH TRIPURA,2026-09-01,2.1,10.5,54.00000000000001,79.60000000000001,11.1,LD,27.3,LD,909.6,D,2.1,LD,784.8160192783441,29.990560405218012,0.3557228915662651,28.390788610325338,0.318762921129896,28.800000000000004,0.4095538121655218,1,MEDIUM
TRIPURA,SOUTH TRIPURA,2026-09-02,6.3,9.8,57.2,85.9,4.6,E,57.2,D,966.9,D,8.4,D,331.3449523582749,22.742792006566543,0.3619879518072289,20.420745050909492,0.3287424956856448,31.839999999999996,0.400245849281913,1,MEDIUM
TRIPURA,SOUTH TRIPURA,2026-09-03,7.6,16.0,64.80000000000001,92.1,7.5,N,57.2,D,966.9,D,16.0,D,1412.7352091742277,35.30457511487649,0.37686746987951814,29.602837541194766,0.43768007433970846,36.675000000000004,0.49348748426012623,1,MEDIUM
TRIPURA,SOUTH TRIPURA,2026-09-04,9.2,23.1,55.900000000000006,101.3,6.6,E,57.2,D,983.7,D,25.2,N,896.5656298855429,43.75649934089142,0.35944277108433736,16.83049799973521,0.845072228829547,38.165,0.5381786522718351,1,MEDIUM
TRIPURA,SOUTH TRIPURA,2026-09-05,5.1,21.9,38.7,101.1,8.6,D,57.2,D,988.8,D,30.3,D,2014.6717420523335,43.39461429988917,0.3257680722891566,25.778067608340177,0.344356196012251,32.1,0.4866395086441463,1,MEDIUM
TRIPURA,SOUTH TRIPURA,2026-09-06,0.1,14.4,31.8,99.1,11.4,LD,0.1,LD,988.9,D,30.5,D,2204.5873518335634,37.82943145699922,0.31225903614457834,30.13225262795556,0.42912193737908066,26.45,0.4189634208410878,1,MEDIUM
TRIPURA,SOUTH TRIPURA,2026-09-07,13.3,18.5,43.7,110.0,9.0,E,57.2,D,1002.3,D,43.8,D,1207.8051017223258,29.070355882379406,0.33555722891566264,19.295800174328978,0.8024404911292857,36.705,0.4577314594655697,1,MEDIUM
TRIPURA,SOUTH TRIPURA,2026-09-08,9.1,22.5,50.7,119.0,9.7,N,9.1,N,1011.4,D,52.9,D,2429.8296090094955,34.97327952282962,0.34926204819277107,20.55618947370652,0.8279848378844815,39.334999999999994,0.5054388879986645,1,MEDIUM
TRIPURA,SOUTH TRIPURA,2026-09-09,7.7,30.1,52.1,112.4,8.4,N,52.3,N,1019.1,D,60.7,D,1404.8818655437944,12.121931810302176,0.3520030120481928,20.192510234376563,0.3873060166909108,40.105000000000004,0.4099095891234677,1,MEDIUM
TRIPURA,SOUTH TRIPURA,2026-09-10,0.4,17.200000000000003,44.900000000000006,109.7,8.9,LD,52.3,N,1019.1,D,61.1,D,713.7549637964655,24.160738292556903,0.3379066265060241,24.592483100175574,0.7782716182303945,32.120000000000005,0.4037257690759552,1,MEDIUM
TRIPURA,SOUTH TRIPURA,2026-09-11,3.4,11.500000000000002,39.1,113.1,9.4,LD,52.3,N,1023.0,D,64.6,D,1247.9900125934726,15.292190599654575,0.32655120481927713,22.018820864607527,0.3333507667138082,30.805,0.3526732929656482,0,LOW
TRIPURA,SOUTH TRIPURA,2026-09-12,0.0,3.8000000000000016,34.00000000000001,95.0,8.6,NR,0.0,NR,1023.0,D,64.6,D,141.41021638717262,5.139799244373884,0.316566265060241,16.83530784491334,0.7069218467803093,23.700000000000003,0.25495170612185125,0,LOW
TRIPURA,SOUTH TRIPURA,2026-09-13,0.9,4.300000000000002,34.800000000000004,73.6,8.0,LD,52.3,N,1023.9,D,65.5,D,2019.8028426445155,43.66950298688304,0.3181325301204819,30.15188276985982,0.2578048963884229,21.130000000000003,0.4082041672435599,1,MEDIUM
TRIPURA,SOUTH TRIPURA,2026-09-14,0.0,0.9000000000000018,21.500000000000004,66.6,9.8,NR,0.0,NR,1023.9,D,65.5,D,298.5158745933313,39.55394247407365,0.2920933734939759,18.47950269569746,0.493971777544576,15.59,0.3452482575045464,0,LOW
TRIPURA,SOUTH TRIPURA,2026-09-15,0.0,0.9000000000000018,12.400000000000004,65.2,5.2,NR,52.3,N,1019.1,D,65.5,D,806.4337968323622,25.54794473879707,0.27427710843373493,24.079360186805005,0.39840112403043293,13.105,0.26173758859023766,0,LOW
TRIPURA,SOUTH TRIPURA,2026-09-16,3.0,3.0000000000000018,7.700000000000003,66.1,7.5,LD,3.0,LD,1027.0,D,68.5,D,1435.0255401621114,15.166091524760272,0.26507530120481926,25.111683230933444,0.6724048084954737,13.64,0.21756600633333037,0,LOW
TRIPURA,SOUTH TRIPURA,2026-09-17,19.8,22.800000000000004,27.1,79.60000000000001,8.4,LE,7.8,LD,1046.8,D,88.3,D,155.28905783490222,32.71900840796947,0.30305722891566267,15.692781342008209,0.25963367881311084,31.345000000000002,0.42927298114506446,1,MEDIUM
TRIPURA,SOUTH TRIPURA,2026-09-18,1.5,24.3,25.200000000000006,73.5,6.4,LD,1.5,LD,1048.3,D,89.8,D,244.3264029945482,22.392043381997098,0.2993373493975904,16.627109570123732,0.5289410236309198,23.925000000000004,0.32978504683749177,0,LOW
TRIPURA,SOUTH TRIPURA,2026-09-19,0.4,21.7,25.600000000000005,64.7,9.7,LD,0.4,LD,1048.7,D,90.3,D,1755.4850761518815,37.13398133690798,0.30012048192771085,31.518725077302378,0.6680374148469612,21.67,0.37940095448385625,0,LOW
TRIPURA,SOUTH TRIPURA,2026-09-20,8.0,9.9,32.7,67.60000000000001,8.5,N,8.0,N,1056.7,D,98.2,D,225.8538779988834,44.98072440723797,0.31402108433734943,26.2967097825395,0.27802292395010975,23.590000000000003,0.43073001222992985,1,MEDIUM
TRIPURA,SOUTH TRIPURA,2026-09-21,0.0,8.4,32.7,67.5,8.6,NR,7.8,LD,1027.0,D,98.2,D,1218.8530223060725,18.963304299594803,0.31402108433734943,15.570608009789257,0.7884401092779834,20.4,0.29237738275385816,0,LOW
TRIPURA,UNAKOTI,2026-08-19,0.0,0.0,0.0,0.0,11.7,NR,0.0,NR,935.6,N,89.2,D,879.8043018808385,14.77612173912191,0.25,28.50138675110098,0.46671844443786936,0.0,0.11567165217387516,0,LOW
TRIPURA,UNAKOTI,2026-08-20,1.3,1.3,1.3,1.3,14.1,LD,14.2,LD,936.9,N,90.6,LD,608.7945494932203,15.69529955179033,0.25254518072289156,23.645227757717254,0.3491594993453455,1.3,0.12952471507460403,0,LOW
TRIPURA,UNAKOTI,2026-08-21,45.5,46.8,46.8,46.8,12.5,LE,14.2,LD,935.6,N,136.1,D,512.5082997659803,8.733849827226878,0.3416265060240964,16.278392725334086,0.3852786976182765,46.345,0.43721834753091016,1,MEDIUM
TRIPURA,UNAKOTI,2026-08-22,17.4,64.19999999999999,64.19999999999999,64.19999999999999,9.4,LE,14.2,LD,999.8,N,153.5,D,1920.3576696448197,20.761847860006213,0.3756927710843373,26.57278566681245,0.4533435572682779,47.81999999999999,0.5079945374613333,1,MEDIUM
TRIPURA,UNAKOTI,2026-08-23,26.2,89.1,90.4,90.4,8.8,LE,26.2,LE,1026.0,N,179.7,D,2381.2783732181924,5.697002108676372,0.4269879518072289,23.488980699763964,0.3690250610933753,67.605,0.5922103961972802,1,MEDIUM
TRIPURA,UNAKOTI,2026-08-24,14.2,57.8,104.6,104.6,14.2,N,14.2,LD,1040.2,N,193.9,D,393.4403683981628,9.575822296051024,0.45478915662650604,18.483636618885694,0.5563472523491217,61.25999999999999,0.5698198107242765,1,MEDIUM
TRIPURA,UNAKOTI,2026-08-25,0.0,40.4,104.6,104.6,6.7,NR,14.2,LD,935.6,N,193.9,D,2401.218986976611,15.867829890906812,0.45478915662650604,29.920938625509933,0.6297590418996135,51.94,0.5314058721934541,1,MEDIUM
TRIPURA,UNAKOTI,2026-08-26,0.4,14.6,105.0,105.0,15.9,LD,105.0,E,1040.6,N,194.3,D,1507.1681335140042,11.394511036379228,0.4555722891566265,19.95345759110432,0.5100580653299949,45.79,0.4678798731035862,1,MEDIUM
TRIPURA,UNAKOTI,2026-08-27,0.1,0.5,103.8,105.1,10.0,LD,0.1,LD,1040.7,N,194.3,D,1622.0679931399798,34.28636398002901,0.45322289156626505,19.837462802706234,0.5062192899370734,41.875,0.5412683539086505,1,MEDIUM
TRIPURA,UNAKOTI,2026-08-28,37.0,37.5,95.3,142.1,11.7,LE,37.0,LE,1077.7,N,231.4,D,1789.3196264493256,9.224191634716012,0.43658132530120486,19.63715089046874,0.7190197116212215,67.465,0.6088083681090886,1,MEDIUM
TRIPURA,UNAKOTI,2026-08-29,35.0,72.1,112.9,177.1,7.6,LE,105.0,E,1112.7,N,266.4,N,1775.0912813687235,39.639764200980984,0.4710391566265061,28.04674821051387,0.43061002777473106,85.065,0.8703845611074389,2,HIGH
TRIPURA,UNAKOTI,2026-08-30,6.9,78.89999999999999,93.6,184.0,6.5,N,105.0,E,1119.6,N,273.2,N,2058.5372150549365,13.844580148438116,0.4332530120481928,27.004017396469045,0.6236613003443452,73.13999999999999,0.669095953818162,1,MEDIUM
TRIPURA,UNAKOTI,2026-08-31,1.8,43.7,81.2,185.8,8.1,LD,105.0,E,1121.3,N,275.0,N,1234.4981958018589,9.343624678862707,0.40897590361445785,30.35347665299608,0.7857529510260834,59.72500000000001,0.5486926739652711,1,MEDIUM
TRIPURA,UNAKOTI,2026-09-01,18.0,26.7,99.2,203.8,10.4,LE,105.0,E,1040.6,N,18.0,LE,1356.7285394110177,5.404265777250341,0.44421686746987954,18.898766732932756,0.3829086190576073,68.345,0.5996255182791115,1,MEDIUM
TRIPURA,UNAKOTI,2026-09-02,0.6,20.4,99.4,204.4,7.6,LD,99.3,LE,1139.9,N,18.6,N,843.3761560353689,33.60820017288586,0.44460843373493975,28.368198124227742,0.6219404380146742,60.82,0.671460489491606,1,MEDIUM
TRIPURA,UNAKOTI,2026-09-03,0.9,19.5,100.2,205.3,7.3,LD,99.3,LE,1139.9,N,19.5,D,307.88110476863676,15.26466983754168,0.44617469879518074,24.74177480097763,0.8187830680328705,61.035000000000004,0.5917782027725692,1,MEDIUM
TRIPURA,UNAKOTI,2026-09-04,16.5,18.0,79.7,220.5,10.5,E,99.3,LE,1157.3,N,36.0,N,1678.3684677692368,25.37994420551099,0.406039156626506,20.247553364095353,0.5678771529732727,63.27499999999999,0.6446614801955273,1,MEDIUM
TRIPURA,UNAKOTI,2026-09-05,0.0,17.4,44.7,175.0,11.0,LD,99.3,LE,1157.4,N,36.1,D,132.34442450631474,9.464641866886229,0.3375150602409639,15.60272025093176,0.8361386342182782,41.775,0.40709580792450595,1,MEDIUM
TRIPURA,UNAKOTI,2026-09-06,0.5,17.0,38.3,158.1,9.5,LD,0.5,LD,1157.9,N,36.6,D,725.3058751542522,44.41183692944997,0.32498493975903614,28.92210834746887,0.43602762651087784,37.715,0.5309947310384558,1,MEDIUM
TRIPURA,UNAKOTI,2026-09-07,4.7,5.2,41.2,136.6,8.7,D,99.3,LE,1162.6,N,41.3,D,280.8631678929456,10.015389562798212,0.3306626506024096,19.098213315727058,0.5885763355997189,33.735,0.3509110258828234,0,LOW
TRIPURA,UNAKOTI,2026-09-08,5.8,11.0,29.0,128.2,7.8,D,5.8,D,1168.4,N,47.1,D,517.2815354406592,21.477037065675127,0.30677710843373496,25.73963161565363,0.4366214507205717,31.259999999999998,0.37944725741579954,0,LOW
TRIPURA,UNAKOTI,2026-09-09,11.9,22.4,40.3,140.1,9.7,E,40.4,D,1180.3,N,59.0,D,1614.890736598583,39.065980093378634,0.32890060240963853,24.33075491301681,0.2522316550404404,40.855,0.5303820436866917,1,MEDIUM
TRIPURA,UNAKOTI,2026-09-10,0.3,18.0,39.7,140.0,14.7,LD,40.4,D,1180.3,N,59.3,D,1589.7677440020495,14.795477939216273,0.32772590361445786,15.075642156995325,0.848384860267395,35.53,0.3843527688672637,0,LOW
TRIPURA,UNAKOTI,2026-09-11,3.6,15.8,26.8,143.5,8.8,LD,40.4,D,1184.2,N,62.9,D,1081.5845368394946,15.678871413846935,0.3024698795180723,31.90384170897596,0.3940360408223659,33.435,0.3683068577997123,0,LOW
TRIPURA,UNAKOTI,2026-09-12,31.4,35.3,58.2,137.9,13.8,LE,31.4,LE,1215.6,N,94.3,D,270.9213423992534,37.33998063562932,0.3639457831325301,28.84359904860219,0.8338611911420389,55.05,0.6308188579847677,1,MEDIUM
TRIPURA,UNAKOTI,2026-09-13,0.8,35.8,58.5,103.7,11.4,LD,40.4,D,1216.4,N,95.1,D,1111.7660953255504,15.933586287680509,0.3645331325301205,23.270011600823594,0.6418196959882763,39.41,0.42440640712208677,1,MEDIUM
TRIPURA,UNAKOTI,2026-09-14,0.0,32.2,53.8,96.8,11.6,NR,0.0,NR,1216.4,N,95.1,D,914.2249360528189,5.114852443792519,0.3553313253012048,26.565803294120514,0.7923601653691436,36.019999999999996,0.3503387033844668,0,LOW
TRIPURA,UNAKOTI,2026-09-15,0.0,0.8,48.0,95.0,7.6,NR,40.4,D,1180.3,N,95.1,D,1815.1249244970768,22.11654881959799,0.34397590361445785,23.102102022043134,0.8303216482321798,26.45,0.35547176039105827,0,LOW
TRIPURA,UNAKOTI,2026-09-16,3.2,3.2,39.3,80.19999999999999,8.4,LD,3.2,LD,1219.6,N,98.3,D,1468.6151900876766,5.501408387139,0.32694277108433734,27.657966611738424,0.5906975238051897,23.775,0.25916832015113056,0,LOW
TRIPURA,UNAKOTI,2026-09-17,14.0,17.2,53.0,93.6,8.0,LE,39.3,D,1233.6,N,112.3,D,1254.3361299756475,41.39169135317467,0.3537650602409639,17.2835852789212,0.8498148065807549,36.489999999999995,0.5146032549526086,1,MEDIUM
TRIPURA,UNAKOTI,2026-09-18,17.4,34.599999999999994,66.8,110.1,10.1,LE,17.4,LE,1251.1,N,129.7,D,1243.1061016472381,30.672528967168837,0.38078313253012047,22.587966918978516,0.710397945565222,47.955,0.5540215712797865,1,MEDIUM
TRIPURA,UNAKOTI,2026-09-19,0.2,31.6,35.599999999999994,93.8,8.8,LD,0.2,LD,1251.3,N,129.9,D,2417.427373788026,28.32057064884969,0.31969879518072286,20.70413201023862,0.564288733656144,30.939999999999998,0.4101682123096005,1,MEDIUM
TRIPURA,UNAKOTI,2026-09-20,2.4,20.0,37.2,96.2,7.0,LD,2.4,LD,1253.7,N,132.4,D,1902.9208431734537,13.063580434494524,0.32283132530120484,22.81413913939859,0.6429659705145315,29.57,0.3332285305631349,0,LOW
TRIPURA,UNAKOTI,2026-09-21,0.0,2.6,37.2,95.7,10.8,NR,39.3,D,1219.6,N,132.4,D,1267.599923127313,32.99784741714545,0.32283132530120484,22.658035098626193,0.36656281439595956,24.305,0.38432716497387187,0,LOW
TRIPURA,WEST TRIPURA,2026-08-19,1.5,1.5,1.5,1.5,8.2,LD,1.5,LD,919.7,N,181.7,N,1224.095401577995,32.09018574713383,0.2529367469879518,17.4325971462463,0.25661957286420994,1.5,0.20389361873937556,0,LOW
TRIPURA,WEST TRIPURA,2026-08-20,0.4,1.9,1.9,1.9,9.7,LD,15.6,LD,920.1,N,182.1,N,114.87379819716045,7.418542957014598,0.2537198795180723,31.600305702053493,0.40407360856428526,1.3749999999999998,0.09350823104680756,0,LOW
TRIPURA,WEST TRIPURA,2026-08-21,3.0,4.9,4.9,4.9,7.5,LD,15.6,LD,919.7,N,185.1,N,2359.147695133526,40.2338612324229,0.25959337349397593,15.263366427398177,0.5109825170319442,4.235,0.2608981313167986,0,LOW
TRIPURA,WEST TRIPURA,2026-08-22,30.4,33.8,35.3,35.3,10.2,LE,15.6,LD,953.5,N,215.5,N,831.9762308299577,28.17653451719222,0.31911144578313255,15.17124006189578,0.3868315521170524,33.209999999999994,0.4255778571644136,1,MEDIUM
TRIPURA,WEST TRIPURA,2026-08-23,89.8,123.2,125.1,125.1,5.0,LE,89.8,LE,1043.3,N,305.3,E,677.0507506078222,36.69867524154441,0.49492469879518075,21.348502415072183,0.5584215387917189,112.27,0.862090163054789,2,HIGH
TRIPURA,WEST TRIPURA,2026-08-24,0.3,120.5,125.4,125.4,6.1,LD,15.6,LD,1043.6,N,305.6,E,2498.5518671997947,15.516562885153768,0.49551204819277106,25.546397938895897,0.6447664853347999,80.39,0.7406143663867527,2,HIGH
TRIPURA,WEST TRIPURA,2026-08-25,5.7,95.8,131.1,131.1,9.5,D,15.6,LD,919.7,N,311.3,E,1810.7896951860848,9.881911990138166,0.506671686746988,18.05410485585378,0.6434763094600227,78.38499999999999,0.7035234950566096,2,HIGH
TRIPURA,WEST TRIPURA,2026-08-26,0.2,6.200000000000014,129.79999999999998,131.29999999999998,9.3,LD,129.8,LE,1049.5,N,311.5,E,166.04124458325555,33.097982927471385,0.5041265060240964,24.06429806637074,0.7862586583198771,53.765,0.6308497195983,1,MEDIUM
TRIPURA,WEST TRIPURA,2026-08-27,0.6,6.500000000000014,130.0,131.9,5.7,LD,0.6,LD,1050.1,N,312.1,E,201.6194187126623,36.75530745020649,0.5045180722891567,27.287123455379138,0.8297914578899258,54.120000000000005,0.6497111709477426,1,MEDIUM
TRIPURA,WEST TRIPURA,2026-08-28,23.9,24.700000000000014,150.89999999999998,155.79999999999998,8.9,LE,23.9,LE,1074.0,N,336.0,E,112.47883170248478,20.441341344771654,0.5454367469879517,16.59903035368257,0.7844170080159331,75.63499999999999,0.7386213980124725,2,HIGH
TRIPURA,WEST TRIPURA,2026-08-29,10.1,34.600000000000016,130.6,165.9,10.7,N,129.8,LE,1084.1,N,346.1,E,1519.0663038065293,5.94769101265245,0.5056927710843373,31.73518093627087,0.6221049756081556,69.72,0.6241288753824739,1,MEDIUM
TRIPURA,WEST TRIPURA,2026-08-30,3.3,37.30000000000001,44.1,169.2,6.7,D,129.8,LE,1087.5,N,349.4,E,225.33302515178192,37.73016098615458,0.33634036144578316,20.723911011568003,0.37345849275467746,46.885000000000005,0.5688795724225548,1,MEDIUM
TRIPURA,WEST TRIPURA,2026-08-31,0.8,14.200000000000014,44.6,170.0,8.2,LD,129.8,LE,1088.2,N,350.2,E,2336.80147427008,13.243756253217626,0.33731927710843373,25.921062034383233,0.8160706955019561,40.480000000000004,0.41462953394265994,1,MEDIUM
TRIPURA,WEST TRIPURA,2026-09-01,1.1,5.200000000000014,40.0,171.1,5.0,LD,129.8,LE,1049.5,N,1.1,LD,2345.421023055561,18.56127767589953,0.32831325301204817,16.882237589171787,0.3549162368603839,37.35,0.4141694353118258,1,MEDIUM
TRIPURA,WEST TRIPURA,2026-09-02,16.6,18.50000000000001,56.4,187.7,6.8,LE,56.4,N,1105.9,N,17.7,E,1387.8324635327954,30.129240311085212,0.36042168674698793,27.06126860826255,0.3408564295062791,52.69,0.5812580353178275,1,MEDIUM
TRIPURA,WEST TRIPURA,2026-09-03,7.4,25.100000000000016,63.2,193.6,5.1,E,56.4,N,1105.9,N,25.0,E,1560.7653819200796,8.99818876845211,0.37373493975903616,29.28775790006226,0.440541596743261,53.705000000000005,0.49723388121991036,1,MEDIUM
TRIPURA,WEST TRIPURA,2026-09-04,2.8,26.80000000000001,42.1,196.0,7.8,LD,56.4,N,1116.0,N,27.8,N,765.1412837368621,7.879830645538526,0.3324246987951807,16.78984741962058,0.5941633368029728,47.605000000000004,0.44055625140208987,1,MEDIUM
TRIPURA,WEST TRIPURA,2026-09-05,0.0,10.200000000000014,32.00000000000001,193.0,9.1,LD,56.4,N,1116.1,N,27.8,N,206.73272890026965,6.02815086301097,0.3126506024096386,17.139673624291127,0.6588835791914824,39.5,0.3706467369496195,0,LOW
TRIPURA,WEST TRIPURA,2026-09-06,2.2,5.000000000000014,30.90000000000001,164.8,9.2,LD,2.2,LD,1118.3,N,30.1,D,1856.778090719948,41.66559440957822,0.31049698795180725,19.77780604458287,0.2579756064073816,34.46500000000001,0.49274463828351944,1,MEDIUM
TRIPURA,WEST TRIPURA,2026-09-07,3.4,5.600000000000014,33.5,78.4,5.8,D,56.4,N,1121.6,N,33.4,D,299.3756724350927,17.455309770746226,0.31558734939759037,15.202908861380598,0.7168133630318501,22.725,0.30254743130386896,0,LOW
TRIPURA,WEST TRIPURA,2026-09-08,0.7,6.300000000000014,33.1,78.80000000000001,5.5,LD,0.7,LD,1122.4,N,34.1,D,259.6162204950632,31.426352604685274,0.3148042168674699,31.762872003732905,0.35501172945234527,21.915000000000006,0.35871538885279786,0,LOW
TRIPURA,WEST TRIPURA,2026-09-09,4.5,8.600000000000014,21.0,77.6,8.5,D,21.0,D,1126.9,N,38.7,D,812.4966175503483,44.569409960709685,0.2911144578313253,25.172529274195043,0.4278909109078127,20.615000000000002,0.4031322332613865,1,MEDIUM
TRIPURA,WEST TRIPURA,2026-09-10,18.5,23.700000000000014,32.1,95.9,8.7,LE,21.0,D,1126.9,N,57.2,D,80.54086660281105,31.77803174247774,0.3128463855421687,25.329020649380272,0.4432520354773909,34.81,0.4517269357993522,1,MEDIUM
TRIPURA,WEST TRIPURA,2026-09-11,24.7,47.70000000000002,54.0,120.0,7.9,LE,21.0,D,1170.1,N,81.9,N,1113.3872586029743,26.003791834247203,0.3557228915662651,31.302356884077813,0.4494675993392455,52.07000000000001,0.5575672181329036,1,MEDIUM
TRIPURA,WEST TRIPURA,2026-09-12,10.3,53.500000000000014,64.3,106.4,8.3,E,10.3,E,1180.4,N,92.2,N,1783.818229696188,25.836797340689543,0.37588855421686745,29.144497323430258,0.7062205613256828,49.01500000000001,0.5390999916359063,1,MEDIUM
TRIPURA,WEST TRIPURA,2026-09-13,0.1,35.100000000000016,62.2,96.4,7.9,LD,21.0,D,1180.4,N,92.2,N,2013.3048819837504,20.076685938222067,0.37177710843373496,28.842129826461942,0.2745666173213077,38.82000000000001,0.44006691137391885,1,MEDIUM
TRIPURA,WEST TRIPURA,2026-09-14,0.0,10.400000000000016,58.8,93.1,6.5,NR,0.0,NR,1180.4,N,92.2,N,1530.552894307357,28.99118623820341,0.36512048192771085,20.771540288327635,0.3679106910353917,31.265,0.4245477613977541,1,MEDIUM
TRIPURA,WEST TRIPURA,2026-09-15,0.0,0.1000000000000142,58.1,92.3,2.9,NR,21.0,D,1126.9,N,92.2,N,2124.8417976290857,43.35165558182817,0.36375,20.69267768889897,0.2633915386914689,28.395000000000003,0.4676574092559258,1,MEDIUM
TRIPURA,WEST TRIPURA,2026-09-16,0.1,0.1000000000000142,53.7,91.3,6.2,LD,0.1,LD,1180.5,N,92.3,N,1045.9303992294203,36.521761347932404,0.3551355421686747,19.959545316814996,0.7169796740270598,27.180000000000003,0.42692602272851543,1,MEDIUM
TRIPURA,WEST TRIPURA,2026-09-17,6.0,6.100000000000014,41.2,80.69999999999999,7.3,N,53.6,N,1186.6,N,98.3,N,2129.491608398168,21.9690646813295,0.3306626506024096,20.893827950197437,0.8402334030190741,26.03,0.34916232268818864,0,LOW
TRIPURA,WEST TRIPURA,2026-09-18,11.5,17.600000000000016,28.000000000000004,84.8,7.0,LE,11.5,LE,1198.0,N,109.8,N,1290.8596107210292,18.29779316130133,0.30481927710843376,21.28164894311746,0.6457282955599386,28.145000000000003,0.34274022810136895,0,LOW
TRIPURA,WEST TRIPURA,2026-09-19,0.0,17.500000000000014,17.700000000000003,82.0,8.9,LD,0.0,LD,1198.0,N,109.8,N,596.4385135958235,40.34126118492486,0.2846536144578313,17.38006271267009,0.6040835085512868,21.1,0.3865025338930141,0,LOW
TRIPURA,WEST TRIPURA,2026-09-20,31.8,43.30000000000001,49.400000000000006,113.8,5.4,LE,31.8,LE,1229.8,N,141.6,N,2363.1568343181416,10.431433025063752,0.3467168674698795,21.05111366593559,0.7948397280331017,51.37500000000001,0.48160563705336323,1,MEDIUM
TRIPURA,WEST TRIPURA,2026-09-21,0.3,32.10000000000001,49.7,111.9,5.7,LD,53.6,N,1180.5,N,142.0,N,723.6786409009354,38.98341027857207,0.3473042168674699,22.594699599160368,0.40297239181808964,37.34,0.5086614403953876,1,MEDIUM
