state,district,date,rainfall_1d_mm,rainfall_3d_mm,rainfall_7d_mm,rainfall_15d_mm,daily_normal_mm,daily_category,weekly_actual_mm,weekly_category,cumulative_actual_mm,cumulative_category,monthly_actual_mm,monthly_category
ARUNACHAL PRADESH,ANJAW,2026-08-19,0.0,0.0,0.0,0.0,7.2,NR,0.0,NR,124.2,LD,13.0,LD
ARUNACHAL PRADESH,ANJAW,2026-08-20,0.0,0.0,0.0,0.0,9.2,NR,0.0,NR,124.2,LD,13.0,LD
ARUNACHAL PRADESH,ANJAW,2026-08-21,0.0,0.0,0.0,0.0,13.7,NR,0.0,NR,124.2,LD,13.0,LD
ARUNACHAL PRADESH,ANJAW,2026-08-22,0.0,0.0,0.0,0.0,18.3,NR,0.0,NR,124.2,LD,13.0,LD
ARUNACHAL PRADESH,ANJAW,2026-08-23,0.0,0.0,0.0,0.0,9.1,NR,0.0,NR,124.2,LD,13.0,LD
ARUNACHAL PRADESH,ANJAW,2026-08-24,12.1,12.1,12.1,12.1,16.1,D,0.0,NR,136.3,LD,25.1,LD
ARUNACHAL PRADESH,ANJAW,2026-08-25,0.0,12.1,12.1,12.1,9.3,NR,0.0,NR,124.2,LD,25.1,LD
ARUNACHAL PRADESH,ANJAW,2026-08-26,0.0,12.1,12.1,12.1,12.1,NR,12.1,LD,136.3,LD,25.1,LD
ARUNACHAL PRADESH,ANJAW,2026-08-27,3.3,3.3,15.399999999999999,15.399999999999999,17.1,LD,3.3,LD,139.6,LD,28.5,LD
ARUNACHAL PRADESH,ANJAW,2026-08-28,0.0,3.3,15.399999999999999,15.399999999999999,8.5,NR,0.0,NR,139.6,LD,28.5,LD
ARUNACHAL PRADESH,ANJAW,2026-08-29,0.0,3.3,15.399999999999999,15.399999999999999,6.1,NR,12.1,LD,139.6,LD,28.5,LD
ARUNACHAL PRADESH,ANJAW,2026-08-30,0.0,0.0,15.399999999999999,15.399999999999999,12.5,NR,12.1,LD,139.6,LD,28.5,LD
ARUNACHAL PRADESH,ANJAW,2026-08-31,15.1,15.1,18.4,30.5,6.3,LE,12.1,LD,154.7,LD,43.6,LD
ARUNACHAL PRADESH,ANJAW,2026-09-01,7.2,22.3,25.6,37.7,4.5,LE,12.1,LD,136.3,LD,7.2,LE
ARUNACHAL PRADESH,ANJAW,2026-09-02,2.1,24.4,27.7,39.8,6.5,LD,27.7,D,164.0,LD,9.3,N
ARUNACHAL PRADESH,ANJAW,2026-09-03,0.0,9.3,24.4,39.8,8.1,NR,27.7,D,164.0,LD,9.3,D
ARUNACHAL PRADESH,ANJAW,2026-09-04,1.8,3.9000000000000004,26.2,41.6,19.0,LD,27.7,D,165.8,LD,11.1,LD
ARUNACHAL PRADESH,ANJAW,2026-09-05,0.0,1.8,26.2,41.6,9.5,NR,27.7,D,165.8,LD,11.1,LD
ARUNACHAL PRADESH,ANJAW,2026-09-06,0.0,1.8,26.2,41.6,6.3,NR,0.0,NR,165.8,LD,11.1,LD
ARUNACHAL PRADESH,ANJAW,2026-09-07,0.0,0.0,11.100000000000001,41.6,6.5,NR,27.7,D,165.8,LD,11.1,LD
ARUNACHAL PRADESH,ANJAW,2026-09-08,0.0,0.0,3.900000000000002,29.5,4.9,NR,0.0,NR,165.8,LD,11.1,LD
ARUNACHAL PRADESH,ANJAW,2026-09-09,0.0,0.0,1.8000000000000018,29.5,5.3,NR,1.8,LD,165.8,LD,11.1,LD
ARUNACHAL PRADESH,ANJAW,2026-09-10,0.0,0.0,1.8000000000000018,29.5,6.5,NR,1.8,LD,165.8,LD,11.1,LD
ARUNACHAL PRADESH,ANJAW,2026-09-11,0.0,0.0,0.0,26.200000000000003,14.4,NR,1.8,LD,165.8,LD,11.1,LD
ARUNACHAL PRADESH,ANJAW,2026-09-12,6.2,6.2,6.200000000000002,32.400000000000006,17.1,LD,6.2,LD,171.9,LD,17.2,LD
ARUNACHAL PRADESH,ANJAW,2026-09-13,0.0,6.2,6.200000000000002,32.400000000000006,16.1,NR,1.8,LD,171.9,LD,17.2,LD
ARUNACHAL PRADESH,ANJAW,2026-09-14,0.0,6.2,6.200000000000002,32.400000000000006,16.5,NR,0.0,NR,171.9,LD,17.2,LD
ARUNACHAL PRADESH,ANJAW,2026-09-15,1.1,1.1,7.3000000000000025,18.400000000000002,10.1,LD,1.8,LD,165.8,LD,18.3,LD
ARUNACHAL PRADESH,ANJAW,2026-09-16,0.0,1.1,7.3000000000000025,11.200000000000001,10.4,NR,0.0,NR,173.0,LD,18.3,LD
ARUNACHAL PRADESH,ANJAW,2026-09-17,0.0,1.1,7.3000000000000025,9.1,5.8,NR,7.2,LD,173.0,LD,18.3,LD
ARUNACHAL PRADESH,ANJAW,2026-09-18,0.0,0.0,7.3000000000000025,9.1,3.8,NR,0.0,NR,173.0,LD,18.3,LD
ARUNACHAL PRADESH,ANJAW,2026-09-19,0.0,0.0,1.1000000000000019,7.300000000000001,9.8,NR,0.0,NR,173.0,LD,18.3,LD
ARUNACHAL PRADESH,ANJAW,2026-09-20,0.0,0.0,1.1000000000000019,7.300000000000001,7.0,NR,0.0,NR,173.0,LD,18.3,LD
ARUNACHAL PRADESH,ANJAW,2026-09-21,0.0,0.0,1.1000000000000019,7.300000000000001,5.3,NR,7.2,LD,173.0,LD,18.3,LD
ARUNACHAL PRADESH,CHANGLANG,2026-08-19,1.9,1.9,1.9,1.9,10.7,LD,1.9,LD,757.1,D,130.0,D
ARUNACHAL PRADESH,CHANGLANG,2026-08-20,95.0,96.9,96.9,96.9,11.1,LE,44.1,D,852.0,N,224.9,N
ARUNACHAL PRADESH,CHANGLANG,2026-08-21,0.3,97.2,97.2,97.2,9.7,LD,44.1,D,757.1,D,225.2,N
ARUNACHAL PRADESH,CHANGLANG,2026-08-22,13.3,108.6,110.5,110.5,6.9,LE,44.1,D,865.6,N,238.5,N
ARUNACHAL PRADESH,CHANGLANG,2026-08-23,1.5,15.100000000000001,112.0,112.0,16.3,LD,1.5,LD,867.1,N,240.0,N
ARUNACHAL PRADESH,CHANGLANG,2026-08-24,0.3,15.100000000000001,112.30000000000001,112.30000000000001,10.6,LD,44.1,D,867.5,N,240.3,N
ARUNACHAL PRADESH,CHANGLANG,2026-08-25,0.5,2.3,112.80000000000001,112.80000000000001,10.1,LD,44.1,D,757.1,D,240.8,N
ARUNACHAL PRADESH,CHANGLANG,2026-08-26,2.0,2.8,112.9,114.80000000000001,12.5,LD,112.9,E,870.0,N,242.9,N
ARUNACHAL PRADESH,CHANGLANG,2026-08-27,0.0,2.5,17.900000000000002,114.80000000000001,9.6,NR,0.0,NR,870.0,N,242.9,N
ARUNACHAL PRADESH,CHANGLANG,2026-08-28,69.0,71.0,86.6,183.8,7.7,LE,69.0,LE,939.0,N,311.9,N
ARUNACHAL PRADESH,CHANGLANG,2026-08-29,0.5,69.5,73.8,184.3,8.4,LD,112.9,E,939.5,N,312.4,N
ARUNACHAL PRADESH,CHANGLANG,2026-08-30,0.0,69.5,72.3,184.3,11.8,NR,112.9,E,939.5,N,312.4,N
ARUNACHAL PRADESH,CHANGLANG,2026-08-31,0.0,0.5,72.0,184.3,11.5,NR,112.9,E,939.5,N,312.4,N
ARUNACHAL PRADESH,CHANGLANG,2026-09-01,7.6,7.6,79.1,191.9,7.9,N,112.9,E,870.0,N,7.6,N
ARUNACHAL PRADESH,CHANGLANG,2026-09-02,19.9,27.5,97.0,211.8,11.0,LE,97.0,E,967.1,N,27.5,E
ARUNACHAL PRADESH,CHANGLANG,2026-09-03,0.0,27.5,97.0,209.9,9.1,NR,97.0,E,967.1,N,27.5,N
ARUNACHAL PRADESH,CHANGLANG,2026-09-04,0.0,19.9,28.0,114.9,8.7,NR,97.0,E,967.1,N,27.5,D
ARUNACHAL PRADESH,CHANGLANG,2026-09-05,26.4,26.4,53.9,141.0,13.2,LE,97.0,E,993.6,N,54.0,N
ARUNACHAL PRADESH,CHANGLANG,2026-09-06,1.2,27.599999999999998,55.1,128.9,8.9,LD,1.2,LD,994.8,N,55.2,N
ARUNACHAL PRADESH,CHANGLANG,2026-09-07,1.0,28.599999999999998,56.1,128.4,8.1,LD,97.0,E,995.8,N,56.2,N
ARUNACHAL PRADESH,CHANGLANG,2026-09-08,13.2,15.399999999999999,61.699999999999996,141.3,11.9,N,13.2,N,1009.1,N,69.5,N
ARUNACHAL PRADESH,CHANGLANG,2026-09-09,0.0,14.2,41.8,140.8,11.5,NR,42.0,D,1009.1,N,69.5,D
ARUNACHAL PRADESH,CHANGLANG,2026-09-10,1.2,14.399999999999999,43.0,140.0,8.1,LD,42.0,D,1009.1,N,70.8,D
ARUNACHAL PRADESH,CHANGLANG,2026-09-11,0.0,1.2,43.0,140.0,5.3,NR,42.0,D,1010.3,N,70.8,D
ARUNACHAL PRADESH,CHANGLANG,2026-09-12,0.0,1.2,16.599999999999998,71.0,10.1,NR,0.0,NR,1010.3,N,70.8,D
ARUNACHAL PRADESH,CHANGLANG,2026-09-13,0.0,0.0,15.399999999999999,70.5,11.5,NR,42.0,D,1010.3,N,70.8,D
ARUNACHAL PRADESH,CHANGLANG,2026-09-14,0.0,0.0,14.399999999999999,70.5,6.2,NR,0.0,NR,1010.3,N,70.8,D
ARUNACHAL PRADESH,CHANGLANG,2026-09-15,0.0,0.0,1.2,70.5,6.9,NR,42.0,D,1009.1,N,70.8,D
ARUNACHAL PRADESH,CHANGLANG,2026-09-16,3.8,3.8,5.0,66.69999999999999,7.6,D,3.8,D,1014.1,N,74.5,D
ARUNACHAL PRADESH,CHANGLANG,2026-09-17,5.5,9.3,9.3,52.3,8.3,D,5.0,LD,1019.6,N,80.0,D
ARUNACHAL PRADESH,CHANGLANG,2026-09-18,0.8,10.1,10.1,53.099999999999994,6.7,LD,0.8,LD,1020.5,N,80.9,D
ARUNACHAL PRADESH,CHANGLANG,2026-09-19,0.0,6.3,10.1,53.099999999999994,4.9,NR,0.0,NR,1020.5,N,80.9,D
ARUNACHAL PRADESH,CHANGLANG,2026-09-20,0.0,0.8,10.1,26.7,9.7,NR,0.0,NR,1020.5,D,80.9,D
ARUNACHAL PRADESH,CHANGLANG,2026-09-21,2.5,2.5,12.6,28.0,8.9,LD,5.0,LD,1014.1,N,83.4,D
ARUNACHAL PRADESH,DIBANG VALLEY,2026-08-19,0.0,0.0,0.0,0.0,2.5,ND,0.0,ND,0.0,ND,0.0,ND
ARUNACHAL PRADESH,DIBANG VALLEY,2026-08-20,0.0,0.0,0.0,0.0,6.2,ND,0.0,ND,0.0,ND,0.0,ND
ARUNACHAL PRADESH,DIBANG VALLEY,2026-08-21,0.0,0.0,0.0,0.0,2.7,ND,0.0,ND,0.0,ND,0.0,ND
ARUNACHAL PRADESH,DIBANG VALLEY,2026-08-22,0.0,0.0,0.0,0.0,3.6,ND,0.0,ND,0.0,ND,0.0,ND
ARUNACHAL PRADESH,DIBANG VALLEY,2026-08-23,0.0,0.0,0.0,0.0,4.0,ND,0.0,ND,0.0,ND,0.0,ND
ARUNACHAL PRADESH,DIBANG VALLEY,2026-08-24,0.0,0.0,0.0,0.0,3.5,ND,0.0,ND,0.0,ND,0.0,ND
ARUNACHAL PRADESH,DIBANG VALLEY,2026-08-25,0.0,0.0,0.0,0.0,6.4,ND,0.0,ND,0.0,ND,0.0,ND
ARUNACHAL PRADESH,DIBANG VALLEY,2026-08-26,0.0,0.0,0.0,0.0,3.5,ND,0.0,ND,0.0,ND,0.0,ND
ARUNACHAL PRADESH,DIBANG VALLEY,2026-08-27,0.0,0.0,0.0,0.0,4.2,ND,0.0,ND,0.0,ND,0.0,ND
ARUNACHAL PRADESH,DIBANG VALLEY,2026-08-28,0.0,0.0,0.0,0.0,2.1,ND,0.0,ND,0.0,ND,0.0,ND
ARUNACHAL PRADESH,DIBANG VALLEY,2026-08-29,0.0,0.0,0.0,0.0,3.8,ND,0.0,ND,0.0,ND,0.0,ND
ARUNACHAL PRADESH,DIBANG VALLEY,2026-08-30,0.0,0.0,0.0,0.0,3.4,ND,0.0,ND,0.0,ND,0.0,ND
ARUNACHAL PRADESH,DIBANG VALLEY,2026-08-31,0.0,0.0,0.0,0.0,3.6,ND,0.0,ND,0.0,ND,0.0,ND
ARUNACHAL PRADESH,DIBANG VALLEY,2026-09-01,0.0,0.0,0.0,0.0,1.4,ND,0.0,ND,0.0,ND,0.0,ND
ARUNACHAL PRADESH,DIBANG VALLEY,2026-09-02,0.0,0.0,0.0,0.0,2.2,ND,0.0,ND,0.0,ND,0.0,ND
ARUNACHAL PRADESH,DIBANG VALLEY,2026-09-03,0.0,0.0,0.0,0.0,3.8,ND,0.0,ND,0.0,ND,0.0,ND
ARUNACHAL PRADESH,DIBANG VALLEY,2026-09-04,0.0,0.0,0.0,0.0,7.5,ND,0.0,ND,0.0,ND,0.0,ND
ARUNACHAL PRADESH,DIBANG VALLEY,2026-09-05,0.0,0.0,0.0,0.0,4.6,ND,0.0,ND,0.0,ND,0.0,ND
ARUNACHAL PRADESH,DIBANG VALLEY,2026-09-06,0.0,0.0,0.0,0.0,5.8,ND,0.0,ND,0.0,ND,0.0,ND
ARUNACHAL PRADESH,DIBANG VALLEY,2026-09-07,0.0,0.0,0.0,0.0,3.5,ND,0.0,ND,0.0,ND,0.0,ND
ARUNACHAL PRADESH,DIBANG VALLEY,2026-09-08,0.0,0.0,0.0,0.0,7.3,ND,0.0,ND,0.0,ND,0.0,ND
ARUNACHAL PRADESH,DIBANG VALLEY,2026-09-09,0.0,0.0,0.0,0.0,7.8,ND,0.0,ND,0.0,ND,0.0,ND
ARUNACHAL PRADESH,DIBANG VALLEY,2026-09-10,0.0,0.0,0.0,0.0,5.6,ND,0.0,ND,0.0,ND,0.0,ND
ARUNACHAL PRADESH,DIBANG VALLEY,2026-09-11,0.0,0.0,0.0,0.0,9.3,ND,0.0,ND,0.0,ND,0.0,ND
ARUNACHAL PRADESH,DIBANG VALLEY,2026-09-12,0.0,0.0,0.0,0.0,18.3,ND,0.0,ND,0.0,ND,0.0,ND
ARUNACHAL PRADESH,DIBANG VALLEY,2026-09-13,0.0,0.0,0.0,0.0,19.9,ND,0.0,ND,0.0,ND,0.0,ND
ARUNACHAL PRADESH,DIBANG VALLEY,2026-09-14,0.0,0.0,0.0,0.0,18.6,ND,0.0,ND,0.0,ND,0.0,ND
ARUNACHAL PRADESH,DIBANG VALLEY,2026-09-15,0.0,0.0,0.0,0.0,14.7,ND,0.0,ND,0.0,ND,0.0,ND
ARUNACHAL PRADESH,DIBANG VALLEY,2026-09-16,0.0,0.0,0.0,0.0,18.2,ND,0.0,ND,0.0,ND,0.0,ND
ARUNACHAL PRADESH,DIBANG VALLEY,2026-09-17,0.0,0.0,0.0,0.0,16.7,ND,0.0,ND,0.0,ND,0.0,ND
ARUNACHAL PRADESH,DIBANG VALLEY,2026-09-18,0.0,0.0,0.0,0.0,5.0,ND,0.0,ND,0.0,ND,0.0,ND
ARUNACHAL PRADESH,DIBANG VALLEY,2026-09-19,0.0,0.0,0.0,0.0,9.7,ND,0.0,ND,0.0,ND,0.0,ND
ARUNACHAL PRADESH,DIBANG VALLEY,2026-09-20,0.0,0.0,0.0,0.0,8.2,ND,0.0,ND,0.0,ND,0.0,ND
ARUNACHAL PRADESH,DIBANG VALLEY,2026-09-21,0.0,0.0,0.0,0.0,7.1,ND,0.0,ND,0.0,ND,0.0,ND
ARUNACHAL PRADESH,EAST KAMENG,2026-08-19,0.0,0.0,0.0,0.0,4.6,NR,0.0,NR,1048.9,E,201.8,E
ARUNACHAL PRADESH,EAST KAMENG,2026-08-20,0.0,0.0,0.0,0.0,10.7,NR,46.4,N,1048.9,E,201.8,E
ARUNACHAL PRADESH,EAST KAMENG,2026-08-21,0.0,0.0,0.0,0.0,8.6,NR,46.4,N,1048.9,E,201.8,E
ARUNACHAL PRADESH,EAST KAMENG,2026-08-22,7.2,7.2,7.2,7.2,10.5,D,46.4,N,1056.1,E,209.0,E
ARUNACHAL PRADESH,EAST KAMENG,2026-08-23,0.0,7.2,7.2,7.2,7.0,NR,0.0,NR,1056.1,N,209.0,N
ARUNACHAL PRADESH,EAST KAMENG,2026-08-24,0.0,7.2,7.2,7.2,7.0,NR,46.4,N,1056.1,N,209.0,N
ARUNACHAL PRADESH,EAST KAMENG,2026-08-25,11.5,11.5,18.7,18.7,10.3,N,46.4,N,1048.9,E,220.5,N
ARUNACHAL PRADESH,EAST KAMENG,2026-08-26,9.2,20.7,27.9,27.9,12.1,D,27.9,D,1076.8,N,229.6,N
ARUNACHAL PRADESH,EAST KAMENG,2026-08-27,0.5,21.2,28.4,28.4,7.7,LD,0.5,LD,1077.3,N,230.2,N
ARUNACHAL PRADESH,EAST KAMENG,2026-08-28,0.0,9.7,28.4,28.4,10.8,NR,0.0,NR,1077.3,N,230.2,N
ARUNACHAL PRADESH,EAST KAMENG,2026-08-29,17.0,17.5,38.2,45.4,8.8,LE,27.9,D,1094.3,N,247.2,N
ARUNACHAL PRADESH,EAST KAMENG,2026-08-30,5.0,22.0,43.2,50.4,8.8,D,27.9,D,1099.2,N,252.1,N
ARUNACHAL PRADESH,EAST KAMENG,2026-08-31,26.1,48.1,69.3,76.5,7.5,LE,27.9,D,1125.4,N,278.2,N
ARUNACHAL PRADESH,EAST KAMENG,2026-09-01,43.4,74.5,101.2,119.9,7.1,LE,27.9,D,1076.8,N,43.4,LE
ARUNACHAL PRADESH,EAST KAMENG,2026-09-02,14.7,84.2,106.7,134.6,9.0,LE,106.6,LE,1183.4,E,58.0,LE
ARUNACHAL PRADESH,EAST KAMENG,2026-09-03,12.0,70.1,118.2,146.6,15.1,D,106.6,LE,1183.4,E,70.0,LE
ARUNACHAL PRADESH,EAST KAMENG,2026-09-04,6.2,32.9,124.4,152.8,10.2,D,106.6,LE,1201.6,E,76.2,LE
ARUNACHAL PRADESH,EAST KAMENG,2026-09-05,0.0,18.2,107.4,152.8,9.7,NR,106.6,LE,1201.6,N,76.2,E
ARUNACHAL PRADESH,EAST KAMENG,2026-09-06,8.2,14.399999999999999,110.6,153.8,10.4,D,8.2,D,1209.8,N,84.4,E
ARUNACHAL PRADESH,EAST KAMENG,2026-09-07,4.2,12.399999999999999,88.7,158.0,7.1,D,106.6,LE,1213.9,N,88.6,E
ARUNACHAL PRADESH,EAST KAMENG,2026-09-08,0.0,12.399999999999999,45.3,158.0,8.6,NR,0.0,NR,1213.9,N,88.6,N
ARUNACHAL PRADESH,EAST KAMENG,2026-09-09,0.0,4.2,30.599999999999998,146.5,6.8,NR,30.5,D,1213.9,N,88.5,N
ARUNACHAL PRADESH,EAST KAMENG,2026-09-10,2.5,2.5,21.099999999999998,139.79999999999998,11.2,LD,30.5,D,1213.9,N,91.1,N
ARUNACHAL PRADESH,EAST KAMENG,2026-09-11,2.5,5.0,17.4,141.79999999999998,8.8,LD,30.5,D,1218.9,N,93.6,N
ARUNACHAL PRADESH,EAST KAMENG,2026-09-12,18.8,23.8,36.2,160.6,16.4,N,18.8,N,1237.7,N,112.4,N
ARUNACHAL PRADESH,EAST KAMENG,2026-09-13,1.6,22.900000000000002,29.6,145.2,13.2,LD,30.5,D,1239.3,N,113.9,N
ARUNACHAL PRADESH,EAST KAMENG,2026-09-14,0.0,20.400000000000002,25.400000000000002,140.2,8.1,NR,0.0,NR,1239.3,N,114.0,D
ARUNACHAL PRADESH,EAST KAMENG,2026-09-15,0.0,1.6,25.400000000000002,114.1,9.8,NR,30.5,D,1213.9,N,114.0,D
ARUNACHAL PRADESH,EAST KAMENG,2026-09-16,34.0,34.0,59.400000000000006,104.69999999999999,9.9,LE,34.0,LE,1273.3,N,147.9,N
ARUNACHAL PRADESH,EAST KAMENG,2026-09-17,69.1,103.1,126.0,159.1,11.9,LE,59.4,D,1342.4,N,217.0,E
ARUNACHAL PRADESH,EAST KAMENG,2026-09-18,56.5,159.6,180.0,203.6,10.5,LE,56.5,LE,1399.0,E,273.6,E
ARUNACHAL PRADESH,EAST KAMENG,2026-09-19,2.5,128.1,163.7,199.89999999999998,6.8,LD,2.5,LD,1401.5,E,276.1,E
ARUNACHAL PRADESH,EAST KAMENG,2026-09-20,0.0,59.0,162.1,199.89999999999998,5.1,NR,0.0,NR,1401.5,E,276.1,E
ARUNACHAL PRADESH,EAST KAMENG,2026-09-21,0.0,2.5,162.1,191.7,7.3,NR,59.4,D,1273.3,N,276.1,E
ARUNACHAL PRADESH,EAST SIANG,2026-08-19,0.4,0.4,0.4,0.4,22.9,LD,0.4,LD,1748.6,D,277.5,D
ARUNACHAL PRADESH,EAST SIANG,2026-08-20,66.8,67.2,67.2,67.2,17.9,LE,53.6,LD,1815.3,D,344.3,N
ARUNACHAL PRADESH,EAST SIANG,2026-08-21,0.0,67.2,67.2,67.2,25.4,NR,53.6,LD,1748.6,D,344.3,D
ARUNACHAL PRADESH,EAST SIANG,2026-08-22,0.0,66.8,67.2,67.2,30.5,NR,53.6,LD,1815.3,D,344.3,D
ARUNACHAL PRADESH,EAST SIANG,2026-08-23,2.1,2.1,69.3,69.3,27.6,LD,2.1,LD,1817.4,D,346.4,D
ARUNACHAL PRADESH,EAST SIANG,2026-08-24,3.1,5.2,72.4,72.4,29.1,LD,53.6,LD,1820.5,D,349.5,D
ARUNACHAL PRADESH,EAST SIANG,2026-08-25,6.1,11.3,78.5,78.5,26.0,LD,53.6,LD,1748.6,D,355.6,D
ARUNACHAL PRADESH,EAST SIANG,2026-08-26,32.4,41.6,110.5,110.9,17.8,LE,110.5,D,1859.0,D,388.0,D
ARUNACHAL PRADESH,EAST SIANG,2026-08-27,0.1,38.6,43.8,111.0,19.3,LD,0.1,LD,1859.1,D,388.1,D
ARUNACHAL PRADESH,EAST SIANG,2026-08-28,1.6,34.1,45.4,112.6,16.1,LD,1.6,LD,1860.7,D,389.7,D
ARUNACHAL PRADESH,EAST SIANG,2026-08-29,0.0,1.7000000000000002,45.4,112.6,24.0,NR,110.5,D,1860.7,D,389.7,D
ARUNACHAL PRADESH,EAST SIANG,2026-08-30,0.0,1.6,43.3,112.6,23.2,NR,110.5,D,1860.7,D,389.7,D
ARUNACHAL PRADESH,EAST SIANG,2026-08-31,0.0,0.0,40.199999999999996,112.6,20.3,NR,110.5,D,1860.7,D,389.7,D
ARUNACHAL PRADESH,EAST SIANG,2026-09-01,49.7,49.7,83.80000000000001,162.3,21.5,LE,110.5,D,1859.0,D,49.7,LE
ARUNACHAL PRADESH,EAST SIANG,2026-09-02,5.9,55.6,57.300000000000004,168.20000000000002,24.8,LD,57.2,LD,1916.3,D,55.6,E
ARUNACHAL PRADESH,EAST SIANG,2026-09-03,0.1,55.7,57.300000000000004,167.9,24.1,LD,57.2,LD,1916.3,D,55.7,D
ARUNACHAL PRADESH,EAST SIANG,2026-09-04,0.3,6.300000000000001,56.0,101.4,24.7,LD,57.2,LD,1916.7,D,56.0,D
ARUNACHAL PRADESH,EAST SIANG,2026-09-05,10.9,11.3,66.9,112.3,26.7,LD,57.2,LD,1927.7,D,67.0,D
ARUNACHAL PRADESH,EAST SIANG,2026-09-06,25.8,37.0,92.7,138.1,18.2,E,25.8,E,1953.5,D,92.8,D
ARUNACHAL PRADESH,EAST SIANG,2026-09-07,9.7,46.400000000000006,102.4,145.70000000000002,13.7,D,57.2,LD,1963.2,D,102.5,D
ARUNACHAL PRADESH,EAST SIANG,2026-09-08,0.0,35.5,52.7,142.60000000000002,13.7,NR,0.0,NR,1963.2,D,102.5,D
ARUNACHAL PRADESH,EAST SIANG,2026-09-09,0.0,9.700000000000003,46.8,136.5,20.8,NR,46.9,LD,1963.2,D,102.5,D
ARUNACHAL PRADESH,EAST SIANG,2026-09-10,0.0,0.0,46.7,104.10000000000001,22.5,NR,46.9,LD,1963.2,D,102.5,D
ARUNACHAL PRADESH,EAST SIANG,2026-09-11,0.0,0.0,46.400000000000006,104.0,20.5,NR,46.9,LD,1963.2,D,102.5,D
ARUNACHAL PRADESH,EAST SIANG,2026-09-12,0.0,0.0,35.5,102.4,22.8,NR,0.0,NR,1963.2,D,102.5,LD
ARUNACHAL PRADESH,EAST SIANG,2026-09-13,14.1,14.100000000000003,23.799999999999997,116.50000000000001,26.1,D,46.9,LD,1977.3,D,116.6,D
ARUNACHAL PRADESH,EAST SIANG,2026-09-14,0.0,14.100000000000003,14.1,116.50000000000001,32.1,NR,0.0,NR,1977.3,D,116.6,LD
ARUNACHAL PRADESH,EAST SIANG,2026-09-15,0.0,14.100000000000003,14.1,116.50000000000001,28.7,NR,46.9,LD,1963.2,D,116.6,LD
ARUNACHAL PRADESH,EAST SIANG,2026-09-16,0.3,0.30000000000000354,14.4,67.10000000000001,16.5,LD,0.3,LD,1977.7,D,116.9,LD
ARUNACHAL PRADESH,EAST SIANG,2026-09-17,31.4,31.700000000000003,45.8,92.6,18.6,LE,14.4,LD,2009.1,D,148.4,LD
ARUNACHAL PRADESH,EAST SIANG,2026-09-18,21.2,52.900000000000006,67.0,113.69999999999999,14.4,E,21.2,E,2030.3,D,169.6,D
ARUNACHAL PRADESH,EAST SIANG,2026-09-19,0.0,52.60000000000001,67.0,113.39999999999999,22.4,NR,0.0,NR,2030.3,D,169.6,D
ARUNACHAL PRADESH,EAST SIANG,2026-09-20,0.0,21.200000000000003,52.89999999999999,102.5,18.0,NR,0.0,NR,2030.3,D,169.6,LD
ARUNACHAL PRADESH,EAST SIANG,2026-09-21,7.7,7.700000000000004,60.599999999999994,84.39999999999999,14.7,D,14.4,LD,1977.7,D,177.3,LD
ARUNACHAL PRADESH,KURUNG KUMEY,2026-08-19,1.0,1.0,1.0,1.0,5.8,LD,1.0,LD,429.9,D,131.2,N
ARUNACHAL PRADESH,KURUNG KUMEY,2026-08-20,3.7,4.7,4.7,4.7,6.6,D,11.7,LD,433.6,D,134.8,N
ARUNACHAL PRADESH,KURUNG KUMEY,2026-08-21,5.3,10.0,10.0,10.0,5.9,N,11.7,LD,429.9,D,140.2,N
ARUNACHAL PRADESH,KURUNG KUMEY,2026-08-22,2.5,11.5,12.5,12.5,4.4,D,11.7,LD,441.4,D,142.7,N
ARUNACHAL PRADESH,KURUNG KUMEY,2026-08-23,3.8,11.6,16.3,16.3,4.0,N,3.8,N,445.2,D,146.5,N
ARUNACHAL PRADESH,KURUNG KUMEY,2026-08-24,4.5,10.8,20.8,20.8,9.1,D,11.7,LD,449.8,D,151.0,N
ARUNACHAL PRADESH,KURUNG KUMEY,2026-08-25,0.0,8.3,20.8,20.8,6.7,NR,11.7,LD,429.9,D,151.0,D
ARUNACHAL PRADESH,KURUNG KUMEY,2026-08-26,4.8,9.3,24.6,25.6,2.2,LE,24.7,D,454.6,D,155.8,D
ARUNACHAL PRADESH,KURUNG KUMEY,2026-08-27,0.7,5.5,21.6,26.3,9.8,LD,0.7,LD,455.2,D,156.5,D
ARUNACHAL PRADESH,KURUNG KUMEY,2026-08-28,0.0,5.5,16.3,26.3,8.5,ND,0.0,ND,455.2,D,156.5,D
ARUNACHAL PRADESH,KURUNG KUMEY,2026-08-29,1.5,2.2,15.299999999999999,27.8,8.9,LD,24.7,D,456.8,D,158.0,D
ARUNACHAL PRADESH,KURUNG KUMEY,2026-08-30,0.0,1.5,11.5,27.8,14.8,ND,24.7,D,456.8,D,158.0,D
ARUNACHAL PRADESH,KURUNG KUMEY,2026-08-31,15.2,16.7,22.2,43.0,8.3,LE,24.7,D,472.0,D,173.2,D
ARUNACHAL PRADESH,KURUNG KUMEY,2026-09-01,36.5,51.7,58.7,79.5,2.7,LE,24.7,D,454.6,D,36.5,LE
ARUNACHAL PRADESH,KURUNG KUMEY,2026-09-02,8.2,59.900000000000006,62.10000000000001,87.7,6.6,E,62.2,N,516.8,D,44.8,LE
ARUNACHAL PRADESH,KURUNG KUMEY,2026-09-03,6.2,50.9,67.60000000000001,92.9,7.4,N,62.2,N,516.8,D,51.0,LE
ARUNACHAL PRADESH,KURUNG KUMEY,2026-09-04,0.7,15.1,68.3,89.89999999999999,8.8,LD,62.2,N,523.7,D,51.7,LE
ARUNACHAL PRADESH,KURUNG KUMEY,2026-09-05,0.2,7.1000000000000005,67.0,84.8,8.6,LD,62.2,N,523.9,D,51.9,E
ARUNACHAL PRADESH,KURUNG KUMEY,2026-09-06,5.5,6.4,72.5,87.8,17.2,LD,5.5,LD,529.4,D,57.4,N
ARUNACHAL PRADESH,KURUNG KUMEY,2026-09-07,0.0,5.7,57.3,84.0,8.0,NR,62.2,N,529.4,D,57.4,N
ARUNACHAL PRADESH,KURUNG KUMEY,2026-09-08,0.0,5.5,20.8,79.5,7.2,NR,0.0,NR,529.4,D,57.4,N
ARUNACHAL PRADESH,KURUNG KUMEY,2026-09-09,1.0,1.0,13.600000000000001,80.5,7.7,LD,13.7,LD,530.4,D,58.4,D
ARUNACHAL PRADESH,KURUNG KUMEY,2026-09-10,0.0,1.0,7.4,75.7,15.6,NR,13.7,LD,530.4,D,58.4,D
ARUNACHAL PRADESH,KURUNG KUMEY,2026-09-11,0.0,1.0,6.7,75.0,9.4,NR,13.7,LD,530.4,D,58.4,D
ARUNACHAL PRADESH,KURUNG KUMEY,2026-09-12,2.8,2.8,9.3,77.8,11.9,LD,2.8,LD,533.2,D,61.2,D
ARUNACHAL PRADESH,KURUNG KUMEY,2026-09-13,28.8,31.6,32.6,105.1,22.4,E,13.7,LD,561.9,D,89.9,D
ARUNACHAL PRADESH,KURUNG KUMEY,2026-09-14,1.5,33.1,34.1,106.6,12.9,LD,1.5,LD,563.4,D,91.4,D
ARUNACHAL PRADESH,KURUNG KUMEY,2026-09-15,0.5,30.8,34.6,91.9,12.3,LD,13.7,LD,530.4,D,91.9,D
ARUNACHAL PRADESH,KURUNG KUMEY,2026-09-16,2.8,4.8,36.4,58.199999999999996,12.7,LD,2.8,LD,566.7,D,94.7,D
ARUNACHAL PRADESH,KURUNG KUMEY,2026-09-17,28.0,31.3,64.4,78.0,14.7,LE,36.2,LD,594.7,D,122.7,D
ARUNACHAL PRADESH,KURUNG KUMEY,2026-09-18,17.0,47.8,81.4,88.8,29.9,D,17.0,D,611.7,D,139.7,D
ARUNACHAL PRADESH,KURUNG KUMEY,2026-09-19,2.0,47.0,80.60000000000001,90.1,14.6,LD,2.0,LD,613.7,D,141.7,D
ARUNACHAL PRADESH,KURUNG KUMEY,2026-09-20,0.0,19.0,51.8,89.89999999999999,8.0,NR,0.0,NR,613.7,D,141.7,D
ARUNACHAL PRADESH,KURUNG KUMEY,2026-09-21,0.0,2.0,50.3,84.39999999999999,6.6,NR,36.2,LD,566.7,D,141.7,D
ARUNACHAL PRADESH,LOHIT,2026-08-19,4.2,4.2,4.2,4.2,11.4,LD,4.2,LD,723.0,D,135.9,D
ARUNACHAL PRADESH,LOHIT,2026-08-20,15.1,19.3,19.3,19.3,6.5,LE,50.9,D,738.1,D,151.0,D
ARUNACHAL PRADESH,LOHIT,2026-08-21,0.1,19.4,19.4,19.4,11.4,LD,50.9,D,723.0,D,151.1,D
ARUNACHAL PRADESH,LOHIT,2026-08-22,27.2,42.4,46.599999999999994,46.599999999999994,10.3,LE,50.9,D,765.4,D,178.4,D
ARUNACHAL PRADESH,LOHIT,2026-08-23,0.0,27.299999999999997,46.599999999999994,46.599999999999994,9.1,NR,0.0,NR,765.4,D,178.4,D
ARUNACHAL PRADESH,LOHIT,2026-08-24,4.0,31.199999999999996,50.599999999999994,50.599999999999994,8.0,D,50.9,D,769.4,D,182.4,D
ARUNACHAL PRADESH,LOHIT,2026-08-25,7.7,11.699999999999996,58.3,58.3,10.7,D,50.9,D,723.0,D,190.0,D
ARUNACHAL PRADESH,LOHIT,2026-08-26,13.9,25.599999999999998,68.0,72.2,10.7,E,68.0,N,791.0,D,204.0,D
ARUNACHAL PRADESH,LOHIT,2026-08-27,0.0,21.599999999999998,52.900000000000006,72.2,17.8,NR,0.0,NR,791.0,D,204.0,D
ARUNACHAL PRADESH,LOHIT,2026-08-28,1.4,15.299999999999999,54.2,73.6,9.2,LD,1.4,LD,792.5,D,205.4,D
ARUNACHAL PRADESH,LOHIT,2026-08-29,0.0,1.3999999999999964,26.999999999999996,73.6,8.8,NR,68.0,N,792.5,D,205.4,D
ARUNACHAL PRADESH,LOHIT,2026-08-30,0.0,1.3999999999999964,26.999999999999996,73.6,8.7,NR,68.0,N,792.5,D,205.4,D
ARUNACHAL PRADESH,LOHIT,2026-08-31,2.1,2.0999999999999965,25.099999999999998,75.7,9.1,LD,68.0,N,794.6,D,207.5,D
ARUNACHAL PRADESH,LOHIT,2026-09-01,7.6,9.699999999999996,25.0,83.3,6.6,N,68.0,N,791.0,D,7.6,N
ARUNACHAL PRADESH,LOHIT,2026-09-02,6.1,15.799999999999995,17.199999999999996,89.4,6.3,N,17.2,LD,808.3,D,13.7,N
ARUNACHAL PRADESH,LOHIT,2026-09-03,0.0,13.699999999999996,17.199999999999996,85.19999999999999,11.3,NR,17.2,LD,808.3,D,13.7,D
ARUNACHAL PRADESH,LOHIT,2026-09-04,0.0,6.099999999999996,15.799999999999995,70.1,11.0,NR,17.2,LD,808.3,D,13.7,LD
ARUNACHAL PRADESH,LOHIT,2026-09-05,41.8,41.8,57.599999999999994,111.79999999999998,8.9,LE,17.2,LD,850.1,D,55.5,E
ARUNACHAL PRADESH,LOHIT,2026-09-06,6.5,48.3,64.1,91.1,7.5,N,6.5,N,856.6,D,62.0,E
ARUNACHAL PRADESH,LOHIT,2026-09-07,1.0,49.3,62.99999999999999,92.1,5.2,LD,17.2,LD,857.6,D,63.0,N
ARUNACHAL PRADESH,LOHIT,2026-09-08,12.5,20.0,67.89999999999999,100.6,8.3,E,12.5,E,870.1,D,75.5,N
ARUNACHAL PRADESH,LOHIT,2026-09-09,0.1,13.6,61.9,93.0,7.3,LD,61.9,N,870.2,D,75.6,N
ARUNACHAL PRADESH,LOHIT,2026-09-10,0.0,12.6,61.9,79.1,9.3,NR,61.9,N,870.2,D,75.6,N
ARUNACHAL PRADESH,LOHIT,2026-09-11,0.0,0.1,61.9,79.1,10.8,NR,61.9,N,870.2,D,75.6,N
ARUNACHAL PRADESH,LOHIT,2026-09-12,5.1,5.1,25.2,82.79999999999998,16.1,LD,5.1,LD,875.3,D,80.7,D
ARUNACHAL PRADESH,LOHIT,2026-09-13,0.4,5.5,19.099999999999998,83.19999999999999,18.7,LD,61.9,N,875.7,D,81.1,D
ARUNACHAL PRADESH,LOHIT,2026-09-14,0.4,5.8999999999999995,18.5,83.59999999999998,21.3,LD,0.4,LD,876.0,D,81.4,D
ARUNACHAL PRADESH,LOHIT,2026-09-15,9.5,10.3,15.5,91.0,18.6,D,61.9,N,870.2,D,90.9,D
ARUNACHAL PRADESH,LOHIT,2026-09-16,1.9,11.8,17.3,85.3,11.6,LD,1.9,LD,887.4,D,92.8,D
ARUNACHAL PRADESH,LOHIT,2026-09-17,1.7,13.1,19.0,80.89999999999999,8.3,LD,17.2,LD,889.1,D,94.6,D
ARUNACHAL PRADESH,LOHIT,2026-09-18,0.8,4.4,19.8,81.69999999999999,7.2,LD,0.8,LD,890.0,D,95.4,D
ARUNACHAL PRADESH,LOHIT,2026-09-19,0.0,2.5,14.700000000000001,81.69999999999999,9.7,NR,0.0,NR,890.0,D,95.4,D
ARUNACHAL PRADESH,LOHIT,2026-09-20,0.0,0.8,14.3,39.89999999999999,9.8,NR,0.0,NR,890.0,D,95.4,D
ARUNACHAL PRADESH,LOHIT,2026-09-21,14.7,14.7,28.6,48.099999999999994,9.3,E,17.2,LD,887.4,D,110.1,D
ARUNACHAL PRADESH,LOWER DIBANG VALLEY,2026-08-19,0.0,0.0,0.0,0.0,12.9,ND,0.0,ND,0.0,ND,0.0,ND
ARUNACHAL PRADESH,LOWER DIBANG VALLEY,2026-08-20,0.0,0.0,0.0,0.0,13.4,ND,0.0,ND,0.0,ND,0.0,ND
ARUNACHAL PRADESH,LOWER DIBANG VALLEY,2026-08-21,0.0,0.0,0.0,0.0,13.1,ND,0.0,ND,0.0,ND,0.0,ND
ARUNACHAL PRADESH,LOWER DIBANG VALLEY,2026-08-22,0.0,0.0,0.0,0.0,16.3,ND,0.0,ND,0.0,ND,0.0,ND
ARUNACHAL PRADESH,LOWER DIBANG VALLEY,2026-08-23,0.0,0.0,0.0,0.0,22.5,ND,0.0,ND,0.0,ND,0.0,ND
ARUNACHAL PRADESH,LOWER DIBANG VALLEY,2026-08-24,0.0,0.0,0.0,0.0,19.0,ND,0.0,ND,0.0,ND,0.0,ND
ARUNACHAL PRADESH,LOWER DIBANG VALLEY,2026-08-25,0.0,0.0,0.0,0.0,13.5,ND,0.0,ND,0.0,ND,0.0,ND
ARUNACHAL PRADESH,LOWER DIBANG VALLEY,2026-08-26,0.0,0.0,0.0,0.0,13.8,ND,0.0,ND,0.0,ND,0.0,ND
ARUNACHAL PRADESH,LOWER DIBANG VALLEY,2026-08-27,0.0,0.0,0.0,0.0,21.3,ND,0.0,ND,0.0,ND,0.0,ND
ARUNACHAL PRADESH,LOWER DIBANG VALLEY,2026-08-28,0.0,0.0,0.0,0.0,10.9,ND,0.0,ND,0.0,ND,0.0,ND
ARUNACHAL PRADESH,LOWER DIBANG VALLEY,2026-08-29,0.0,0.0,0.0,0.0,9.1,ND,0.0,ND,0.0,ND,0.0,ND
ARUNACHAL PRADESH,LOWER DIBANG VALLEY,2026-08-30,0.0,0.0,0.0,0.0,16.9,ND,0.0,ND,0.0,ND,0.0,ND
ARUNACHAL PRADESH,LOWER DIBANG VALLEY,2026-08-31,0.0,0.0,0.0,0.0,13.1,ND,0.0,ND,0.0,ND,0.0,ND
ARUNACHAL PRADESH,LOWER DIBANG VALLEY,2026-09-01,0.0,0.0,0.0,0.0,21.1,ND,0.0,ND,0.0,ND,0.0,ND
ARUNACHAL PRADESH,LOWER DIBANG VALLEY,2026-09-02,0.0,0.0,0.0,0.0,13.1,ND,0.0,ND,0.0,ND,0.0,ND
ARUNACHAL PRADESH,LOWER DIBANG VALLEY,2026-09-03,0.0,0.0,0.0,0.0,15.8,ND,0.0,ND,0.0,ND,0.0,ND
ARUNACHAL PRADESH,LOWER DIBANG VALLEY,2026-09-04,0.0,0.0,0.0,0.0,12.8,ND,0.0,ND,0.0,ND,0.0,ND
ARUNACHAL PRADESH,LOWER DIBANG VALLEY,2026-09-05,0.0,0.0,0.0,0.0,11.5,ND,0.0,ND,0.0,ND,0.0,ND
ARUNACHAL PRADESH,LOWER DIBANG VALLEY,2026-09-06,0.0,0.0,0.0,0.0,12.2,ND,0.0,ND,0.0,ND,0.0,ND
ARUNACHAL PRADESH,LOWER DIBANG VALLEY,2026-09-07,0.0,0.0,0.0,0.0,16.1,ND,0.0,ND,0.0,ND,0.0,ND
ARUNACHAL PRADESH,LOWER DIBANG VALLEY,2026-09-08,0.0,0.0,0.0,0.0,11.4,ND,0.0,ND,0.0,ND,0.0,ND
ARUNACHAL PRADESH,LOWER DIBANG VALLEY,2026-09-09,0.0,0.0,0.0,0.0,10.6,ND,0.0,ND,0.0,ND,0.0,ND
ARUNACHAL PRADESH,LOWER DIBANG VALLEY,2026-09-10,0.0,0.0,0.0,0.0,11.4,ND,0.0,ND,0.0,ND,0.0,ND
ARUNACHAL PRADESH,LOWER DIBANG VALLEY,2026-09-11,0.0,0.0,0.0,0.0,14.5,ND,0.0,ND,0.0,ND,0.0,ND
ARUNACHAL PRADESH,LOWER DIBANG VALLEY,2026-09-12,0.0,0.0,0.0,0.0,17.8,ND,0.0,ND,0.0,ND,0.0,ND
ARUNACHAL PRADESH,LOWER DIBANG VALLEY,2026-09-13,0.0,0.0,0.0,0.0,28.5,ND,0.0,ND,0.0,ND,0.0,ND
ARUNACHAL PRADESH,LOWER DIBANG VALLEY,2026-09-14,0.0,0.0,0.0,0.0,29.7,ND,0.0,ND,0.0,ND,0.0,ND
ARUNACHAL PRADESH,LOWER DIBANG VALLEY,2026-09-15,0.0,0.0,0.0,0.0,23.4,ND,0.0,ND,0.0,ND,0.0,ND
ARUNACHAL PRADESH,LOWER DIBANG VALLEY,2026-09-16,0.0,0.0,0.0,0.0,20.1,ND,0.0,ND,0.0,ND,0.0,ND
ARUNACHAL PRADESH,LOWER DIBANG VALLEY,2026-09-17,0.0,0.0,0.0,0.0,11.8,ND,0.0,ND,0.0,ND,0.0,ND
ARUNACHAL PRADESH,LOWER DIBANG VALLEY,2026-09-18,0.0,0.0,0.0,0.0,9.4,ND,0.0,ND,0.0,ND,0.0,ND
ARUNACHAL PRADESH,LOWER DIBANG VALLEY,2026-09-19,0.0,0.0,0.0,0.0,12.1,ND,0.0,ND,0.0,ND,0.0,ND
ARUNACHAL PRADESH,LOWER DIBANG VALLEY,2026-09-20,0.0,0.0,0.0,0.0,16.7,ND,0.0,ND,0.0,ND,0.0,ND
ARUNACHAL PRADESH,LOWER DIBANG VALLEY,2026-09-21,0.0,0.0,0.0,0.0,19.8,ND,0.0,ND,0.0,ND,0.0,ND
ARUNACHAL PRADESH,LOWER SUBANSIRI,2026-08-19,6.5,6.5,6.5,6.5,6.7,N,6.5,N,338.8,D,107.3,D
ARUNACHAL PRADESH,LOWER SUBANSIRI,2026-08-20,0.2,6.7,6.7,6.7,9.1,LD,41.6,N,339.0,D,107.5,D
ARUNACHAL PRADESH,LOWER SUBANSIRI,2026-08-21,9.2,15.899999999999999,15.899999999999999,15.899999999999999,3.5,LE,41.6,N,338.8,D,116.7,D
ARUNACHAL PRADESH,LOWER SUBANSIRI,2026-08-22,4.3,13.7,20.2,20.2,2.7,E,41.6,N,352.4,D,121.0,D
ARUNACHAL PRADESH,LOWER SUBANSIRI,2026-08-23,0.0,13.5,20.2,20.2,4.4,NR,0.0,NR,352.4,D,121.0,D
ARUNACHAL PRADESH,LOWER SUBANSIRI,2026-08-24,0.0,4.3,20.2,20.2,4.4,NR,41.6,N,352.4,D,121.0,D
ARUNACHAL PRADESH,LOWER SUBANSIRI,2026-08-25,0.0,0.0,20.2,20.2,5.8,NR,41.6,N,338.8,D,121.0,D
ARUNACHAL PRADESH,LOWER SUBANSIRI,2026-08-26,0.0,0.0,13.7,20.2,6.6,NR,13.6,LD,352.4,D,121.0,D
ARUNACHAL PRADESH,LOWER SUBANSIRI,2026-08-27,2.5,2.5,16.0,22.7,8.9,LD,2.5,LD,354.9,D,123.5,D
ARUNACHAL PRADESH,LOWER SUBANSIRI,2026-08-28,0.0,2.5,6.8,22.7,3.9,NR,0.0,NR,354.9,D,123.5,D
ARUNACHAL PRADESH,LOWER SUBANSIRI,2026-08-29,0.9,3.4,3.4,23.599999999999998,5.9,LD,13.6,LD,355.8,D,124.4,D
ARUNACHAL PRADESH,LOWER SUBANSIRI,2026-08-30,0.7,1.6,4.1,24.299999999999997,4.7,LD,13.6,LD,356.5,D,125.1,D
ARUNACHAL PRADESH,LOWER SUBANSIRI,2026-08-31,1.5,3.1,5.6,25.799999999999997,5.2,LD,13.6,LD,358.0,D,126.6,D
ARUNACHAL PRADESH,LOWER SUBANSIRI,2026-09-01,27.2,29.4,32.8,53.0,4.0,LE,13.6,LD,352.4,D,27.2,LE
ARUNACHAL PRADESH,LOWER SUBANSIRI,2026-09-02,5.7,34.4,38.5,58.699999999999996,5.8,N,38.5,N,390.9,D,32.9,LE
ARUNACHAL PRADESH,LOWER SUBANSIRI,2026-09-03,1.0,33.9,37.0,53.199999999999996,6.0,LD,38.5,N,390.9,D,33.9,LE
ARUNACHAL PRADESH,LOWER SUBANSIRI,2026-09-04,1.3,8.0,38.300000000000004,54.3,8.0,LD,38.5,N,393.2,D,35.2,E
ARUNACHAL PRADESH,LOWER SUBANSIRI,2026-09-05,0.0,2.3,37.400000000000006,45.1,4.2,NR,38.5,N,393.2,D,35.2,E
ARUNACHAL PRADESH,LOWER SUBANSIRI,2026-09-06,0.1,1.4000000000000001,36.8,40.9,3.9,LD,0.1,LD,393.3,D,35.3,N
ARUNACHAL PRADESH,LOWER SUBANSIRI,2026-09-07,0.0,0.1,35.3,40.9,4.8,NR,38.5,N,393.3,D,35.3,N
ARUNACHAL PRADESH,LOWER SUBANSIRI,2026-09-08,0.0,0.1,8.1,40.9,7.4,NR,0.0,NR,393.3,D,35.3,D
ARUNACHAL PRADESH,LOWER SUBANSIRI,2026-09-09,0.5,0.5,2.9,41.4,2.6,LD,2.9,LD,393.8,D,35.8,D
ARUNACHAL PRADESH,LOWER SUBANSIRI,2026-09-10,0.4,0.9,2.3,41.800000000000004,3.6,LD,2.9,LD,393.8,D,36.2,D
ARUNACHAL PRADESH,LOWER SUBANSIRI,2026-09-11,5.1,6.0,6.1,44.4,4.6,N,2.9,LD,399.3,D,41.3,D
ARUNACHAL PRADESH,LOWER SUBANSIRI,2026-09-12,0.8,6.3,6.8999999999999995,45.2,7.7,LD,0.8,LD,400.1,D,42.0,D
ARUNACHAL PRADESH,LOWER SUBANSIRI,2026-09-13,0.0,5.8999999999999995,6.8,44.3,2.5,NR,2.9,LD,400.1,D,42.0,D
ARUNACHAL PRADESH,LOWER SUBANSIRI,2026-09-14,0.3,1.1,7.1,43.9,0.9,LD,0.3,LD,400.4,D,42.3,D
ARUNACHAL PRADESH,LOWER SUBANSIRI,2026-09-15,0.0,0.3,7.1,42.4,7.1,NR,2.9,LD,393.8,D,42.3,D
ARUNACHAL PRADESH,LOWER SUBANSIRI,2026-09-16,0.0,0.3,6.6,15.2,6.3,NR,0.0,NR,400.4,D,42.3,D
ARUNACHAL PRADESH,LOWER SUBANSIRI,2026-09-17,3.3,3.3,9.5,12.8,5.0,D,6.5,LD,403.6,D,45.6,D
ARUNACHAL PRADESH,LOWER SUBANSIRI,2026-09-18,3.7,7.0,8.1,15.5,3.3,N,3.7,N,407.3,D,49.3,D
ARUNACHAL PRADESH,LOWER SUBANSIRI,2026-09-19,0.0,7.0,7.300000000000001,14.2,5.8,NR,0.0,NR,407.3,D,49.3,D
ARUNACHAL PRADESH,LOWER SUBANSIRI,2026-09-20,0.0,3.7,7.300000000000001,14.2,2.5,NR,0.0,NR,407.3,D,49.3,D
ARUNACHAL PRADESH,LOWER SUBANSIRI,2026-09-21,0.0,0.0,7.0,14.1,8.2,NR,6.5,LD,400.4,D,49.3,D
ARUNACHAL PRADESH,PAPUM-PARE,2026-08-19,19.4,19.4,19.4,19.4,6.0,LE,19.4,LE,1338.0,N,261.3,N
ARUNACHAL PRADESH,PAPUM-PARE,2026-08-20,0.6,20.0,20.0,20.0,12.2,LD,74.1,N,1338.6,N,261.9,N
ARUNACHAL PRADESH,PAPUM-PARE,2026-08-21,0.0,20.0,20.0,20.0,13.0,NR,74.1,N,1338.0,N,261.9,N
ARUNACHAL PRADESH,PAPUM-PARE,2026-08-22,6.3,6.8999999999999995,26.299999999999997,26.299999999999997,15.2,D,74.1,N,1345.0,N,268.3,N
ARUNACHAL PRADESH,PAPUM-PARE,2026-08-23,0.2,6.5,26.499999999999996,26.499999999999996,19.2,LD,0.2,LD,1345.1,N,268.4,N
ARUNACHAL PRADESH,PAPUM-PARE,2026-08-24,3.1,9.6,29.599999999999998,29.599999999999998,15.0,LD,74.1,N,1348.3,N,271.6,D
ARUNACHAL PRADESH,PAPUM-PARE,2026-08-25,25.5,28.8,55.099999999999994,55.099999999999994,17.1,E,74.1,N,1338.0,N,297.1,N
ARUNACHAL PRADESH,PAPUM-PARE,2026-08-26,0.2,28.8,35.9,55.3,11.3,LD,35.9,LD,1374.0,N,297.3,N
ARUNACHAL PRADESH,PAPUM-PARE,2026-08-27,0.2,25.9,35.5,55.5,16.2,LD,0.2,LD,1374.1,D,297.4,D
ARUNACHAL PRADESH,PAPUM-PARE,2026-08-28,0.0,0.4,35.5,55.5,15.2,ND,0.0,ND,1374.1,D,297.4,D
ARUNACHAL PRADESH,PAPUM-PARE,2026-08-29,0.5,0.7,29.7,56.0,10.9,LD,35.9,LD,1374.6,D,297.9,D
ARUNACHAL PRADESH,PAPUM-PARE,2026-08-30,3.8,4.3,33.300000000000004,59.8,15.6,LD,35.9,LD,1378.4,D,301.7,D
ARUNACHAL PRADESH,PAPUM-PARE,2026-08-31,55.1,59.4,85.30000000000001,114.9,11.4,LE,35.9,LD,1433.5,N,356.8,N
ARUNACHAL PRADESH,PAPUM-PARE,2026-09-01,50.9,109.8,110.7,165.8,11.3,LE,35.9,LD,1374.0,N,50.9,LE
ARUNACHAL PRADESH,PAPUM-PARE,2026-09-02,3.8,109.8,114.3,169.6,21.1,LD,114.3,N,1488.3,N,54.8,LE
ARUNACHAL PRADESH,PAPUM-PARE,2026-09-03,0.0,54.699999999999996,114.1,150.2,8.9,NR,114.3,N,1488.3,N,54.8,E
ARUNACHAL PRADESH,PAPUM-PARE,2026-09-04,14.5,18.3,128.6,164.1,13.7,N,114.3,N,1502.8,N,69.3,E
ARUNACHAL PRADESH,PAPUM-PARE,2026-09-05,11.4,25.9,139.5,175.5,15.4,D,114.3,N,1514.2,N,80.7,N
ARUNACHAL PRADESH,PAPUM-PARE,2026-09-06,1.0,26.9,136.70000000000002,170.2,15.7,LD,1.0,LD,1515.2,N,81.7,N
ARUNACHAL PRADESH,PAPUM-PARE,2026-09-07,9.3,21.700000000000003,90.89999999999999,179.3,15.6,D,114.3,N,1524.5,N,91.0,N
ARUNACHAL PRADESH,PAPUM-PARE,2026-09-08,3.6,13.9,43.6,179.8,13.8,LD,3.6,LD,1528.1,N,94.6,N
ARUNACHAL PRADESH,PAPUM-PARE,2026-09-09,5.2,18.1,45.00000000000001,159.5,12.4,D,45.1,D,1533.4,N,99.9,D
ARUNACHAL PRADESH,PAPUM-PARE,2026-09-10,0.2,9.0,45.2,159.5,28.6,LD,45.1,D,1533.4,N,100.1,D
ARUNACHAL PRADESH,PAPUM-PARE,2026-09-11,0.0,5.400000000000001,30.700000000000003,159.3,17.0,NR,45.1,D,1533.6,D,100.1,D
ARUNACHAL PRADESH,PAPUM-PARE,2026-09-12,81.8,82.0,101.1,241.1,14.8,LE,81.8,LE,1615.4,N,181.9,N
ARUNACHAL PRADESH,PAPUM-PARE,2026-09-13,11.2,93.0,111.30000000000001,251.79999999999998,16.5,D,45.1,D,1626.7,N,193.2,N
ARUNACHAL PRADESH,PAPUM-PARE,2026-09-14,3.5,96.5,105.50000000000001,251.49999999999997,19.4,LD,3.5,LD,1630.2,N,196.7,N
ARUNACHAL PRADESH,PAPUM-PARE,2026-09-15,4.2,18.9,106.10000000000001,200.6,11.5,LD,45.1,D,1533.4,N,200.8,N
ARUNACHAL PRADESH,PAPUM-PARE,2026-09-16,28.5,36.2,129.4,178.2,15.8,LE,28.5,LE,1662.9,N,229.3,N
ARUNACHAL PRADESH,PAPUM-PARE,2026-09-17,37.5,70.2,166.70000000000002,211.9,12.5,LE,129.5,N,1700.4,N,266.8,N
ARUNACHAL PRADESH,PAPUM-PARE,2026-09-18,17.8,83.8,184.5,229.7,10.5,LE,17.8,LE,1718.2,N,284.7,N
ARUNACHAL PRADESH,PAPUM-PARE,2026-09-19,0.2,55.5,102.90000000000002,215.4,10.6,LD,0.2,LD,1718.4,N,284.8,N
ARUNACHAL PRADESH,PAPUM-PARE,2026-09-20,0.0,18.0,91.70000000000002,204.0,17.2,NR,0.0,NR,1718.4,N,284.8,N
ARUNACHAL PRADESH,PAPUM-PARE,2026-09-21,1.2,1.4,89.4,204.2,21.2,LD,129.5,N,1662.9,N,286.1,N
ARUNACHAL PRADESH,TAWANG,2026-08-19,7.5,7.5,7.5,7.5,11.7,D,7.5,D,270.2,LD,94.6,D
ARUNACHAL PRADESH,TAWANG,2026-08-20,0.0,7.5,7.5,7.5,13.4,NR,34.4,D,270.2,LD,94.6,D
ARUNACHAL PRADESH,TAWANG,2026-08-21,4.9,12.4,12.4,12.4,11.3,D,34.4,D,270.2,LD,99.5,D
ARUNACHAL PRADESH,TAWANG,2026-08-22,12.6,17.5,25.0,25.0,4.9,LE,34.4,D,287.7,LD,112.0,D
ARUNACHAL PRADESH,TAWANG,2026-08-23,1.3,18.8,26.3,26.3,6.3,LD,1.3,LD,289.0,LD,113.3,D
ARUNACHAL PRADESH,TAWANG,2026-08-24,0.0,13.9,26.3,26.3,6.5,NR,34.4,D,289.0,LD,113.3,D
ARUNACHAL PRADESH,TAWANG,2026-08-25,0.0,1.3,26.3,26.3,5.5,NR,34.4,D,270.2,LD,113.4,D
ARUNACHAL PRADESH,TAWANG,2026-08-26,8.1,8.1,26.9,34.4,9.7,N,26.9,D,297.1,LD,121.4,D
ARUNACHAL PRADESH,TAWANG,2026-08-27,0.0,8.1,26.9,34.4,6.6,NR,0.0,NR,297.1,LD,121.4,D
ARUNACHAL PRADESH,TAWANG,2026-08-28,4.9,13.0,26.900000000000002,39.3,6.5,D,4.9,D,302.0,LD,126.3,D
ARUNACHAL PRADESH,TAWANG,2026-08-29,3.1,8.0,17.400000000000002,42.4,4.0,D,26.9,D,305.1,LD,129.4,D
ARUNACHAL PRADESH,TAWANG,2026-08-30,0.0,8.0,16.1,42.4,5.6,NR,26.9,D,305.1,LD,129.4,D
ARUNACHAL PRADESH,TAWANG,2026-08-31,0.0,3.1,16.1,42.4,9.1,NR,26.9,D,305.1,LD,129.4,D
ARUNACHAL PRADESH,TAWANG,2026-09-01,0.0,0.0,16.1,42.4,8.5,NR,26.9,D,297.1,LD,0.0,NR
ARUNACHAL PRADESH,TAWANG,2026-09-02,0.0,0.0,8.0,42.4,9.1,NR,8.0,LD,305.1,LD,0.0,NR
ARUNACHAL PRADESH,TAWANG,2026-09-03,0.0,0.0,8.0,34.9,8.4,NR,8.0,LD,305.1,LD,0.0,NR
ARUNACHAL PRADESH,TAWANG,2026-09-04,2.4,2.4,5.5,37.3,8.6,LD,8.0,LD,307.5,LD,2.4,LD
ARUNACHAL PRADESH,TAWANG,2026-09-05,0.6,3.0,3.0,33.0,5.6,LD,8.0,LD,308.1,LD,3.0,LD
ARUNACHAL PRADESH,TAWANG,2026-09-06,3.9,6.9,6.9,24.3,9.2,D,3.9,D,312.0,LD,6.9,LD
ARUNACHAL PRADESH,TAWANG,2026-09-07,0.0,4.5,6.9,23.0,10.5,NR,8.0,LD,312.0,LD,6.9,LD
ARUNACHAL PRADESH,TAWANG,2026-09-08,5.3,9.2,12.2,28.3,5.8,N,5.3,N,317.3,LD,12.2,LD
ARUNACHAL PRADESH,TAWANG,2026-09-09,0.2,5.499999999999999,12.399999999999999,28.5,4.6,LD,12.5,LD,317.5,LD,12.4,LD
ARUNACHAL PRADESH,TAWANG,2026-09-10,3.7,9.2,16.1,24.099999999999998,8.7,D,12.5,LD,317.5,LD,16.1,LD
ARUNACHAL PRADESH,TAWANG,2026-09-11,1.8,5.699999999999999,15.5,25.900000000000002,5.0,LD,12.5,LD,323.0,LD,18.0,LD
ARUNACHAL PRADESH,TAWANG,2026-09-12,0.2,5.699999999999999,15.1,21.2,8.3,LD,0.2,LD,323.2,LD,18.1,LD
ARUNACHAL PRADESH,TAWANG,2026-09-13,0.0,1.9999999999999991,11.2,18.099999999999998,4.5,NR,12.5,LD,323.2,LD,18.1,LD
ARUNACHAL PRADESH,TAWANG,2026-09-14,0.0,0.19999999999999912,11.2,18.099999999999998,7.7,NR,0.0,NR,323.2,LD,18.1,LD
ARUNACHAL PRADESH,TAWANG,2026-09-15,0.0,0.0,5.9,18.099999999999998,9.2,NR,12.5,LD,317.5,LD,18.1,LD
ARUNACHAL PRADESH,TAWANG,2026-09-16,3.2,3.1999999999999993,8.9,21.299999999999997,4.4,D,3.2,D,326.4,LD,21.3,LD
ARUNACHAL PRADESH,TAWANG,2026-09-17,0.0,3.1999999999999993,5.2,21.299999999999997,7.8,NR,8.9,LD,326.4,LD,21.4,LD
ARUNACHAL PRADESH,TAWANG,2026-09-18,2.9,6.1,6.300000000000001,24.2,8.0,LD,2.9,LD,329.3,LD,24.2,LD
ARUNACHAL PRADESH,TAWANG,2026-09-19,0.0,2.899999999999999,6.1,21.8,6.4,NR,0.0,NR,329.3,LD,24.2,LD
ARUNACHAL PRADESH,TAWANG,2026-09-20,0.0,2.899999999999999,6.1,21.2,7.5,NR,0.0,NR,329.3,LD,24.2,LD
ARUNACHAL PRADESH,TAWANG,2026-09-21,4.4,4.3999999999999995,10.5,21.700000000000003,5.9,D,8.9,LD,326.4,LD,28.6,LD
ARUNACHAL PRADESH,TIRAP,2026-08-19,0.0,0.0,0.0,0.0,15.7,NR,0.0,NR,1569.5,N,285.6,N
ARUNACHAL PRADESH,TIRAP,2026-08-20,5.3,5.3,5.3,5.3,13.8,LD,65.8,D,1574.8,N,290.9,N
ARUNACHAL PRADESH,TIRAP,2026-08-21,0.5,5.8,5.8,5.8,15.9,LD,65.8,D,1569.5,N,291.4,N
ARUNACHAL PRADESH,TIRAP,2026-08-22,6.2,12.0,12.0,12.0,16.3,LD,65.8,D,1581.5,N,297.6,N
ARUNACHAL PRADESH,TIRAP,2026-08-23,4.0,10.7,16.0,16.0,15.4,LD,4.0,LD,1585.5,N,301.6,N
ARUNACHAL PRADESH,TIRAP,2026-08-24,20.0,30.2,36.0,36.0,18.6,N,65.8,D,1605.5,N,321.6,N
ARUNACHAL PRADESH,TIRAP,2026-08-25,3.5,27.5,39.5,39.5,14.6,LD,65.8,D,1569.5,N,325.1,N
ARUNACHAL PRADESH,TIRAP,2026-08-26,0.0,23.5,39.5,39.5,12.1,NR,39.5,LD,1609.0,N,325.0,N
ARUNACHAL PRADESH,TIRAP,2026-08-27,0.0,3.5,34.2,39.5,17.2,NR,0.0,NR,1609.0,N,325.1,N
ARUNACHAL PRADESH,TIRAP,2026-08-28,15.0,15.0,48.7,54.5,16.6,N,15.0,N,1624.0,N,340.0,N
ARUNACHAL PRADESH,TIRAP,2026-08-29,0.0,15.0,42.5,54.5,13.7,NR,39.5,LD,1624.0,N,340.1,N
ARUNACHAL PRADESH,TIRAP,2026-08-30,0.0,15.0,38.5,54.5,17.0,NR,39.5,LD,1624.0,N,340.1,D
ARUNACHAL PRADESH,TIRAP,2026-08-31,5.5,5.5,24.0,60.0,10.5,D,39.5,LD,1629.5,N,345.5,D
ARUNACHAL PRADESH,TIRAP,2026-09-01,5.5,11.0,26.0,65.5,10.9,D,39.5,LD,1609.0,N,5.5,D
ARUNACHAL PRADESH,TIRAP,2026-09-02,7.5,18.5,33.5,73.0,11.7,D,33.5,LD,1642.5,N,13.0,D
ARUNACHAL PRADESH,TIRAP,2026-09-03,0.0,13.0,33.5,73.0,9.2,NR,33.5,LD,1642.5,N,13.0,LD
ARUNACHAL PRADESH,TIRAP,2026-09-04,21.0,28.5,39.5,88.7,16.1,E,33.5,LD,1663.5,N,34.0,D
ARUNACHAL PRADESH,TIRAP,2026-09-05,0.0,21.0,39.5,88.2,18.2,NR,33.5,LD,1663.5,N,34.0,D
ARUNACHAL PRADESH,TIRAP,2026-09-06,2.5,23.5,42.0,84.5,12.5,LD,2.5,LD,1666.0,N,36.5,D
ARUNACHAL PRADESH,TIRAP,2026-09-07,10.1,12.6,46.6,90.6,10.1,N,33.5,LD,1676.0,N,46.6,D
ARUNACHAL PRADESH,TIRAP,2026-09-08,6.0,18.6,47.1,76.6,10.0,D,6.0,D,1682.0,N,52.6,D
ARUNACHAL PRADESH,TIRAP,2026-09-09,47.0,63.1,86.6,120.1,12.2,LE,86.6,N,1729.0,N,99.5,N
ARUNACHAL PRADESH,TIRAP,2026-09-10,0.0,53.0,86.6,120.1,12.3,NR,86.6,N,1729.0,N,99.6,D
ARUNACHAL PRADESH,TIRAP,2026-09-11,0.0,47.0,65.6,120.1,12.1,NR,86.6,N,1729.0,N,99.5,D
ARUNACHAL PRADESH,TIRAP,2026-09-12,0.0,0.0,65.6,105.1,19.8,NR,0.0,NR,1729.0,N,99.5,D
ARUNACHAL PRADESH,TIRAP,2026-09-13,10.5,10.5,73.6,115.6,19.6,D,86.6,N,1739.5,N,110.0,D
ARUNACHAL PRADESH,TIRAP,2026-09-14,47.5,58.0,111.0,163.1,10.7,LE,47.5,LE,1787.0,N,157.5,N
ARUNACHAL PRADESH,TIRAP,2026-09-15,23.0,81.0,128.0,180.6,16.3,E,86.6,N,1729.0,N,180.6,N
ARUNACHAL PRADESH,TIRAP,2026-09-16,0.5,71.0,81.5,175.6,10.0,LD,0.5,LD,1810.5,N,181.1,N
ARUNACHAL PRADESH,TIRAP,2026-09-17,19.0,42.5,100.5,187.1,11.8,LE,81.5,D,1829.5,N,200.0,N
ARUNACHAL PRADESH,TIRAP,2026-09-18,11.5,31.0,112.0,198.6,8.5,E,11.5,E,1841.0,N,211.6,N
ARUNACHAL PRADESH,TIRAP,2026-09-19,0.0,30.5,112.0,177.6,8.7,NR,0.0,NR,1841.0,N,211.5,N
ARUNACHAL PRADESH,TIRAP,2026-09-20,0.0,11.5,101.5,177.6,9.9,NR,0.0,NR,1841.0,N,211.6,N
ARUNACHAL PRADESH,TIRAP,2026-09-21,22.5,22.5,76.5,197.6,8.8,LE,81.5,D,1810.5,N,234.0,N
ARUNACHAL PRADESH,UPPER SIANG,2026-08-19,0.2,0.2,0.2,0.2,10.8,LD,0.2,LD,878.8,D,131.7,N
ARUNACHAL PRADESH,UPPER SIANG,2026-08-20,17.0,17.2,17.2,17.2,14.2,E,40.8,D,895.8,D,148.7,N
ARUNACHAL PRADESH,UPPER SIANG,2026-08-21,0.1,17.3,17.3,17.3,14.9,LD,40.8,D,878.8,D,148.8,D
ARUNACHAL PRADESH,UPPER SIANG,2026-08-22,24.7,41.8,42.0,42.0,28.3,N,40.8,D,920.6,D,173.5,D
ARUNACHAL PRADESH,UPPER SIANG,2026-08-23,3.5,28.3,45.5,45.5,24.6,LD,3.5,LD,924.1,D,177.0,D
ARUNACHAL PRADESH,UPPER SIANG,2026-08-24,5.7,33.9,51.2,51.2,12.6,D,40.8,D,929.8,D,182.7,D
ARUNACHAL PRADESH,UPPER SIANG,2026-08-25,0.0,9.2,51.2,51.2,13.1,ND,40.8,D,878.8,D,182.7,D
ARUNACHAL PRADESH,UPPER SIANG,2026-08-26,0.0,5.7,51.0,51.2,6.5,NR,51.0,D,929.8,D,182.7,D
ARUNACHAL PRADESH,UPPER SIANG,2026-08-27,0.0,0.0,34.0,51.2,6.7,NR,0.0,NR,929.8,D,182.7,D
ARUNACHAL PRADESH,UPPER SIANG,2026-08-28,7.0,7.0,40.900000000000006,58.2,12.9,D,7.0,D,936.8,D,189.7,D
ARUNACHAL PRADESH,UPPER SIANG,2026-08-29,1.1,8.1,17.3,59.3,11.3,LD,51.0,D,937.9,D,190.8,D
ARUNACHAL PRADESH,UPPER SIANG,2026-08-30,5.8,13.9,19.6,65.1,7.4,D,51.0,D,943.7,D,196.6,D
ARUNACHAL PRADESH,UPPER SIANG,2026-08-31,5.1,12.0,19.0,70.2,12.4,LD,51.0,D,948.8,D,201.6,D
ARUNACHAL PRADESH,UPPER SIANG,2026-09-01,22.3,33.2,41.3,92.5,18.1,E,51.0,D,929.8,D,22.3,E
ARUNACHAL PRADESH,UPPER SIANG,2026-09-02,0.0,27.4,41.3,92.5,12.1,NR,41.3,D,971.1,D,22.3,D
ARUNACHAL PRADESH,UPPER SIANG,2026-09-03,0.0,22.299999999999997,41.3,92.3,18.8,NR,41.3,D,971.1,D,22.3,D
ARUNACHAL PRADESH,UPPER SIANG,2026-09-04,0.6,0.6,34.9,75.89999999999999,15.0,LD,41.3,D,971.7,D,22.9,LD
ARUNACHAL PRADESH,UPPER SIANG,2026-09-05,5.5,6.1,39.3,81.3,20.1,LD,41.3,D,977.2,D,28.4,LD
ARUNACHAL PRADESH,UPPER SIANG,2026-09-06,2.4,8.5,35.9,59.0,19.3,LD,2.4,LD,979.6,D,30.8,LD
ARUNACHAL PRADESH,UPPER SIANG,2026-09-07,2.4,10.3,33.2,57.9,10.1,LD,41.3,D,982.0,D,33.2,LD
ARUNACHAL PRADESH,UPPER SIANG,2026-09-08,0.4,5.2,11.299999999999999,52.599999999999994,16.1,LD,0.4,LD,982.4,D,33.6,LD
ARUNACHAL PRADESH,UPPER SIANG,2026-09-09,43.1,45.9,54.4,95.69999999999999,19.4,LE,54.4,D,1025.5,D,76.7,D
ARUNACHAL PRADESH,UPPER SIANG,2026-09-10,0.0,43.5,54.4,95.69999999999999,19.6,NR,54.4,D,1025.5,D,76.7,D
ARUNACHAL PRADESH,UPPER SIANG,2026-09-11,0.2,43.300000000000004,54.0,95.89999999999999,19.7,LD,54.4,D,1025.7,D,76.9,LD
ARUNACHAL PRADESH,UPPER SIANG,2026-09-12,10.5,10.7,59.0,99.39999999999999,14.5,D,10.5,D,1036.2,D,87.4,D
ARUNACHAL PRADESH,UPPER SIANG,2026-09-13,7.4,18.1,64.0,105.7,9.0,N,54.4,D,1043.6,D,94.8,D
ARUNACHAL PRADESH,UPPER SIANG,2026-09-14,16.1,34.0,77.7,116.0,14.2,N,16.1,N,1059.7,D,110.9,D
ARUNACHAL PRADESH,UPPER SIANG,2026-09-15,5.0,28.500000000000004,82.3,115.9,21.2,LD,54.4,D,1025.5,D,115.9,D
ARUNACHAL PRADESH,UPPER SIANG,2026-09-16,26.8,47.900000000000006,66.0,120.4,17.7,E,26.8,E,1091.5,D,142.7,D
ARUNACHAL PRADESH,UPPER SIANG,2026-09-17,66.2,98.0,132.2,186.60000000000002,17.6,LE,66.0,D,1157.7,D,208.9,D
ARUNACHAL PRADESH,UPPER SIANG,2026-09-18,32.0,125.00000000000001,164.0,218.60000000000002,13.5,LE,32.0,LE,1189.7,D,240.9,N
ARUNACHAL PRADESH,UPPER SIANG,2026-09-19,0.5,98.70000000000002,154.0,218.5,8.2,LD,0.5,LD,1190.2,D,241.4,D
ARUNACHAL PRADESH,UPPER SIANG,2026-09-20,0.8,33.30000000000001,147.4,213.8,9.0,LD,0.8,LD,1191.0,D,242.2,D
ARUNACHAL PRADESH,UPPER SIANG,2026-09-21,4.9,6.200000000000014,136.20000000000002,216.3,16.8,LD,66.0,D,1091.5,D,247.1,D
ARUNACHAL PRADESH,UPPER SUBANSIRI,2026-08-19,0.0,0.0,0.0,0.0,7.5,NR,0.0,NR,269.1,LD,52.5,D
ARUNACHAL PRADESH,UPPER SUBANSIRI,2026-08-20,4.6,4.6,4.6,4.6,6.0,D,0.0,NR,273.7,LD,57.1,D
ARUNACHAL PRADESH,UPPER SUBANSIRI,2026-08-21,1.2,5.8,5.8,5.8,5.9,LD,0.0,NR,269.1,LD,58.3,D
ARUNACHAL PRADESH,UPPER SUBANSIRI,2026-08-22,0.0,5.8,5.8,5.8,9.3,NR,0.0,NR,274.9,LD,58.3,D
ARUNACHAL PRADESH,UPPER SUBANSIRI,2026-08-23,0.0,1.2,5.8,5.8,7.9,NR,0.0,NR,274.9,LD,58.3,LD
ARUNACHAL PRADESH,UPPER SUBANSIRI,2026-08-24,0.0,0.0,5.8,5.8,8.2,ND,0.0,NR,274.9,LD,58.3,LD
ARUNACHAL PRADESH,UPPER SUBANSIRI,2026-08-25,0.0,0.0,5.8,5.8,11.0,ND,0.0,NR,269.1,LD,58.3,LD
ARUNACHAL PRADESH,UPPER SUBANSIRI,2026-08-26,2.2,2.2,8.0,8.0,6.9,LD,8.0,LD,277.1,LD,60.5,LD
ARUNACHAL PRADESH,UPPER SUBANSIRI,2026-08-27,0.0,2.2,3.4000000000000004,8.0,8.6,ND,0.0,ND,277.1,LD,60.5,LD
ARUNACHAL PRADESH,UPPER SUBANSIRI,2026-08-28,0.2,2.4000000000000004,2.4000000000000004,8.2,4.1,LD,0.2,LD,277.3,LD,60.7,LD
ARUNACHAL PRADESH,UPPER SUBANSIRI,2026-08-29,0.0,0.2,2.4000000000000004,8.2,8.1,NR,8.0,LD,277.3,LD,60.7,LD
ARUNACHAL PRADESH,UPPER SUBANSIRI,2026-08-30,0.0,0.2,2.4000000000000004,8.2,5.1,NR,8.0,LD,277.3,LD,60.7,LD
ARUNACHAL PRADESH,UPPER SUBANSIRI,2026-08-31,11.2,11.2,13.6,19.4,4.1,LE,8.0,LD,288.5,LD,71.9,LD
ARUNACHAL PRADESH,UPPER SUBANSIRI,2026-09-01,20.2,31.4,33.8,39.599999999999994,6.4,LE,8.0,LD,277.1,LD,20.2,LE
ARUNACHAL PRADESH,UPPER SUBANSIRI,2026-09-02,0.0,31.4,31.6,39.599999999999994,6.3,NR,31.6,D,308.7,LD,20.2,LE
ARUNACHAL PRADESH,UPPER SUBANSIRI,2026-09-03,0.0,20.2,31.6,39.599999999999994,7.9,NR,31.6,D,308.7,LD,20.2,N
ARUNACHAL PRADESH,UPPER SUBANSIRI,2026-09-04,12.4,12.4,43.800000000000004,47.4,10.3,E,31.6,D,321.1,D,32.6,N
ARUNACHAL PRADESH,UPPER SUBANSIRI,2026-09-05,0.0,12.4,43.800000000000004,46.2,6.0,NR,31.6,D,321.1,LD,32.6,N
ARUNACHAL PRADESH,UPPER SUBANSIRI,2026-09-06,0.0,12.4,43.800000000000004,46.2,8.1,NR,0.0,NR,321.1,LD,32.6,D
ARUNACHAL PRADESH,UPPER SUBANSIRI,2026-09-07,0.0,0.0,32.6,46.2,4.3,NR,31.6,D,321.1,LD,32.6,D
ARUNACHAL PRADESH,UPPER SUBANSIRI,2026-09-08,0.0,0.0,12.400000000000004,46.2,5.3,NR,0.0,NR,321.1,LD,32.6,D
ARUNACHAL PRADESH,UPPER SUBANSIRI,2026-09-09,0.0,0.0,12.400000000000004,46.2,4.0,NR,12.4,LD,321.1,LD,32.6,D
ARUNACHAL PRADESH,UPPER SUBANSIRI,2026-09-10,0.0,0.0,12.400000000000004,44.0,6.2,NR,12.4,LD,321.1,LD,32.6,D
ARUNACHAL PRADESH,UPPER SUBANSIRI,2026-09-11,0.0,0.0,0.0,44.0,12.0,NR,12.4,LD,321.1,LD,32.6,D
ARUNACHAL PRADESH,UPPER SUBANSIRI,2026-09-12,0.6,0.6,0.6000000000000035,44.4,7.2,LD,0.6,LD,321.7,LD,33.2,LD
ARUNACHAL PRADESH,UPPER SUBANSIRI,2026-09-13,0.0,0.6,0.6000000000000035,44.4,5.3,NR,12.4,LD,321.7,LD,33.2,LD
ARUNACHAL PRADESH,UPPER SUBANSIRI,2026-09-14,0.0,0.6,0.6000000000000035,44.4,4.5,NR,0.0,NR,321.7,LD,33.2,LD
ARUNACHAL PRADESH,UPPER SUBANSIRI,2026-09-15,0.6,0.6,1.2000000000000035,33.8,6.5,LD,12.4,LD,321.1,LD,33.7,LD
ARUNACHAL PRADESH,UPPER SUBANSIRI,2026-09-16,2.7,3.3000000000000003,3.900000000000004,16.3,13.2,LD,2.7,LD,325.0,LD,36.5,LD
ARUNACHAL PRADESH,UPPER SUBANSIRI,2026-09-17,6.4,9.700000000000001,10.300000000000004,22.700000000000003,6.7,N,3.9,LD,331.4,LD,42.8,LD
ARUNACHAL PRADESH,UPPER SUBANSIRI,2026-09-18,15.6,24.700000000000003,25.900000000000006,38.3,10.4,E,15.6,E,347.0,LD,58.4,D
ARUNACHAL PRADESH,UPPER SUBANSIRI,2026-09-19,0.3,22.3,25.6,26.200000000000003,6.8,LD,0.3,LD,347.3,LD,58.8,D
ARUNACHAL PRADESH,UPPER SUBANSIRI,2026-09-20,0.0,15.9,25.6,26.200000000000003,7.8,NR,0.0,NR,347.3,LD,58.8,LD
ARUNACHAL PRADESH,UPPER SUBANSIRI,2026-09-21,0.0,0.3,25.6,26.200000000000003,12.0,NR,3.9,LD,325.0,LD,58.8,LD
ARUNACHAL PRADESH,WEST KAMENG,2026-08-19,6.4,6.4,6.4,6.4,14.4,D,6.4,D,367.4,LD,100.8,LD
ARUNACHAL PRADESH,WEST KAMENG,2026-08-20,5.3,11.7,11.7,11.7,16.6,LD,21.5,LD,372.8,LD,106.1,LD
ARUNACHAL PRADESH,WEST KAMENG,2026-08-21,6.9,18.6,18.6,18.6,16.4,D,21.5,LD,367.4,LD,113.0,LD
ARUNACHAL PRADESH,WEST KAMENG,2026-08-22,0.9,13.1,19.5,19.5,12.8,LD,21.5,LD,380.5,LD,113.9,LD
ARUNACHAL PRADESH,WEST KAMENG,2026-08-23,0.7,8.5,20.2,20.2,12.1,LD,0.7,LD,381.2,LD,114.6,LD
ARUNACHAL PRADESH,WEST KAMENG,2026-08-24,1.1,2.7,21.3,21.3,13.9,LD,21.5,LD,382.4,LD,115.8,LD
ARUNACHAL PRADESH,WEST KAMENG,2026-08-25,0.8,2.6000000000000005,22.1,22.1,16.1,LD,21.5,LD,367.4,LD,116.5,LD
ARUNACHAL PRADESH,WEST KAMENG,2026-08-26,15.4,17.3,31.1,37.5,9.9,E,31.1,LD,398.5,LD,131.9,LD
ARUNACHAL PRADESH,WEST KAMENG,2026-08-27,0.9,17.099999999999998,26.7,38.4,11.1,LD,0.9,LD,399.3,LD,132.7,LD
ARUNACHAL PRADESH,WEST KAMENG,2026-08-28,4.0,20.300000000000004,23.800000000000004,42.400000000000006,10.8,LD,4.0,LD,403.3,LD,136.7,LD
ARUNACHAL PRADESH,WEST KAMENG,2026-08-29,15.4,20.3,38.3,57.800000000000004,10.1,E,31.1,LD,418.7,LD,152.1,LD
ARUNACHAL PRADESH,WEST KAMENG,2026-08-30,0.9,20.3,38.50000000000001,58.7,13.6,LD,31.1,LD,419.6,LD,153.0,LD
ARUNACHAL PRADESH,WEST KAMENG,2026-08-31,10.4,26.7,47.800000000000004,69.10000000000001,12.3,N,31.1,LD,430.0,LD,163.4,LD
ARUNACHAL PRADESH,WEST KAMENG,2026-09-01,16.9,28.2,63.9,86.0,10.7,E,31.1,LD,398.5,LD,16.9,E
ARUNACHAL PRADESH,WEST KAMENG,2026-09-02,7.5,34.8,56.0,93.5,10.6,D,56.1,D,454.5,LD,24.5,N
ARUNACHAL PRADESH,WEST KAMENG,2026-09-03,18.4,42.8,73.5,105.5,13.3,E,56.1,D,454.5,LD,42.9,E
ARUNACHAL PRADESH,WEST KAMENG,2026-09-04,0.8,26.7,70.3,101.0,9.6,LD,56.1,D,473.8,LD,43.7,N
ARUNACHAL PRADESH,WEST KAMENG,2026-09-05,0.3,19.5,55.199999999999996,94.4,12.2,LD,56.1,D,474.1,LD,44.0,D
ARUNACHAL PRADESH,WEST KAMENG,2026-09-06,9.2,10.299999999999999,63.49999999999999,102.7,13.5,D,9.2,D,483.3,LD,53.2,D
ARUNACHAL PRADESH,WEST KAMENG,2026-09-07,0.5,9.999999999999998,53.599999999999994,102.5,13.6,LD,56.1,D,483.8,LD,53.8,D
ARUNACHAL PRADESH,WEST KAMENG,2026-09-08,0.8,10.5,37.5,102.2,6.0,LD,0.8,LD,484.6,LD,54.6,D
ARUNACHAL PRADESH,WEST KAMENG,2026-09-09,0.2,1.5,30.2,101.60000000000001,6.9,LD,30.3,LD,484.9,LD,54.8,D
ARUNACHAL PRADESH,WEST KAMENG,2026-09-10,0.5,1.5,12.299999999999999,86.7,8.4,LD,30.3,LD,484.9,LD,55.3,D
ARUNACHAL PRADESH,WEST KAMENG,2026-09-11,0.4,1.1,11.899999999999999,86.19999999999999,12.0,LD,30.3,LD,485.8,LD,55.7,D
ARUNACHAL PRADESH,WEST KAMENG,2026-09-12,3.0,3.9000000000000004,14.6,85.19999999999999,11.6,LD,3.0,LD,488.8,LD,58.7,D
ARUNACHAL PRADESH,WEST KAMENG,2026-09-13,11.6,15.0,17.0,81.4,13.0,N,30.3,LD,500.4,LD,70.4,D
ARUNACHAL PRADESH,WEST KAMENG,2026-09-14,2.0,16.6,18.5,82.5,12.8,LD,2.0,LD,502.4,LD,72.4,D
ARUNACHAL PRADESH,WEST KAMENG,2026-09-15,0.1,13.7,17.8,72.19999999999999,13.6,LD,30.3,LD,484.9,LD,72.5,D
ARUNACHAL PRADESH,WEST KAMENG,2026-09-16,0.2,2.3,17.8,55.5,10.0,LD,0.2,LD,502.8,LD,72.8,LD
ARUNACHAL PRADESH,WEST KAMENG,2026-09-17,11.9,12.2,29.200000000000003,59.9,16.4,D,17.9,LD,514.7,LD,84.7,D
ARUNACHAL PRADESH,WEST KAMENG,2026-09-18,5.5,17.6,34.300000000000004,47.0,11.9,D,5.5,D,520.3,LD,90.2,D
ARUNACHAL PRADESH,WEST KAMENG,2026-09-19,0.6,18.000000000000004,31.900000000000002,46.800000000000004,9.1,LD,0.6,LD,520.9,LD,90.8,D
ARUNACHAL PRADESH,WEST KAMENG,2026-09-20,0.1,6.2,20.400000000000002,46.6,8.7,LD,0.1,LD,521.0,LD,91.0,LD
ARUNACHAL PRADESH,WEST KAMENG,2026-09-21,0.0,0.7,18.400000000000002,37.400000000000006,9.9,NR,17.9,LD,502.8,LD,91.0,LD
ARUNACHAL PRADESH,WEST SIANG,2026-08-19,0.0,0.0,0.0,0.0,16.0,NR,0.0,NR,521.3,LD,140.2,D
ARUNACHAL PRADESH,WEST SIANG,2026-08-20,0.0,0.0,0.0,0.0,16.6,NR,36.8,LD,521.3,LD,140.2,D
ARUNACHAL PRADESH,WEST SIANG,2026-08-21,0.0,0.0,0.0,0.0,10.4,NR,36.8,LD,521.3,LD,140.2,D
ARUNACHAL PRADESH,WEST SIANG,2026-08-22,0.0,0.0,0.0,0.0,27.8,NR,36.8,LD,521.3,LD,140.2,D
ARUNACHAL PRADESH,WEST SIANG,2026-08-23,0.0,0.0,0.0,0.0,13.4,NR,0.0,NR,521.3,LD,140.2,D
ARUNACHAL PRADESH,WEST SIANG,2026-08-24,0.0,0.0,0.0,0.0,18.1,NR,36.8,LD,521.3,LD,140.2,D
ARUNACHAL PRADESH,WEST SIANG,2026-08-25,21.2,21.2,21.2,21.2,12.2,LE,36.8,LD,521.3,LD,161.5,D
ARUNACHAL PRADESH,WEST SIANG,2026-08-26,4.2,25.4,25.4,25.4,9.1,D,25.5,LD,546.8,LD,165.7,D
ARUNACHAL PRADESH,WEST SIANG,2026-08-27,1.5,26.9,26.9,26.9,10.9,LD,1.5,LD,548.3,LD,167.2,D
ARUNACHAL PRADESH,WEST SIANG,2026-08-28,0.0,5.7,26.9,26.9,8.5,NR,0.0,NR,548.3,LD,167.2,D
ARUNACHAL PRADESH,WEST SIANG,2026-08-29,0.0,1.5,26.9,26.9,10.1,NR,25.5,LD,548.3,LD,167.2,D
ARUNACHAL PRADESH,WEST SIANG,2026-08-30,0.0,0.0,26.9,26.9,16.0,NR,25.5,LD,548.3,LD,167.2,D
ARUNACHAL PRADESH,WEST SIANG,2026-08-31,7.5,7.5,34.4,34.4,11.8,D,25.5,LD,555.8,LD,174.7,D
ARUNACHAL PRADESH,WEST SIANG,2026-09-01,14.7,22.2,27.9,49.099999999999994,11.4,E,25.5,LD,546.8,LD,14.7,E
ARUNACHAL PRADESH,WEST SIANG,2026-09-02,1.9,24.099999999999998,25.599999999999998,51.0,11.7,LD,25.5,LD,572.3,LD,16.6,D
ARUNACHAL PRADESH,WEST SIANG,2026-09-03,0.0,16.599999999999998,24.099999999999998,51.0,13.7,NR,25.5,LD,572.3,LD,16.6,D
ARUNACHAL PRADESH,WEST SIANG,2026-09-04,0.0,1.9,24.099999999999998,51.0,12.7,NR,25.5,LD,572.3,LD,16.6,LD
ARUNACHAL PRADESH,WEST SIANG,2026-09-05,0.2,0.2,24.3,51.199999999999996,11.3,LD,25.5,LD,572.5,LD,16.7,LD
ARUNACHAL PRADESH,WEST SIANG,2026-09-06,0.0,0.2,24.3,51.199999999999996,21.0,NR,0.0,NR,572.5,LD,16.7,LD
ARUNACHAL PRADESH,WEST SIANG,2026-09-07,0.0,0.2,16.8,51.199999999999996,7.5,NR,25.5,LD,572.5,LD,16.7,LD
ARUNACHAL PRADESH,WEST SIANG,2026-09-08,0.0,0.0,2.1,51.199999999999996,11.1,NR,0.0,NR,572.5,LD,16.7,LD
ARUNACHAL PRADESH,WEST SIANG,2026-09-09,0.0,0.0,0.2,30.0,11.8,NR,0.2,LD,572.5,LD,16.7,LD
ARUNACHAL PRADESH,WEST SIANG,2026-09-10,0.0,0.0,0.2,25.8,14.7,NR,0.2,LD,572.5,LD,16.7,LD
ARUNACHAL PRADESH,WEST SIANG,2026-09-11,0.0,0.0,0.2,24.3,15.0,NR,0.2,LD,572.5,LD,16.7,LD
ARUNACHAL PRADESH,WEST SIANG,2026-09-12,0.0,0.0,0.0,24.3,10.7,NR,0.0,NR,572.5,LD,16.7,LD
ARUNACHAL PRADESH,WEST SIANG,2026-09-13,2.3,2.3,2.3,26.599999999999998,23.0,LD,0.2,LD,574.8,LD,19.1,LD
ARUNACHAL PRADESH,WEST SIANG,2026-09-14,0.0,2.3,2.3,26.599999999999998,22.5,NR,0.0,NR,574.8,LD,19.1,LD
ARUNACHAL PRADESH,WEST SIANG,2026-09-15,2.1,4.4,4.4,21.2,19.5,LD,0.2,LD,572.5,LD,21.2,LD
ARUNACHAL PRADESH,WEST SIANG,2026-09-16,10.6,12.7,15.0,17.1,22.0,D,10.6,D,587.5,LD,31.8,LD
ARUNACHAL PRADESH,WEST SIANG,2026-09-17,21.9,34.599999999999994,36.9,37.1,12.5,LE,15.0,LD,609.4,LD,53.6,LD
ARUNACHAL PRADESH,WEST SIANG,2026-09-18,3.9,36.4,40.8,41.0,12.0,LD,3.9,LD,613.3,LD,57.5,LD
ARUNACHAL PRADESH,WEST SIANG,2026-09-19,0.0,25.799999999999997,40.8,41.0,11.9,NR,0.0,NR,613.3,LD,57.5,LD
ARUNACHAL PRADESH,WEST SIANG,2026-09-20,0.0,3.9,38.5,40.8,13.2,NR,0.0,NR,613.3,LD,57.5,LD
ARUNACHAL PRADESH,WEST SIANG,2026-09-21,0.0,0.0,38.5,40.8,21.1,NR,15.0,LD,587.5,LD,57.5,LD
ASSAM,BAJALI,2026-08-19,1.1,1.1,1.1,1.1,8.9,LD,1.1,LD,933.8,N,115.5,D
ASSAM,BAJALI,2026-08-20,3.2,4.300000000000001,4.300000000000001,4.300000000000001,8.9,LD,3.2,LD,937.0,N,118.7,D
ASSAM,BAJALI,2026-08-21,48.7,53.0,53.0,53.0,11.8,LE,48.7,LE,985.7,N,167.5,N
ASSAM,BAJALI,2026-08-22,0.0,51.9,53.0,53.0,10.3,NR,0.0,NR,985.7,N,167.5,N
ASSAM,BAJALI,2026-08-23,0.0,48.7,53.0,53.0,7.6,NR,0.0,NR,985.7,N,167.5,N
ASSAM,BAJALI,2026-08-24,6.5,6.5,59.5,59.5,9.7,D,6.5,D,992.2,N,174.0,N
ASSAM,BAJALI,2026-08-25,1.0,7.5,60.5,60.5,13.5,LD,1.0,LD,993.2,N,175.0,D
ASSAM,BAJALI,2026-08-26,0.0,7.5,59.4,60.5,13.1,NR,0.0,NR,993.2,N,175.0,D
ASSAM,BAJALI,2026-08-27,0.0,1.0,56.2,60.5,7.8,NR,0.0,NR,993.2,N,175.0,D
ASSAM,BAJALI,2026-08-28,5.8,5.8,13.3,66.3,9.1,D,5.8,D,999.0,N,180.7,D
ASSAM,BAJALI,2026-08-29,0.0,5.8,13.3,66.3,6.2,NR,0.0,NR,999.0,D,180.7,D
ASSAM,BAJALI,2026-08-30,0.0,5.8,13.3,66.3,10.7,NR,0.0,NR,999.0,D,180.7,D
ASSAM,BAJALI,2026-08-31,42.2,42.2,49.0,108.5,10.1,LE,42.2,LE,1041.2,N,223.0,D
ASSAM,BAJALI,2026-09-01,14.9,57.1,62.9,123.4,6.7,LE,14.9,LE,1056.2,N,14.9,LE
ASSAM,BAJALI,2026-09-02,23.7,80.80000000000001,86.6,147.1,4.5,LE,23.7,LE,1079.8,N,38.6,LE
ASSAM,BAJALI,2026-09-03,0.0,38.6,86.6,146.0,8.8,NR,0.0,NR,1079.8,N,38.6,LE
ASSAM,BAJALI,2026-09-04,13.5,37.2,94.30000000000001,156.29999999999998,11.3,E,13.5,E,1093.3,N,52.1,LE
ASSAM,BAJALI,2026-09-05,5.8,19.3,100.10000000000001,113.4,10.1,D,5.8,D,1099.2,N,57.9,E
ASSAM,BAJALI,2026-09-06,5.0,24.3,105.10000000000001,118.4,14.6,LD,5.0,LD,1104.1,N,62.9,N
ASSAM,BAJALI,2026-09-07,0.0,10.8,62.9,118.4,8.1,NR,0.0,NR,1104.1,N,62.9,N
ASSAM,BAJALI,2026-09-08,0.0,5.0,48.0,111.9,8.9,NR,0.0,NR,1104.1,N,62.9,N
ASSAM,BAJALI,2026-09-09,0.0,0.0,24.3,110.9,7.7,NR,0.0,NR,1104.1,N,62.9,D
ASSAM,BAJALI,2026-09-10,0.5,0.5,24.8,111.4,12.4,LD,0.5,LD,1104.6,N,63.4,D
ASSAM,BAJALI,2026-09-11,0.4,0.9,11.7,111.8,9.5,LD,0.4,LD,1105.0,N,63.8,D
ASSAM,BAJALI,2026-09-12,10.9,11.8,16.8,116.9,11.4,N,10.9,N,1115.9,N,74.7,D
ASSAM,BAJALI,2026-09-13,0.4,11.700000000000001,12.2,117.3,9.3,LD,0.4,LD,1116.3,D,75.1,D
ASSAM,BAJALI,2026-09-14,5.1,16.4,17.299999999999997,122.4,6.8,D,5.1,D,1121.5,D,80.2,D
ASSAM,BAJALI,2026-09-15,0.0,5.5,17.299999999999997,80.2,15.4,NR,0.0,NR,1121.5,D,80.2,D
ASSAM,BAJALI,2026-09-16,0.0,5.1,17.299999999999997,65.3,13.8,NR,0.0,NR,1121.5,D,80.2,D
ASSAM,BAJALI,2026-09-17,5.7,5.7,22.5,47.3,11.8,D,5.7,D,1127.1,D,85.9,D
ASSAM,BAJALI,2026-09-18,2.2,7.9,24.3,49.5,10.8,LD,2.2,LD,1129.4,D,88.2,D
ASSAM,BAJALI,2026-09-19,1.2,9.1,14.599999999999998,37.2,6.7,LD,1.2,LD,1130.6,D,89.4,D
ASSAM,BAJALI,2026-09-20,0.0,3.4000000000000004,14.199999999999998,31.4,6.7,NR,0.0,NR,1130.6,D,89.4,D
ASSAM,BAJALI,2026-09-21,5.1,6.3,14.2,31.5,8.0,D,0.0,NR,1130.6,D,94.5,D
ASSAM,BAKSA,2026-08-19,0.6,0.6,0.6,0.6,8.3,LD,0.6,LD,1076.1,D,140.4,D
ASSAM,BAKSA,2026-08-20,0.0,0.6,0.6,0.6,14.3,NR,32.5,D,1076.1,D,140.4,D
ASSAM,BAKSA,2026-08-21,10.8,11.4,11.4,11.4,15.3,D,32.5,D,933.8,N,151.3,D
ASSAM,BAKSA,2026-08-22,0.1,10.9,11.5,11.5,15.0,LD,32.5,D,1087.0,D,151.3,D
ASSAM,BAKSA,2026-08-23,3.0,13.9,14.5,14.5,15.9,LD,3.0,LD,1090.0,D,154.3,D
ASSAM,BAKSA,2026-08-24,4.9,8.0,19.4,19.4,17.5,LD,32.5,D,1094.9,D,159.3,D
ASSAM,BAKSA,2026-08-25,0.2,8.1,19.6,19.6,20.0,LD,32.5,D,933.8,N,159.5,D
ASSAM,BAKSA,2026-08-26,0.0,5.1000000000000005,19.0,19.6,13.5,NR,59.5,D,1095.1,D,159.5,D
ASSAM,BAKSA,2026-08-27,0.0,0.2,19.0,19.6,9.8,NR,0.0,NR,1095.1,D,159.5,D
ASSAM,BAKSA,2026-08-28,6.9,6.9,15.100000000000001,26.5,11.1,D,6.9,D,1102.0,D,166.3,D
ASSAM,BAKSA,2026-08-29,0.0,6.9,15.0,26.5,6.6,NR,59.5,D,1102.0,D,166.3,D
ASSAM,BAKSA,2026-08-30,0.0,6.9,12.0,26.5,10.1,NR,59.5,D,1102.0,D,166.4,D
ASSAM,BAKSA,2026-08-31,39.2,39.2,46.300000000000004,65.7,18.1,LE,59.5,D,1141.2,D,205.6,D
ASSAM,BAKSA,2026-09-01,5.5,44.7,51.6,71.2,8.4,D,59.5,D,993.2,N,5.5,D
ASSAM,BAKSA,2026-09-02,3.2,47.900000000000006,54.800000000000004,74.4,7.2,D,86.6,E,1150.0,D,8.8,D
ASSAM,BAKSA,2026-09-03,0.0,8.7,54.800000000000004,73.80000000000001,9.8,NR,86.6,E,1079.8,N,8.8,LD
ASSAM,BAKSA,2026-09-04,4.1,7.3,52.0,77.9,11.9,LD,86.6,E,1154.1,D,12.9,LD
ASSAM,BAKSA,2026-09-05,1.1,5.199999999999999,53.1,68.2,16.2,LD,86.6,E,1155.2,D,14.0,LD
ASSAM,BAKSA,2026-09-06,0.0,5.199999999999999,53.1,68.10000000000001,20.8,NR,0.0,NR,1155.2,D,14.0,LD
ASSAM,BAKSA,2026-09-07,0.0,1.1,13.9,65.10000000000001,16.0,NR,86.6,E,1155.2,D,14.0,LD
ASSAM,BAKSA,2026-09-08,0.3,0.3,8.7,60.50000000000001,18.2,LD,0.3,LD,1155.6,D,14.3,LD
ASSAM,BAKSA,2026-09-09,0.0,0.3,5.5,60.300000000000004,10.4,NR,24.3,LD,1155.6,D,14.3,LD
ASSAM,BAKSA,2026-09-10,0.0,0.3,5.5,60.300000000000004,12.4,NR,24.3,LD,1104.1,N,14.3,LD
ASSAM,BAKSA,2026-09-11,0.0,0.0,1.4000000000000001,60.300000000000004,15.4,NR,24.3,LD,1155.6,D,14.3,LD
ASSAM,BAKSA,2026-09-12,14.0,14.0,14.3,67.4,16.1,N,14.0,N,1169.6,D,28.3,LD
ASSAM,BAKSA,2026-09-13,0.0,14.0,14.3,67.4,10.0,NR,24.3,LD,1169.6,D,28.3,LD
ASSAM,BAKSA,2026-09-14,2.1,16.1,16.400000000000002,69.5,13.1,LD,2.1,LD,1171.6,D,30.4,LD
ASSAM,BAKSA,2026-09-15,0.0,2.1,16.1,30.3,18.2,NR,24.3,LD,1104.1,N,30.4,LD
ASSAM,BAKSA,2026-09-16,4.5,6.6,20.6,29.299999999999997,17.1,LD,4.5,LD,1176.1,D,34.9,LD
ASSAM,BAKSA,2026-09-17,35.1,39.6,55.7,61.2,12.8,LE,17.4,LD,1211.2,D,70.0,LD
ASSAM,BAKSA,2026-09-18,20.6,60.2,76.30000000000001,81.8,14.5,E,20.6,E,1231.8,D,90.6,LD
ASSAM,BAKSA,2026-09-19,1.7,57.400000000000006,64.0,79.4,14.3,LD,1.7,LD,1233.5,D,92.3,LD
ASSAM,BAKSA,2026-09-20,0.0,22.3,64.0,78.3,13.4,NR,0.0,NR,1233.5,D,92.3,LD
ASSAM,BAKSA,2026-09-21,0.0,1.7,61.900000000000006,78.3,20.5,NR,17.4,LD,1121.5,D,92.3,LD
ASSAM,BARPETA,2026-08-19,0.0,0.0,0.0,0.0,11.1,NR,0.0,NR,774.7,D,126.5,D
ASSAM,BARPETA,2026-08-20,0.0,0.0,0.0,0.0,28.8,NR,20.9,LD,774.7,D,126.5,D
ASSAM,BARPETA,2026-08-21,12.6,12.6,12.6,12.6,17.2,D,20.9,LD,1076.1,D,139.1,D
ASSAM,BARPETA,2026-08-22,0.0,12.6,12.6,12.6,8.0,NR,20.9,LD,787.3,D,139.1,D
ASSAM,BARPETA,2026-08-23,0.0,12.6,12.6,12.6,15.1,ND,0.0,ND,787.3,D,139.1,D
ASSAM,BARPETA,2026-08-24,0.0,0.0,12.6,12.6,6.8,NR,20.9,LD,787.3,D,139.1,D
ASSAM,BARPETA,2026-08-25,2.3,2.3,14.899999999999999,14.899999999999999,28.7,LD,20.9,LD,1076.1,D,141.4,LD
ASSAM,BARPETA,2026-08-26,0.0,2.3,14.899999999999999,14.899999999999999,19.0,NR,19.0,LD,789.6,D,141.4,LD
ASSAM,BARPETA,2026-08-27,0.0,2.3,14.899999999999999,14.899999999999999,18.4,NR,0.0,NR,789.6,D,141.4,LD
ASSAM,BARPETA,2026-08-28,0.0,0.0,2.3,14.899999999999999,4.8,NR,0.0,NR,789.6,D,141.4,LD
ASSAM,BARPETA,2026-08-29,0.0,0.0,2.3,14.899999999999999,16.1,NR,19.0,LD,789.6,D,141.4,LD
ASSAM,BARPETA,2026-08-30,0.0,0.0,2.3,14.899999999999999,11.0,NR,19.0,LD,789.6,D,141.4,LD
ASSAM,BARPETA,2026-08-31,42.6,42.6,44.9,57.5,24.8,LE,19.0,LD,832.2,D,184.0,LD
ASSAM,BARPETA,2026-09-01,9.8,52.400000000000006,52.400000000000006,67.3,9.6,N,19.0,LD,1095.1,D,9.8,N
ASSAM,BARPETA,2026-09-02,4.2,56.6,56.6,71.5,8.0,D,54.9,D,846.2,D,14.0,D
ASSAM,BARPETA,2026-09-03,0.0,14.0,56.6,71.5,11.0,NR,54.9,D,1150.0,D,14.0,D
ASSAM,BARPETA,2026-09-04,0.0,4.2,56.6,71.5,8.3,NR,54.9,D,846.2,D,14.0,LD
ASSAM,BARPETA,2026-09-05,0.0,0.0,56.6,58.9,14.2,NR,54.9,D,846.2,D,14.0,LD
ASSAM,BARPETA,2026-09-06,0.0,0.0,56.6,58.9,24.7,NR,0.0,NR,846.2,D,14.0,LD
ASSAM,BARPETA,2026-09-07,0.0,0.0,14.0,58.9,14.6,NR,54.9,D,846.2,D,14.0,LD
ASSAM,BARPETA,2026-09-08,0.0,0.0,4.2,58.9,35.9,NR,0.0,NR,846.2,LD,14.0,LD
ASSAM,BARPETA,2026-09-09,0.0,0.0,0.0,56.6,13.8,NR,5.5,LD,846.2,LD,14.0,LD
ASSAM,BARPETA,2026-09-10,0.0,0.0,0.0,56.6,7.8,ND,5.5,LD,1155.6,D,14.0,LD
ASSAM,BARPETA,2026-09-11,0.0,0.0,0.0,56.6,19.5,NR,5.5,LD,846.2,LD,14.0,LD
ASSAM,BARPETA,2026-09-12,0.0,0.0,0.0,56.6,14.1,ND,0.0,ND,846.2,LD,14.0,LD
ASSAM,BARPETA,2026-09-13,10.0,10.0,10.0,66.6,6.5,E,5.5,LD,856.2,LD,24.0,LD
ASSAM,BARPETA,2026-09-14,0.0,10.0,10.0,66.6,11.9,NR,0.0,NR,856.2,LD,24.0,LD
ASSAM,BARPETA,2026-09-15,0.0,10.0,10.0,24.0,12.3,NR,5.5,LD,1155.6,D,24.0,LD
ASSAM,BARPETA,2026-09-16,1.2,1.2,11.2,15.399999999999999,13.7,LD,1.2,LD,857.4,LD,25.2,LD
ASSAM,BARPETA,2026-09-17,44.6,45.800000000000004,55.8,55.8,19.0,LE,20.5,LD,902.1,D,69.8,LD
ASSAM,BARPETA,2026-09-18,15.8,61.60000000000001,71.60000000000001,71.60000000000001,10.6,E,15.8,E,917.9,D,85.6,LD
ASSAM,BARPETA,2026-09-19,4.2,64.60000000000001,75.80000000000001,75.80000000000001,13.2,LD,4.2,LD,922.1,D,89.8,LD
ASSAM,BARPETA,2026-09-20,0.0,20.0,65.80000000000001,75.80000000000001,15.9,NR,0.0,NR,922.1,D,89.8,LD
ASSAM,BARPETA,2026-09-21,0.0,4.2,65.80000000000001,75.80000000000001,27.6,NR,20.5,LD,1176.1,D,89.8,LD
ASSAM,BISWANATH,2026-08-19,0.6,0.6,0.6,0.6,13.1,LD,0.6,LD,1245.2,N,274.6,N
ASSAM,BISWANATH,2026-08-20,25.3,25.900000000000002,25.900000000000002,25.900000000000002,12.3,LE,25.3,LE,1270.5,N,299.9,N
ASSAM,BISWANATH,2026-08-21,35.4,61.3,61.3,61.3,15.3,LE,35.4,LE,1305.8,N,335.3,N
ASSAM,BISWANATH,2026-08-22,26.7,87.4,88.0,88.0,16.8,E,26.7,E,1332.5,N,362.0,N
ASSAM,BISWANATH,2026-08-23,0.7,62.800000000000004,88.7,88.7,13.8,LD,0.7,LD,1333.2,N,362.7,N
ASSAM,BISWANATH,2026-08-24,11.9,39.3,100.60000000000001,100.60000000000001,17.6,D,11.9,D,1345.2,N,374.6,N
ASSAM,BISWANATH,2026-08-25,1.7,14.299999999999999,102.3,102.3,15.9,LD,1.7,LD,1346.9,N,376.3,N
ASSAM,BISWANATH,2026-08-26,4.7,18.3,106.4,107.0,14.2,LD,4.7,LD,1351.6,N,381.0,N
ASSAM,BISWANATH,2026-08-27,19.0,25.4,100.1,126.0,16.8,N,19.0,N,1370.6,N,400.0,N
ASSAM,BISWANATH,2026-08-28,21.2,44.9,85.9,147.2,11.7,LE,21.2,LE,1391.8,N,421.2,N
ASSAM,BISWANATH,2026-08-29,22.9,63.099999999999994,82.1,170.1,11.2,LE,22.9,LE,1414.7,N,444.1,N
ASSAM,BISWANATH,2026-08-30,0.8,44.89999999999999,82.2,170.9,15.4,LD,0.8,LD,1415.5,N,444.9,N
ASSAM,BISWANATH,2026-08-31,10.3,34.0,80.60000000000001,181.2,14.9,D,10.3,D,1425.8,N,455.2,N
ASSAM,BISWANATH,2026-09-01,0.7,11.799999999999997,79.60000000000001,181.9,15.6,LD,0.7,LD,1426.5,N,0.7,LD
ASSAM,BISWANATH,2026-09-02,10.2,21.199999999999996,85.1,192.1,10.9,N,10.2,N,1436.8,N,11.0,D
ASSAM,BISWANATH,2026-09-03,24.3,35.199999999999996,90.4,215.8,12.6,LE,24.3,LE,1461.1,N,35.3,N
ASSAM,BISWANATH,2026-09-04,5.7,40.199999999999996,74.90000000000002,196.2,20.2,LD,5.7,LD,1466.7,N,40.9,D
ASSAM,BISWANATH,2026-09-05,4.0,34.0,56.00000000000001,164.8,17.0,LD,4.0,LD,1470.7,N,44.9,D
ASSAM,BISWANATH,2026-09-06,3.4,13.099999999999996,58.60000000000001,141.5,12.7,LD,3.4,LD,1474.1,N,48.3,D
ASSAM,BISWANATH,2026-09-07,0.4,7.799999999999996,48.70000000000001,141.20000000000002,14.5,LD,0.4,LD,1474.4,N,48.6,D
ASSAM,BISWANATH,2026-09-08,27.9,31.699999999999996,75.9,157.20000000000002,17.6,E,27.9,E,1502.3,N,76.5,D
ASSAM,BISWANATH,2026-09-09,24.2,52.5,89.9,179.70000000000002,14.1,LE,24.2,LE,1526.5,N,100.7,D
ASSAM,BISWANATH,2026-09-10,0.1,52.199999999999996,65.7,175.1,13.2,LD,0.1,LD,1526.5,N,100.7,D
ASSAM,BISWANATH,2026-09-11,3.2,27.499999999999996,63.2,159.3,16.3,LD,3.2,LD,1529.7,N,103.9,D
ASSAM,BISWANATH,2026-09-12,32.4,35.699999999999996,91.6,170.5,10.8,LE,32.4,LE,1562.1,N,136.3,D
ASSAM,BISWANATH,2026-09-13,0.2,35.8,88.39999999999999,147.8,10.5,LD,0.2,LD,1562.3,N,136.5,D
ASSAM,BISWANATH,2026-09-14,0.2,32.8,88.2,147.2,12.1,LD,0.2,LD,1562.5,N,136.8,D
ASSAM,BISWANATH,2026-09-15,0.4,0.8,60.699999999999996,137.3,12.0,LD,0.4,LD,1563.0,N,137.2,D
ASSAM,BISWANATH,2026-09-16,2.8,3.4,39.300000000000004,139.39999999999998,11.1,LD,2.8,LD,1565.8,N,140.0,D
ASSAM,BISWANATH,2026-09-17,15.5,18.7,54.7,144.7,8.9,LE,15.5,LE,1581.3,N,155.5,D
ASSAM,BISWANATH,2026-09-18,16.1,34.400000000000006,67.60000000000001,136.5,13.4,E,16.1,E,1597.3,N,171.5,D
ASSAM,BISWANATH,2026-09-19,2.6,34.2,37.80000000000001,133.39999999999998,8.3,LD,2.6,LD,1599.9,N,174.1,D
ASSAM,BISWANATH,2026-09-20,1.9,20.6,39.50000000000001,131.29999999999998,6.4,LD,1.9,LD,1601.8,N,176.0,D
ASSAM,BISWANATH,2026-09-21,1.6,6.1,40.90000000000001,129.5,6.4,LD,1.9,LD,1601.8,N,177.6,D
ASSAM,BONGAIGAON,2026-08-19,0.0,0.0,0.0,0.0,5.5,NR,0.0,NR,1047.3,D,224.5,N
ASSAM,BONGAIGAON,2026-08-20,0.0,0.0,0.0,0.0,22.0,NR,48.5,LD,1047.3,D,224.5,D
ASSAM,BONGAIGAON,2026-08-21,35.4,35.4,35.4,35.4,20.4,LE,48.5,LD,774.7,D,259.9,N
ASSAM,BONGAIGAON,2026-08-22,0.2,35.6,35.6,35.6,25.8,LD,48.5,LD,1082.9,D,260.1,D
ASSAM,BONGAIGAON,2026-08-23,0.0,35.6,35.6,35.6,20.6,ND,0.0,ND,1082.9,D,260.1,D
ASSAM,BONGAIGAON,2026-08-24,4.5,4.7,40.1,40.1,30.5,LD,48.5,LD,1087.4,D,264.6,D
ASSAM,BONGAIGAON,2026-08-25,0.0,4.5,40.1,40.1,25.5,NR,48.5,LD,774.7,D,264.6,D
ASSAM,BONGAIGAON,2026-08-26,0.5,5.0,40.6,40.6,22.2,LD,14.9,LD,1087.9,D,265.1,D
ASSAM,BONGAIGAON,2026-08-27,0.0,0.5,40.6,40.6,13.4,NR,0.0,NR,1087.9,D,265.1,D
ASSAM,BONGAIGAON,2026-08-28,0.0,0.5,5.2,40.6,12.1,NR,0.0,NR,1087.9,D,265.1,D
ASSAM,BONGAIGAON,2026-08-29,0.0,0.0,5.0,40.6,8.9,NR,14.9,LD,1087.9,D,265.1,D
ASSAM,BONGAIGAON,2026-08-30,0.0,0.0,5.0,40.6,14.4,NR,14.9,LD,1087.9,D,265.1,D
ASSAM,BONGAIGAON,2026-08-31,56.5,56.5,57.0,97.1,19.7,LE,14.9,LD,1144.4,D,321.6,D
ASSAM,BONGAIGAON,2026-09-01,7.7,64.2,64.7,104.8,7.9,N,14.9,LD,789.6,D,7.7,N
ASSAM,BONGAIGAON,2026-09-02,13.5,77.7,77.7,118.3,9.1,E,56.6,D,1165.6,D,21.1,E
ASSAM,BONGAIGAON,2026-09-03,0.0,21.2,77.7,118.3,16.7,NR,56.6,D,846.2,D,21.1,D
ASSAM,BONGAIGAON,2026-09-04,0.6,14.1,78.3,118.9,20.0,LD,56.6,D,1166.2,D,21.8,LD
ASSAM,BONGAIGAON,2026-09-05,1.9,2.5,80.2,85.39999999999999,19.7,LD,56.6,D,1168.1,D,23.6,LD
ASSAM,BONGAIGAON,2026-09-06,0.0,2.5,80.2,85.2,25.1,NR,0.0,NR,1168.1,D,23.6,LD
ASSAM,BONGAIGAON,2026-09-07,0.0,1.9,23.7,85.2,15.0,NR,56.6,D,1168.1,D,23.6,LD
ASSAM,BONGAIGAON,2026-09-08,0.0,0.0,16.0,80.7,13.8,NR,0.0,NR,1168.1,D,23.6,LD
ASSAM,BONGAIGAON,2026-09-09,3.2,3.2,5.7,83.9,14.1,LD,0.0,NR,1171.3,D,26.9,LD
ASSAM,BONGAIGAON,2026-09-10,0.0,3.2,5.7,83.4,22.6,NR,0.0,NR,846.2,LD,26.9,LD
ASSAM,BONGAIGAON,2026-09-11,0.0,3.2,5.1000000000000005,83.4,18.5,NR,0.0,NR,1171.3,D,26.9,LD
ASSAM,BONGAIGAON,2026-09-12,23.0,23.0,26.2,106.4,16.1,E,23.0,E,1194.3,D,49.9,LD
ASSAM,BONGAIGAON,2026-09-13,79.5,102.5,105.7,185.9,17.2,LE,0.0,NR,1273.8,D,129.4,D
ASSAM,BONGAIGAON,2026-09-14,0.8,103.3,106.5,186.70000000000002,13.7,LD,0.8,LD,1274.6,D,130.2,D
ASSAM,BONGAIGAON,2026-09-15,0.0,80.3,106.5,130.20000000000002,9.9,NR,0.0,NR,846.2,LD,130.2,D
ASSAM,BONGAIGAON,2026-09-16,6.7,7.5,110.0,129.2,17.8,LD,6.7,LD,1281.3,D,136.9,D
ASSAM,BONGAIGAON,2026-09-17,51.4,58.1,161.4,167.1,15.0,LE,11.2,LD,1332.6,D,188.2,D
ASSAM,BONGAIGAON,2026-09-18,20.4,78.5,181.8,187.5,17.0,E,20.4,E,1353.0,D,208.6,D
ASSAM,BONGAIGAON,2026-09-19,5.2,77.0,164.0,192.1,16.3,LD,5.2,LD,1358.2,D,213.8,D
ASSAM,BONGAIGAON,2026-09-20,0.0,25.599999999999998,84.5,190.2,17.3,NR,0.0,NR,1358.2,D,213.8,D
ASSAM,BONGAIGAON,2026-09-21,0.0,5.2,83.7,190.2,17.9,NR,11.2,LD,857.4,LD,213.8,D
ASSAM,CACHAR,2026-08-19,23.8,23.8,23.8,23.8,5.1,LE,23.8,LE,537.6,D,140.3,N
ASSAM,CACHAR,2026-08-20,16.7,40.5,40.5,40.5,10.3,LE,75.6,D,554.3,D,157.0,N
ASSAM,CACHAR,2026-08-21,33.6,74.1,74.1,74.1,15.8,LE,75.6,D,1245.2,N,190.6,N
ASSAM,CACHAR,2026-08-22,0.2,50.50000000000001,74.3,74.3,9.2,LD,75.6,D,588.0,D,190.8,N
ASSAM,CACHAR,2026-08-23,0.0,33.800000000000004,74.3,74.3,10.0,NR,0.0,NR,588.0,D,190.7,N
ASSAM,CACHAR,2026-08-24,0.0,0.2,74.3,74.3,9.7,NR,75.6,D,588.0,D,190.8,N
ASSAM,CACHAR,2026-08-25,0.0,0.0,74.3,74.3,11.8,NR,75.6,D,1245.2,N,190.7,N
ASSAM,CACHAR,2026-08-26,0.0,0.0,50.50000000000001,74.3,5.8,NR,106.4,N,588.0,D,190.7,D
ASSAM,CACHAR,2026-08-27,0.5,0.5,34.300000000000004,74.8,6.2,LD,0.5,LD,588.5,D,191.2,D
ASSAM,CACHAR,2026-08-28,11.4,11.9,12.1,86.2,7.8,E,11.4,E,599.9,D,202.7,D
ASSAM,CACHAR,2026-08-29,3.5,15.4,15.4,89.7,6.7,D,106.4,N,603.4,D,206.1,D
ASSAM,CACHAR,2026-08-30,0.2,15.1,15.6,89.9,9.2,LD,106.4,N,603.6,D,206.3,D
ASSAM,CACHAR,2026-08-31,37.6,41.3,53.2,127.5,9.7,LE,106.4,N,641.2,D,243.9,N
ASSAM,CACHAR,2026-09-01,2.0,39.800000000000004,55.2,129.5,7.5,LD,106.4,N,1351.6,N,2.0,LD
ASSAM,CACHAR,2026-09-02,1.4,41.0,56.6,130.9,4.1,LD,85.2,N,644.6,D,3.4,LD
ASSAM,CACHAR,2026-09-03,0.8,4.2,56.900000000000006,107.9,10.9,LD,85.2,N,1436.8,N,4.2,LD
ASSAM,CACHAR,2026-09-04,0.0,2.2,45.50000000000001,91.2,6.2,NR,85.2,N,645.3,D,4.2,LD
ASSAM,CACHAR,2026-09-05,0.0,0.8,42.00000000000001,57.6,8.2,NR,85.2,N,645.3,D,4.2,LD
ASSAM,CACHAR,2026-09-06,13.2,13.2,55.0,70.6,7.5,LE,13.2,LE,658.5,D,17.4,LD
ASSAM,CACHAR,2026-09-07,0.0,13.2,17.4,70.6,6.3,NR,85.2,N,658.5,D,17.4,LD
ASSAM,CACHAR,2026-09-08,7.8,21.0,23.2,78.39999999999999,9.4,N,7.8,N,666.3,D,25.1,D
ASSAM,CACHAR,2026-09-09,7.0,14.8,28.8,85.39999999999999,8.3,N,89.7,N,673.3,D,32.1,D
ASSAM,CACHAR,2026-09-10,2.0,16.8,30.0,87.39999999999999,7.0,LD,89.7,N,1526.5,N,34.2,D
ASSAM,CACHAR,2026-09-11,0.0,9.0,30.0,86.89999999999999,8.7,NR,89.7,N,675.3,D,34.1,LD
ASSAM,CACHAR,2026-09-12,1.2,3.2,31.2,76.7,6.3,LD,1.2,LD,676.6,D,35.4,LD
ASSAM,CACHAR,2026-09-13,2.8,4.0,20.8,76.0,4.7,D,89.7,N,679.3,D,38.1,LD
ASSAM,CACHAR,2026-09-14,1.0,5.0,21.8,76.8,12.5,LD,1.0,LD,680.3,D,39.1,LD
ASSAM,CACHAR,2026-09-15,0.0,3.8,14.0,39.199999999999996,11.4,NR,89.7,N,1526.5,N,39.1,LD
ASSAM,CACHAR,2026-09-16,0.0,1.0,7.0,37.199999999999996,11.2,NR,0.0,NR,680.3,D,39.1,LD
ASSAM,CACHAR,2026-09-17,3.8,3.8,8.8,39.6,10.8,LD,39.3,D,684.1,D,42.9,LD
ASSAM,CACHAR,2026-09-18,0.0,3.8,8.8,38.8,10.0,NR,0.0,NR,684.1,D,42.9,LD
ASSAM,CACHAR,2026-09-19,5.8,9.6,13.399999999999999,44.599999999999994,7.2,D,5.8,D,689.9,D,48.7,LD
ASSAM,CACHAR,2026-09-20,0.8,6.6,11.399999999999999,45.4,6.1,LD,0.8,LD,690.7,D,49.5,LD
ASSAM,CACHAR,2026-09-21,1.0,7.6,11.399999999999999,33.2,5.1,LD,39.3,D,1565.8,N,50.5,LD
ASSAM,CHARAIDEO,2026-08-19,0.0,0.0,0.0,0.0,22.7,NR,0.0,NR,1699.7,N,377.4,E
ASSAM,CHARAIDEO,2026-08-20,96.4,96.4,96.4,96.4,13.1,LE,96.4,LE,1796.1,E,473.8,LE
ASSAM,CHARAIDEO,2026-08-21,5.8,102.2,102.2,102.2,14.1,D,5.8,D,1801.9,E,479.6,E
ASSAM,CHARAIDEO,2026-08-22,5.7,107.9,107.9,107.9,14.3,LD,5.7,LD,1807.6,E,485.3,E
ASSAM,CHARAIDEO,2026-08-23,0.0,11.5,107.9,107.9,19.9,NR,0.0,NR,1807.6,N,485.3,E
ASSAM,CHARAIDEO,2026-08-24,0.0,5.7,107.9,107.9,33.2,NR,0.0,NR,1807.6,N,485.3,E
ASSAM,CHARAIDEO,2026-08-25,42.4,42.4,150.3,150.3,20.4,LE,42.4,LE,1850.0,N,527.7,E
ASSAM,CHARAIDEO,2026-08-26,7.4,49.8,157.70000000000002,157.70000000000002,13.9,D,7.4,D,1857.4,N,535.1,E
ASSAM,CHARAIDEO,2026-08-27,0.0,49.8,61.3,157.70000000000002,6.4,NR,0.0,NR,1857.4,N,535.1,E
ASSAM,CHARAIDEO,2026-08-28,0.0,7.4,55.5,157.70000000000002,8.3,NR,0.0,NR,1857.4,N,535.1,E
ASSAM,CHARAIDEO,2026-08-29,0.0,0.0,49.8,157.70000000000002,9.0,NR,0.0,NR,1857.4,N,535.1,E
ASSAM,CHARAIDEO,2026-08-30,0.0,0.0,49.8,157.70000000000002,19.7,NR,0.0,NR,1857.4,N,535.1,N
ASSAM,CHARAIDEO,2026-08-31,0.0,0.0,49.8,157.70000000000002,15.4,NR,0.0,NR,1857.4,N,535.1,N
ASSAM,CHARAIDEO,2026-09-01,82.6,82.6,90.0,240.3,10.3,LE,82.6,LE,1940.0,N,82.6,LE
ASSAM,CHARAIDEO,2026-09-02,28.6,111.19999999999999,111.19999999999999,268.9,10.0,LE,28.6,LE,1968.6,N,111.2,LE
ASSAM,CHARAIDEO,2026-09-03,0.0,111.19999999999999,111.19999999999999,268.9,20.7,NR,0.0,NR,1968.6,N,111.2,LE
ASSAM,CHARAIDEO,2026-09-04,6.4,35.0,117.6,178.9,13.6,D,6.4,D,1975.0,N,117.6,LE
ASSAM,CHARAIDEO,2026-09-05,11.2,17.6,128.79999999999998,184.29999999999998,8.5,E,11.2,E,1986.2,N,128.8,LE
ASSAM,CHARAIDEO,2026-09-06,0.0,17.6,128.79999999999998,178.6,18.0,NR,0.0,NR,1986.2,N,128.8,E
ASSAM,CHARAIDEO,2026-09-07,22.6,33.800000000000004,151.4,201.2,14.1,LE,22.6,LE,2008.8,N,151.4,LE
ASSAM,CHARAIDEO,2026-09-08,0.0,22.600000000000005,68.80000000000001,201.2,9.4,NR,0.0,NR,2008.8,N,151.4,E
ASSAM,CHARAIDEO,2026-09-09,0.0,22.600000000000005,40.2,158.79999999999998,10.1,ND,0.0,ND,2008.8,N,151.4,E
ASSAM,CHARAIDEO,2026-09-10,0.0,0.0,40.2,151.39999999999998,18.6,ND,0.0,ND,2008.8,N,151.4,N
ASSAM,CHARAIDEO,2026-09-11,0.0,0.0,33.800000000000004,151.39999999999998,15.9,NR,0.0,NR,2008.8,N,151.4,N
ASSAM,CHARAIDEO,2026-09-12,0.0,0.0,22.6,151.39999999999998,25.1,NR,0.0,NR,2008.8,N,151.4,N
ASSAM,CHARAIDEO,2026-09-13,0.0,0.0,22.6,151.39999999999998,23.4,NR,0.0,NR,2008.8,N,151.4,D
ASSAM,CHARAIDEO,2026-09-14,0.0,0.0,0.0,151.39999999999998,30.1,NR,0.0,NR,2008.8,N,151.4,D
ASSAM,CHARAIDEO,2026-09-15,0.0,0.0,0.0,151.39999999999998,25.3,NR,0.0,NR,2008.8,N,151.4,D
ASSAM,CHARAIDEO,2026-09-16,0.0,0.0,0.0,68.80000000000001,26.3,NR,0.0,NR,2008.8,N,151.4,D
ASSAM,CHARAIDEO,2026-09-17,28.6,28.600000000000005,28.6,68.80000000000001,10.1,LE,28.6,LE,2037.4,N,180.0,D
ASSAM,CHARAIDEO,2026-09-18,0.0,28.600000000000005,28.6,68.80000000000001,18.3,NR,0.0,NR,2037.4,N,180.0,D
ASSAM,CHARAIDEO,2026-09-19,0.0,28.600000000000005,28.6,62.400000000000006,15.3,NR,0.0,NR,2037.4,N,180.0,D
ASSAM,CHARAIDEO,2026-09-20,0.0,0.0,28.6,51.2,13.2,NR,0.0,NR,2037.4,N,180.0,D
ASSAM,CHARAIDEO,2026-09-21,1.8,1.8000000000000036,30.400000000000002,53.0,16.0,LD,0.0,NR,2037.4,N,181.8,D
ASSAM,CHIRANG,2026-08-19,9.7,9.7,9.7,9.7,7.4,E,9.7,E,1052.7,D,222.9,N
ASSAM,CHIRANG,2026-08-20,0.9,10.6,10.6,10.6,12.5,LD,13.7,LD,1053.5,D,223.8,N
ASSAM,CHIRANG,2026-08-21,0.0,10.6,10.6,10.6,13.0,NR,13.7,LD,1047.3,D,223.8,D
ASSAM,CHIRANG,2026-08-22,0.0,0.9,10.6,10.6,16.9,NR,13.7,LD,1053.5,D,223.8,D
ASSAM,CHIRANG,2026-08-23,0.0,0.0,10.6,10.6,16.7,NR,0.0,NR,1053.5,D,223.8,D
ASSAM,CHIRANG,2026-08-24,9.8,9.8,20.4,20.4,21.8,D,13.7,LD,1063.4,D,233.6,D
ASSAM,CHIRANG,2026-08-25,0.8,10.600000000000001,21.2,21.2,18.2,LD,13.7,LD,1047.3,D,234.4,D
ASSAM,CHIRANG,2026-08-26,2.0,12.600000000000001,13.5,23.2,16.9,LD,40.6,LD,1066.2,D,236.4,D
ASSAM,CHIRANG,2026-08-27,0.0,2.8,12.600000000000001,23.2,11.6,NR,0.0,NR,1066.2,D,236.4,D
ASSAM,CHIRANG,2026-08-28,0.0,2.0,12.600000000000001,23.2,8.9,NR,0.0,NR,1066.2,D,236.4,D
ASSAM,CHIRANG,2026-08-29,0.5,0.5,13.100000000000001,23.7,10.3,LD,40.6,LD,1066.7,D,237.0,D
ASSAM,CHIRANG,2026-08-30,1.9,2.4,15.0,25.6,14.1,LD,40.6,LD,1068.6,D,238.8,D
ASSAM,CHIRANG,2026-08-31,21.1,23.5,26.3,46.7,17.2,E,40.6,LD,1089.6,D,259.9,D
ASSAM,CHIRANG,2026-09-01,54.0,77.0,79.5,100.7,13.4,LE,40.6,LD,1087.9,D,54.0,LE
ASSAM,CHIRANG,2026-09-02,9.1,84.19999999999999,86.6,109.8,10.4,N,77.7,N,1152.7,D,63.0,LE
ASSAM,CHIRANG,2026-09-03,0.9,64.0,87.5,101.0,10.4,LD,77.7,N,1165.6,D,63.9,LE
ASSAM,CHIRANG,2026-09-04,4.3,14.3,91.8,104.4,10.3,D,77.7,N,1157.9,D,68.2,E
ASSAM,CHIRANG,2026-09-05,0.1,5.3,91.4,104.50000000000001,8.6,LD,77.7,N,1158.0,D,68.3,E
ASSAM,CHIRANG,2026-09-06,0.0,4.3999999999999995,89.5,104.50000000000001,9.7,NR,0.0,NR,1158.0,D,68.3,N
ASSAM,CHIRANG,2026-09-07,0.0,0.1,68.4,104.50000000000001,4.7,NR,77.7,N,1158.0,D,68.3,N
ASSAM,CHIRANG,2026-09-08,0.9,0.9,15.3,95.6,6.4,LD,0.9,LD,1158.9,D,69.3,N
ASSAM,CHIRANG,2026-09-09,0.0,0.9,6.2,94.8,7.3,NR,5.8,LD,1158.9,D,69.3,N
ASSAM,CHIRANG,2026-09-10,4.8,5.7,10.1,97.6,9.1,D,5.8,LD,1171.3,D,74.1,N
ASSAM,CHIRANG,2026-09-11,3.9,8.7,9.7,101.5,9.0,D,5.8,LD,1167.6,D,77.9,D
ASSAM,CHIRANG,2026-09-12,0.0,8.7,9.6,101.5,11.1,NR,0.0,NR,1167.6,D,77.9,D
ASSAM,CHIRANG,2026-09-13,6.7,10.600000000000001,16.3,107.7,10.5,D,5.8,LD,1174.3,D,84.6,D
ASSAM,CHIRANG,2026-09-14,3.6,10.3,19.900000000000002,109.4,14.1,LD,3.6,LD,1177.9,D,88.2,D
ASSAM,CHIRANG,2026-09-15,0.0,10.3,19.0,88.3,12.6,NR,5.8,LD,1171.3,D,88.2,D
ASSAM,CHIRANG,2026-09-16,17.7,21.3,36.7,52.0,14.2,E,17.7,E,1195.5,D,105.9,D
ASSAM,CHIRANG,2026-09-17,58.2,75.9,90.10000000000001,101.1,17.4,LE,110.0,N,1253.8,D,164.1,N
ASSAM,CHIRANG,2026-09-18,18.7,94.60000000000001,104.9,118.9,9.5,LE,18.7,LE,1272.5,D,182.9,N
ASSAM,CHIRANG,2026-09-19,0.8,77.7,105.7,115.39999999999999,10.0,LD,0.8,LD,1273.3,D,183.7,N
ASSAM,CHIRANG,2026-09-20,0.0,19.5,99.0,115.3,17.6,NR,0.0,NR,1273.3,D,183.7,N
ASSAM,CHIRANG,2026-09-21,0.0,0.8,95.4,115.3,11.7,NR,110.0,N,1281.3,D,183.7,D
ASSAM,DARRANG,2026-08-19,0.0,0.0,0.0,0.0,12.8,NR,0.0,NR,875.4,N,150.1,D
ASSAM,DARRANG,2026-08-20,12.2,12.2,12.2,12.2,10.7,N,44.0,D,887.6,N,162.3,D
ASSAM,DARRANG,2026-08-21,17.5,29.7,29.7,29.7,14.1,E,44.0,D,537.6,D,179.8,D
ASSAM,DARRANG,2026-08-22,7.7,37.4,37.4,37.4,12.0,D,44.0,D,912.7,N,187.5,D
ASSAM,DARRANG,2026-08-23,9.7,34.9,47.099999999999994,47.099999999999994,11.0,N,9.7,N,922.4,N,197.2,D
ASSAM,DARRANG,2026-08-24,2.5,19.9,49.599999999999994,49.599999999999994,12.1,LD,44.0,D,924.9,N,199.7,D
ASSAM,DARRANG,2026-08-25,8.6,20.799999999999997,58.199999999999996,58.199999999999996,12.5,D,44.0,D,537.6,D,208.3,D
ASSAM,DARRANG,2026-08-26,16.0,27.099999999999998,74.19999999999999,74.19999999999999,12.0,E,50.4,D,949.5,N,224.2,D
ASSAM,DARRANG,2026-08-27,1.4,25.999999999999996,63.39999999999999,75.6,13.2,LD,1.4,LD,950.9,N,225.6,D
ASSAM,DARRANG,2026-08-28,2.5,19.9,48.39999999999999,78.1,9.6,LD,2.5,LD,953.4,N,228.2,D
ASSAM,DARRANG,2026-08-29,0.0,3.9,40.699999999999996,78.1,10.8,NR,50.4,D,953.4,D,228.2,D
ASSAM,DARRANG,2026-08-30,0.0,2.5,30.999999999999996,78.1,13.2,NR,50.4,D,953.4,D,228.2,D
ASSAM,DARRANG,2026-08-31,19.9,19.9,48.39999999999999,98.0,11.1,LE,50.4,D,973.3,D,248.1,D
ASSAM,DARRANG,2026-09-01,24.4,44.3,64.19999999999999,122.39999999999999,7.7,LE,50.4,D,588.0,D,24.4,LE
ASSAM,DARRANG,2026-09-02,17.8,62.099999999999994,66.0,140.2,12.9,E,56.6,N,1015.6,N,42.2,LE
ASSAM,DARRANG,2026-09-03,0.4,42.6,65.0,140.6,10.8,LD,56.6,N,644.6,D,42.6,E
ASSAM,DARRANG,2026-09-04,11.0,29.200000000000003,73.5,139.4,11.4,N,56.6,N,1027.0,N,53.7,E
ASSAM,DARRANG,2026-09-05,0.1,11.5,73.6,121.99999999999999,12.4,LD,56.6,N,1027.1,N,53.8,N
ASSAM,DARRANG,2026-09-06,0.5,11.6,74.1,114.79999999999998,8.1,LD,0.5,LD,1027.6,N,54.2,N
ASSAM,DARRANG,2026-09-07,14.8,15.4,69.0,119.9,9.9,E,56.6,N,1042.4,N,69.1,N
ASSAM,DARRANG,2026-09-08,1.7,17.0,46.3,119.1,12.1,LD,1.7,LD,1044.2,N,70.8,N
ASSAM,DARRANG,2026-09-09,4.4,20.900000000000002,32.9,114.89999999999999,10.2,D,28.8,D,1048.6,D,75.2,D
ASSAM,DARRANG,2026-09-10,0.6,6.7,33.1,99.49999999999999,14.9,LD,28.8,D,673.3,D,75.9,D
ASSAM,DARRANG,2026-09-11,0.0,5.0,22.099999999999998,98.1,11.4,NR,28.8,D,1049.2,D,75.9,D
ASSAM,DARRANG,2026-09-12,6.1,6.699999999999999,28.099999999999998,101.7,9.8,D,6.1,D,1055.3,D,81.9,D
ASSAM,DARRANG,2026-09-13,0.5,6.6,28.099999999999998,102.2,9.7,LD,28.8,D,1055.8,D,82.4,D
ASSAM,DARRANG,2026-09-14,1.8,8.4,15.099999999999996,104.0,10.1,LD,1.8,LD,1057.6,D,84.3,D
ASSAM,DARRANG,2026-09-15,6.8,9.1,20.199999999999996,90.89999999999999,11.8,D,28.8,D,673.3,D,91.0,D
ASSAM,DARRANG,2026-09-16,13.0,21.6,28.799999999999994,79.5,11.1,N,13.0,N,1077.3,D,104.0,D
ASSAM,DARRANG,2026-09-17,13.7,33.5,41.89999999999999,75.39999999999999,8.9,E,7.0,LD,1091.0,D,117.7,D
ASSAM,DARRANG,2026-09-18,3.6,30.3,45.49999999999999,78.6,12.0,LD,3.6,LD,1094.6,D,121.3,D
ASSAM,DARRANG,2026-09-19,0.0,17.299999999999997,39.39999999999999,67.6,9.3,NR,0.0,NR,1094.6,D,121.3,D
ASSAM,DARRANG,2026-09-20,0.0,3.6,38.89999999999999,67.5,8.5,NR,0.0,NR,1094.6,D,121.3,D
ASSAM,DARRANG,2026-09-21,8.9,8.9,46.0,75.89999999999999,8.3,N,7.0,LD,680.3,D,130.2,D
ASSAM,DHEMAJI,2026-08-19,0.8,0.8,0.8,0.8,5.2,LD,0.8,LD,334.7,D,74.5,D
ASSAM,DHEMAJI,2026-08-20,0.2,1.0,1.0,1.0,5.3,LD,105.6,N,335.0,D,74.8,D
ASSAM,DHEMAJI,2026-08-21,18.1,19.1,19.1,19.1,10.1,LE,105.6,N,1699.7,N,92.9,D
ASSAM,DHEMAJI,2026-08-22,22.8,41.1,41.900000000000006,41.900000000000006,8.7,LE,105.6,N,375.9,D,115.8,D
ASSAM,DHEMAJI,2026-08-23,0.0,40.9,41.900000000000006,41.900000000000006,4.4,NR,0.0,NR,375.9,D,115.8,D
ASSAM,DHEMAJI,2026-08-24,6.7,29.5,48.6,48.6,4.2,LE,105.6,N,382.6,D,122.5,D
ASSAM,DHEMAJI,2026-08-25,0.0,6.7,48.6,48.6,3.7,NR,105.6,N,1699.7,N,122.5,D
ASSAM,DHEMAJI,2026-08-26,0.0,6.7,47.800000000000004,48.6,3.6,NR,157.7,E,382.6,D,122.5,D
ASSAM,DHEMAJI,2026-08-27,0.8,0.8,48.400000000000006,49.400000000000006,9.2,LD,0.8,LD,383.4,D,123.3,D
ASSAM,DHEMAJI,2026-08-28,0.0,0.8,30.3,49.400000000000006,6.7,NR,0.0,NR,383.4,D,123.3,D
ASSAM,DHEMAJI,2026-08-29,39.2,40.0,46.7,88.60000000000001,5.0,LE,157.7,E,422.6,D,162.4,N
ASSAM,DHEMAJI,2026-08-30,0.0,39.2,46.7,88.60000000000001,8.7,NR,157.7,E,422.6,D,162.4,N
ASSAM,DHEMAJI,2026-08-31,2.6,41.800000000000004,42.6,91.2,5.7,D,157.7,E,425.2,D,165.0,N
ASSAM,DHEMAJI,2026-09-01,14.0,16.6,56.6,105.2,7.2,LE,157.7,E,1857.4,N,14.0,LE
ASSAM,DHEMAJI,2026-09-02,70.5,87.1,127.1,175.7,4.2,LE,111.2,E,509.7,D,84.5,LE
ASSAM,DHEMAJI,2026-09-03,4.8,89.3,131.1,179.7,3.0,LE,111.2,E,1968.6,N,89.3,LE
ASSAM,DHEMAJI,2026-09-04,4.8,80.1,135.9,184.3,9.3,D,111.2,E,519.3,D,94.1,LE
ASSAM,DHEMAJI,2026-09-05,4.0,13.6,100.69999999999999,170.20000000000002,9.1,D,111.2,E,523.3,D,98.1,LE
ASSAM,DHEMAJI,2026-09-06,1.1,9.9,101.8,148.5,7.6,LD,1.1,LD,524.4,D,99.2,LE
ASSAM,DHEMAJI,2026-09-07,0.5,5.6,99.7,149.0,10.3,LD,111.2,E,524.9,D,99.7,LE
ASSAM,DHEMAJI,2026-09-08,0.7,2.3,86.4,143.0,6.5,LD,0.7,LD,525.6,D,100.4,LE
ASSAM,DHEMAJI,2026-09-09,12.4,13.6,28.3,155.4,5.6,LE,40.2,D,538.0,D,112.8,LE
ASSAM,DHEMAJI,2026-09-10,0.0,13.1,23.5,155.4,7.6,NR,40.2,D,2008.8,N,112.8,LE
ASSAM,DHEMAJI,2026-09-11,0.7,13.1,19.400000000000002,155.3,9.4,LD,40.2,D,538.7,D,113.5,E
ASSAM,DHEMAJI,2026-09-12,0.5,1.2,15.9,155.8,10.6,LD,0.5,LD,539.2,D,114.0,E
ASSAM,DHEMAJI,2026-09-13,0.0,1.2,14.8,116.6,1.9,NR,40.2,D,539.2,D,114.0,E
ASSAM,DHEMAJI,2026-09-14,0.0,0.5,14.3,116.6,2.5,NR,0.0,NR,539.2,D,114.0,E
ASSAM,DHEMAJI,2026-09-15,0.0,0.0,13.6,114.0,7.3,NR,40.2,D,2008.8,N,114.0,N
ASSAM,DHEMAJI,2026-09-16,6.0,6.0,7.2,106.0,9.3,D,6.0,D,545.2,D,120.0,N
ASSAM,DHEMAJI,2026-09-17,1.2,7.2,8.4,36.7,5.0,LD,0.0,NR,546.4,D,121.2,N
ASSAM,DHEMAJI,2026-09-18,0.0,7.2,7.7,31.9,9.8,NR,0.0,NR,546.4,D,121.2,N
ASSAM,DHEMAJI,2026-09-19,0.0,1.2,7.2,27.1,5.6,NR,0.0,NR,546.4,D,121.2,N
ASSAM,DHEMAJI,2026-09-20,7.7,7.7,14.9,30.800000000000004,3.0,LE,7.7,LE,554.0,D,128.8,N
ASSAM,DHEMAJI,2026-09-21,1.0,8.7,15.9,30.700000000000003,2.4,D,0.0,NR,2008.8,N,129.8,N
ASSAM,DHUBRI,2026-08-19,0.5,0.5,0.5,0.5,9.3,LD,0.5,LD,666.1,D,148.4,D
ASSAM,DHUBRI,2026-08-20,10.6,11.1,11.1,11.1,16.9,D,46.9,D,676.7,D,159.0,D
ASSAM,DHUBRI,2026-08-21,8.9,20.0,20.0,20.0,13.7,D,46.9,D,1052.7,D,167.9,D
ASSAM,DHUBRI,2026-08-22,0.0,19.5,20.0,20.0,17.6,NR,46.9,D,685.6,D,167.9,D
ASSAM,DHUBRI,2026-08-23,0.0,8.9,20.0,20.0,20.4,NR,0.0,NR,685.6,D,167.9,D
ASSAM,DHUBRI,2026-08-24,0.5,0.5,20.5,20.5,16.6,LD,46.9,D,686.1,D,168.4,D
ASSAM,DHUBRI,2026-08-25,1.0,1.5,21.5,21.5,13.6,LD,46.9,D,1052.7,D,169.4,D
ASSAM,DHUBRI,2026-08-26,3.6,5.1,24.6,25.1,11.3,LD,13.5,LD,690.7,D,173.0,D
ASSAM,DHUBRI,2026-08-27,0.0,4.6,14.0,25.1,12.5,NR,0.0,NR,690.7,D,173.0,D
ASSAM,DHUBRI,2026-08-28,1.9,5.5,7.0,27.0,16.8,LD,1.9,LD,692.6,D,174.9,D
ASSAM,DHUBRI,2026-08-29,0.4,2.3,7.4,27.4,12.0,LD,13.5,LD,693.0,D,175.3,D
ASSAM,DHUBRI,2026-08-30,0.3,2.6,7.7,27.7,11.0,LD,13.5,LD,693.3,D,175.6,D
ASSAM,DHUBRI,2026-08-31,112.5,113.2,119.7,140.2,14.2,LE,13.5,LD,805.8,D,288.1,D
ASSAM,DHUBRI,2026-09-01,88.3,201.1,207.0,228.5,9.5,LE,13.5,LD,1066.2,D,88.3,LE
ASSAM,DHUBRI,2026-09-02,14.5,215.3,217.9,243.0,11.0,E,86.5,N,908.6,D,102.8,LE
ASSAM,DHUBRI,2026-09-03,5.9,108.7,223.8,248.4,12.4,D,86.5,N,1152.7,D,108.7,LE
ASSAM,DHUBRI,2026-09-04,7.9,28.3,229.8,245.70000000000002,15.2,D,86.5,N,922.5,D,116.7,LE
ASSAM,DHUBRI,2026-09-05,2.5,16.3,231.9,239.3,9.4,LD,86.5,N,924.9,D,119.1,LE
ASSAM,DHUBRI,2026-09-06,2.7,13.100000000000001,234.3,242.0,10.5,LD,2.7,LD,927.6,D,121.8,LE
ASSAM,DHUBRI,2026-09-07,0.0,5.2,121.8,242.0,19.7,NR,86.5,N,927.6,D,121.8,E
ASSAM,DHUBRI,2026-09-08,22.3,25.0,55.8,263.8,10.1,LE,22.3,LE,949.9,D,144.1,E
ASSAM,DHUBRI,2026-09-09,2.3,24.6,43.6,265.1,7.7,LD,6.2,LD,952.3,D,146.5,E
ASSAM,DHUBRI,2026-09-10,0.0,24.6,37.7,261.5,13.5,NR,6.2,LD,1158.9,D,146.5,E
ASSAM,DHUBRI,2026-09-11,0.2,2.5,30.0,261.7,7.0,LD,6.2,LD,952.5,D,146.7,N
ASSAM,DHUBRI,2026-09-12,0.3,0.5,27.8,260.1,14.9,LD,0.3,LD,952.8,D,147.0,N
ASSAM,DHUBRI,2026-09-13,6.8,7.3,31.9,266.5,15.8,D,6.2,LD,959.6,D,153.8,N
ASSAM,DHUBRI,2026-09-14,0.0,7.1,31.9,266.2,23.5,NR,0.0,NR,959.6,D,153.8,N
ASSAM,DHUBRI,2026-09-15,0.0,6.8,9.6,153.70000000000002,20.2,NR,6.2,LD,1158.9,D,153.8,D
ASSAM,DHUBRI,2026-09-16,0.0,0.0,7.3,65.4,18.8,NR,0.0,NR,959.6,D,153.8,D
ASSAM,DHUBRI,2026-09-17,28.1,28.1,35.4,79.0,17.6,LE,36.6,D,987.7,D,181.9,D
ASSAM,DHUBRI,2026-09-18,11.9,40.0,47.1,85.0,12.6,N,11.9,N,999.6,D,193.8,D
ASSAM,DHUBRI,2026-09-19,0.0,40.0,46.800000000000004,77.10000000000001,13.1,NR,0.0,NR,999.6,D,193.8,D
ASSAM,DHUBRI,2026-09-20,0.0,11.9,40.00000000000001,74.60000000000001,16.3,NR,0.0,NR,999.6,D,193.8,D
ASSAM,DHUBRI,2026-09-21,0.0,0.0,40.00000000000001,71.9,7.4,NR,36.6,D,1195.5,D,193.8,D
ASSAM,DIBRUGARH,2026-08-19,7.7,7.7,7.7,7.7,9.5,N,7.7,N,667.4,N,204.9,E
ASSAM,DIBRUGARH,2026-08-20,0.2,7.9,7.9,7.9,9.1,LD,35.9,D,667.6,N,205.1,N
ASSAM,DIBRUGARH,2026-08-21,15.8,23.700000000000003,23.700000000000003,23.700000000000003,8.4,LE,35.9,D,875.4,N,220.9,E
ASSAM,DIBRUGARH,2026-08-22,0.0,16.0,23.700000000000003,23.700000000000003,7.5,NR,35.9,D,683.4,N,220.9,N
ASSAM,DIBRUGARH,2026-08-23,3.4,19.2,27.1,27.1,8.7,LD,3.4,LD,686.8,N,224.3,N
ASSAM,DIBRUGARH,2026-08-24,21.4,24.799999999999997,48.5,48.5,9.4,LE,35.9,D,708.2,N,245.7,N
ASSAM,DIBRUGARH,2026-08-25,0.0,24.799999999999997,48.5,48.5,12.7,NR,35.9,D,875.4,N,245.7,N
ASSAM,DIBRUGARH,2026-08-26,0.2,21.599999999999998,41.0,48.7,7.1,LD,74.1,N,708.4,N,245.9,N
ASSAM,DIBRUGARH,2026-08-27,14.2,14.399999999999999,55.0,62.9,6.7,LE,14.2,LE,722.6,N,260.1,N
ASSAM,DIBRUGARH,2026-08-28,7.5,21.9,46.699999999999996,70.4,9.9,D,7.5,D,730.1,N,267.6,N
ASSAM,DIBRUGARH,2026-08-29,11.8,33.5,58.5,82.2,6.8,LE,74.1,N,741.9,N,279.4,N
ASSAM,DIBRUGARH,2026-08-30,5.1,24.4,60.199999999999996,87.3,12.8,LD,74.1,N,747.0,N,284.5,N
ASSAM,DIBRUGARH,2026-08-31,12.6,29.5,51.4,99.9,6.3,LE,74.1,N,759.6,N,297.1,N
ASSAM,DIBRUGARH,2026-09-01,14.8,32.5,66.2,114.7,7.4,LE,74.1,N,949.5,N,14.8,LE
ASSAM,DIBRUGARH,2026-09-02,11.3,38.7,77.3,126.0,10.8,N,66.1,N,785.7,N,26.1,E
ASSAM,DIBRUGARH,2026-09-03,0.0,26.1,63.1,118.3,6.8,NR,66.1,N,1015.6,N,26.1,N
ASSAM,DIBRUGARH,2026-09-04,0.9,12.200000000000001,56.5,119.0,5.6,LD,66.1,N,786.7,N,27.0,N
ASSAM,DIBRUGARH,2026-09-05,29.2,30.1,73.9,132.4,9.6,LE,66.1,N,815.9,N,56.3,E
ASSAM,DIBRUGARH,2026-09-06,0.0,30.099999999999998,68.8,132.4,7.1,NR,0.0,NR,815.9,N,56.3,E
ASSAM,DIBRUGARH,2026-09-07,1.5,30.7,57.7,130.5,9.0,LD,66.1,N,817.4,N,57.8,N
ASSAM,DIBRUGARH,2026-09-08,4.8,6.3,47.7,113.89999999999999,8.0,D,4.8,D,822.2,N,62.6,N
ASSAM,DIBRUGARH,2026-09-09,4.8,11.1,41.199999999999996,118.7,4.5,N,33.0,D,827.0,N,67.4,N
ASSAM,DIBRUGARH,2026-09-10,5.9,15.5,47.099999999999994,124.39999999999999,10.9,D,33.0,D,1048.6,D,73.3,N
ASSAM,DIBRUGARH,2026-09-11,4.5,15.2,50.7,114.69999999999999,5.8,D,33.0,D,837.4,N,77.8,N
ASSAM,DIBRUGARH,2026-09-12,11.6,22.0,33.1,118.8,8.4,E,11.6,E,849.1,N,89.5,N
ASSAM,DIBRUGARH,2026-09-13,5.3,21.400000000000002,38.4,112.3,5.3,N,33.0,D,854.4,N,94.8,N
ASSAM,DIBRUGARH,2026-09-14,0.0,16.9,36.9,107.2,8.0,NR,0.0,NR,854.4,N,94.8,N
ASSAM,DIBRUGARH,2026-09-15,0.0,5.3,32.1,94.6,6.9,NR,33.0,D,1048.6,D,94.8,N
ASSAM,DIBRUGARH,2026-09-16,0.8,0.8,28.099999999999998,80.6,7.3,LD,0.8,LD,855.2,N,95.6,D
ASSAM,DIBRUGARH,2026-09-17,5.2,6.0,27.4,74.5,9.1,D,28.8,LD,860.4,N,100.8,D
ASSAM,DIBRUGARH,2026-09-18,12.7,18.7,35.599999999999994,87.19999999999999,9.1,E,12.7,E,873.0,N,113.4,N
ASSAM,DIBRUGARH,2026-09-19,0.0,17.9,23.999999999999996,86.29999999999998,7.7,NR,0.0,NR,873.0,N,113.4,D
ASSAM,DIBRUGARH,2026-09-20,24.7,37.4,43.4,81.8,6.9,LE,24.7,LE,897.8,N,138.1,N
ASSAM,DIBRUGARH,2026-09-21,0.0,24.7,43.4,81.8,7.9,NR,28.8,LD,1077.3,D,138.1,N
ASSAM,GOALPARA,2026-08-19,0.0,0.0,0.0,0.0,12.0,NR,0.0,NR,665.2,D,187.4,N
ASSAM,GOALPARA,2026-08-20,0.2,0.2,0.2,0.2,8.8,LD,79.0,D,665.3,D,187.5,N
ASSAM,GOALPARA,2026-08-21,0.2,0.4,0.4,0.4,11.2,LD,79.0,D,666.1,D,187.7,N
ASSAM,GOALPARA,2026-08-22,0.0,0.4,0.4,0.4,8.4,NR,79.0,D,665.5,D,187.7,N
ASSAM,GOALPARA,2026-08-23,11.1,11.299999999999999,11.5,11.5,10.5,N,11.1,N,676.6,D,198.8,N
ASSAM,GOALPARA,2026-08-24,9.2,20.299999999999997,20.7,20.7,11.5,D,79.0,D,685.8,D,208.0,N
ASSAM,GOALPARA,2026-08-25,2.2,22.5,22.9,22.9,16.7,LD,79.0,D,666.1,D,210.2,D
ASSAM,GOALPARA,2026-08-26,0.0,11.399999999999999,22.9,22.9,8.8,NR,24.6,LD,688.0,D,210.2,D
ASSAM,GOALPARA,2026-08-27,9.4,11.600000000000001,32.1,32.3,8.6,N,9.4,N,697.5,D,219.7,D
ASSAM,GOALPARA,2026-08-28,0.0,9.400000000000002,31.900000000000002,32.3,8.7,NR,0.0,NR,697.5,D,219.7,D
ASSAM,GOALPARA,2026-08-29,16.3,25.700000000000003,48.2,48.6,8.0,LE,24.6,LD,713.8,D,236.0,D
ASSAM,GOALPARA,2026-08-30,0.0,16.3,37.1,48.6,17.9,NR,24.6,LD,713.8,D,236.0,D
ASSAM,GOALPARA,2026-08-31,5.3,21.6,33.2,53.9,10.2,D,24.6,LD,719.1,D,241.3,D
ASSAM,GOALPARA,2026-09-01,5.4,10.7,36.400000000000006,59.300000000000004,9.8,D,24.6,LD,690.7,D,5.4,D
ASSAM,GOALPARA,2026-09-02,7.5,18.2,43.900000000000006,66.8,8.4,N,217.9,LE,732.0,D,12.9,D
ASSAM,GOALPARA,2026-09-03,0.5,13.399999999999999,35.0,67.3,9.0,LD,217.9,LE,908.6,D,13.4,D
ASSAM,GOALPARA,2026-09-04,0.3,8.3,35.3,67.4,10.8,LD,217.9,LE,732.8,D,13.7,LD
ASSAM,GOALPARA,2026-09-05,23.4,24.2,42.4,90.6,13.7,LE,217.9,LE,756.2,D,37.1,D
ASSAM,GOALPARA,2026-09-06,0.8,24.5,43.199999999999996,91.39999999999999,6.9,LD,0.8,LD,757.0,D,37.9,D
ASSAM,GOALPARA,2026-09-07,2.9,27.099999999999998,40.800000000000004,83.2,11.5,LD,217.9,LE,759.9,D,40.8,D
ASSAM,GOALPARA,2026-09-08,9.7,13.399999999999999,45.099999999999994,83.69999999999999,6.9,E,9.7,E,769.6,D,50.5,D
ASSAM,GOALPARA,2026-09-09,4.0,16.599999999999998,41.599999999999994,85.5,7.5,D,43.7,D,773.6,D,54.6,D
ASSAM,GOALPARA,2026-09-10,0.7,14.399999999999999,41.8,86.19999999999999,16.9,LD,43.7,D,952.3,D,55.2,D
ASSAM,GOALPARA,2026-09-11,1.2,5.9,42.699999999999996,78.0,9.7,LD,43.7,D,775.5,D,56.4,D
ASSAM,GOALPARA,2026-09-12,2.0,3.9,21.299999999999997,80.0,9.2,LD,2.0,LD,777.5,D,58.4,D
ASSAM,GOALPARA,2026-09-13,1.8,5.0,22.299999999999997,65.5,7.0,LD,43.7,D,779.3,D,60.2,D
ASSAM,GOALPARA,2026-09-14,1.2,5.0,20.599999999999998,66.7,12.5,LD,1.2,LD,780.5,D,61.4,D
ASSAM,GOALPARA,2026-09-15,0.7,3.7,11.6,62.1,6.7,LD,43.7,D,952.3,D,62.1,D
ASSAM,GOALPARA,2026-09-16,7.8,9.7,15.399999999999999,64.5,11.5,D,7.8,D,789.0,D,69.9,D
ASSAM,GOALPARA,2026-09-17,11.6,20.1,26.3,68.6,8.2,E,7.3,LD,800.5,D,81.5,D
ASSAM,GOALPARA,2026-09-18,0.6,20.000000000000004,25.700000000000003,68.69999999999999,7.4,LD,0.6,LD,801.1,D,82.0,D
ASSAM,GOALPARA,2026-09-19,0.5,12.700000000000001,24.200000000000003,68.89999999999999,10.1,LD,0.5,LD,801.6,D,82.5,D
ASSAM,GOALPARA,2026-09-20,7.1,8.200000000000001,29.5,52.599999999999994,8.5,N,7.1,N,808.7,D,89.6,D
ASSAM,GOALPARA,2026-09-21,0.0,7.600000000000001,28.3,51.8,11.0,NR,7.3,LD,959.6,D,89.6,D
ASSAM,GOLAGHAT,2026-08-19,1.0,1.0,1.0,1.0,9.2,LD,1.0,LD,387.4,LD,114.5,D
ASSAM,GOLAGHAT,2026-08-20,0.0,1.0,1.0,1.0,8.5,NR,63.3,N,387.4,LD,114.5,D
ASSAM,GOLAGHAT,2026-08-21,54.3,55.3,55.3,55.3,17.3,LE,63.3,N,667.4,N,168.9,D
ASSAM,GOLAGHAT,2026-08-22,23.8,78.1,79.1,79.1,9.7,LE,63.3,N,465.6,D,192.7,N
ASSAM,GOLAGHAT,2026-08-23,0.0,78.1,79.1,79.1,10.7,NR,0.0,NR,465.6,D,192.7,N
ASSAM,GOLAGHAT,2026-08-24,0.0,23.8,79.1,79.1,8.6,NR,63.3,N,465.6,D,192.7,D
ASSAM,GOLAGHAT,2026-08-25,10.2,10.2,89.3,89.3,8.0,E,63.3,N,667.4,N,202.9,N
ASSAM,GOLAGHAT,2026-08-26,0.0,10.2,88.3,89.3,7.8,NR,41.0,D,475.8,D,202.9,D
ASSAM,GOLAGHAT,2026-08-27,1.0,11.2,89.3,90.3,10.0,LD,1.0,LD,476.8,D,203.9,D
ASSAM,GOLAGHAT,2026-08-28,0.6,1.6,35.6,90.89999999999999,10.6,LD,0.6,LD,477.4,D,204.6,D
ASSAM,GOLAGHAT,2026-08-29,4.5,6.1,16.299999999999997,95.39999999999999,7.3,D,41.0,D,482.0,D,209.1,D
ASSAM,GOLAGHAT,2026-08-30,0.0,5.1,16.299999999999997,95.39999999999999,7.9,NR,41.0,D,482.0,D,209.1,D
ASSAM,GOLAGHAT,2026-08-31,15.9,20.4,32.2,111.3,8.5,LE,41.0,D,497.9,D,225.0,D
ASSAM,GOLAGHAT,2026-09-01,19.5,35.4,41.5,130.8,6.2,LE,41.0,D,708.4,N,19.5,LE
ASSAM,GOLAGHAT,2026-09-02,15.2,50.599999999999994,56.7,146.0,5.7,LE,77.3,E,532.6,D,34.7,LE
ASSAM,GOLAGHAT,2026-09-03,0.3,35.0,56.0,145.29999999999998,10.9,LD,77.3,E,785.7,N,35.0,E
ASSAM,GOLAGHAT,2026-09-04,32.6,48.1,88.0,177.9,7.1,LE,77.3,E,565.5,D,67.7,LE
ASSAM,GOLAGHAT,2026-09-05,24.6,57.50000000000001,108.1,148.2,6.8,LE,77.3,E,590.1,D,92.2,LE
ASSAM,GOLAGHAT,2026-09-06,0.1,57.300000000000004,108.2,124.5,12.6,LD,0.1,LD,590.2,D,92.3,LE
ASSAM,GOLAGHAT,2026-09-07,2.5,27.200000000000003,94.80000000000001,127.0,7.9,LD,77.3,E,592.7,D,94.8,LE
ASSAM,GOLAGHAT,2026-09-08,6.8,9.4,82.10000000000001,133.8,8.0,N,6.8,N,599.5,D,101.6,E
ASSAM,GOLAGHAT,2026-09-09,2.8,12.100000000000001,69.7,126.4,7.1,LD,41.3,N,602.3,D,104.4,E
ASSAM,GOLAGHAT,2026-09-10,0.1,9.700000000000001,69.50000000000001,126.5,8.7,LD,41.3,N,827.0,N,104.5,E
ASSAM,GOLAGHAT,2026-09-11,1.2,4.1,38.1,126.7,7.0,LD,41.3,N,603.6,D,105.7,E
ASSAM,GOLAGHAT,2026-09-12,12.8,14.100000000000001,26.3,138.9,5.2,LE,12.8,LE,616.4,D,118.5,E
ASSAM,GOLAGHAT,2026-09-13,0.1,14.100000000000001,26.3,134.5,8.6,LD,41.3,N,616.5,D,118.7,N
ASSAM,GOLAGHAT,2026-09-14,5.4,18.3,29.2,139.9,7.1,D,5.4,D,621.9,D,124.0,N
ASSAM,GOLAGHAT,2026-09-15,0.0,5.5,22.4,124.0,5.2,NR,41.3,N,827.0,N,124.0,N
ASSAM,GOLAGHAT,2026-09-16,0.0,5.4,19.6,104.5,5.1,NR,0.0,NR,621.9,D,124.0,N
ASSAM,GOLAGHAT,2026-09-17,13.3,13.3,32.8,102.6,9.1,E,28.1,D,635.2,D,137.3,N
ASSAM,GOLAGHAT,2026-09-18,0.0,13.3,31.6,102.30000000000001,6.7,NR,0.0,NR,635.2,D,137.3,N
ASSAM,GOLAGHAT,2026-09-19,3.1,16.400000000000002,21.900000000000002,72.80000000000001,4.1,D,3.1,D,638.2,D,140.4,N
ASSAM,GOLAGHAT,2026-09-20,0.0,3.1,21.8,48.2,7.3,NR,0.0,NR,638.2,D,140.4,N
ASSAM,GOLAGHAT,2026-09-21,0.2,3.3000000000000003,16.6,48.3,5.6,LD,28.1,D,855.2,N,140.6,N
ASSAM,HAILAKANDI,2026-08-19,22.7,22.7,22.7,22.7,10.9,LE,22.7,LE,615.0,D,135.8,N
ASSAM,HAILAKANDI,2026-08-20,2.4,25.099999999999998,25.099999999999998,25.099999999999998,10.4,LD,79.6,N,617.4,D,138.1,N
ASSAM,HAILAKANDI,2026-08-21,15.4,40.5,40.5,40.5,6.2,LE,79.6,N,873.0,D,153.5,N
ASSAM,HAILAKANDI,2026-08-22,0.9,18.7,41.4,41.4,5.8,LD,79.6,N,633.7,D,154.5,N
ASSAM,HAILAKANDI,2026-08-23,1.8,18.1,43.2,43.2,8.5,LD,1.8,LD,635.5,D,156.2,N
ASSAM,HAILAKANDI,2026-08-24,9.0,11.7,52.2,52.2,8.9,N,79.6,N,644.5,D,165.2,N
ASSAM,HAILAKANDI,2026-08-25,3.7,14.5,55.9,55.9,6.5,D,79.6,N,873.0,D,168.9,N
ASSAM,HAILAKANDI,2026-08-26,0.8,13.499999999999998,34.00000000000001,56.7,10.0,LD,115.3,E,649.0,D,169.7,N
ASSAM,HAILAKANDI,2026-08-27,6.0,10.499999999999998,37.6,62.7,8.0,D,6.0,D,655.0,D,175.7,N
ASSAM,HAILAKANDI,2026-08-28,17.0,23.799999999999997,39.2,79.7,7.2,LE,17.0,LE,672.0,D,192.8,N
ASSAM,HAILAKANDI,2026-08-29,0.9,23.899999999999995,39.2,80.6,4.8,LD,115.3,E,672.9,D,193.6,N
ASSAM,HAILAKANDI,2026-08-30,0.1,17.999999999999996,37.5,80.7,8.4,LD,115.3,E,673.0,D,193.7,N
ASSAM,HAILAKANDI,2026-08-31,8.2,9.199999999999996,36.7,88.9,5.9,E,115.3,E,681.2,D,201.9,N
ASSAM,HAILAKANDI,2026-09-01,27.4,35.699999999999996,60.39999999999999,116.3,5.9,LE,115.3,E,988.4,N,27.4,LE
ASSAM,HAILAKANDI,2026-09-02,13.9,49.49999999999999,73.5,130.2,7.0,LE,136.5,LE,722.5,N,41.3,LE
ASSAM,HAILAKANDI,2026-09-03,3.8,45.1,71.3,111.3,10.5,LD,136.5,LE,1124.9,N,45.1,LE
ASSAM,HAILAKANDI,2026-09-04,22.5,40.2,76.8,131.4,8.5,LE,136.5,LE,748.8,N,67.6,LE
ASSAM,HAILAKANDI,2026-09-05,3.1,29.400000000000002,78.99999999999999,119.1,7.7,LD,136.5,LE,752.0,N,70.8,LE
ASSAM,HAILAKANDI,2026-09-06,3.6,29.2,82.5,121.8,5.1,D,3.6,D,755.6,N,74.4,LE
ASSAM,HAILAKANDI,2026-09-07,0.4,7.1000000000000005,74.69999999999999,120.39999999999999,8.9,LD,136.5,LE,756.0,N,74.7,E
ASSAM,HAILAKANDI,2026-09-08,10.6,14.6,57.900000000000006,122.0,8.0,E,10.6,E,766.6,N,85.4,E
ASSAM,HAILAKANDI,2026-09-09,2.0,13.0,46.0,120.29999999999998,7.0,LD,64.4,N,768.6,N,87.4,E
ASSAM,HAILAKANDI,2026-09-10,0.7,13.299999999999999,42.9,120.19999999999999,7.0,LD,64.4,N,1189.3,N,88.0,N
ASSAM,HAILAKANDI,2026-09-11,0.8,3.5,21.2,115.0,6.9,LD,64.4,N,770.1,N,88.8,N
ASSAM,HAILAKANDI,2026-09-12,7.8,9.3,25.9,105.8,6.6,N,7.8,N,777.8,N,96.6,N
ASSAM,HAILAKANDI,2026-09-13,0.3,8.9,22.6,105.2,7.4,LD,64.4,N,778.1,N,96.9,N
ASSAM,HAILAKANDI,2026-09-14,0.1,8.2,22.299999999999997,105.19999999999999,4.6,LD,0.1,LD,778.2,D,97.0,N
ASSAM,HAILAKANDI,2026-09-15,0.1,0.5,11.8,97.10000000000001,9.8,LD,64.4,N,1189.3,N,97.1,N
ASSAM,HAILAKANDI,2026-09-16,0.6,0.8,10.4,70.3,4.2,LD,0.6,LD,778.9,D,97.7,N
ASSAM,HAILAKANDI,2026-09-17,0.2,0.8999999999999999,9.9,56.6,7.3,LD,79.3,N,779.2,D,97.9,D
ASSAM,HAILAKANDI,2026-09-18,0.1,0.8999999999999999,9.2,52.9,4.7,LD,0.1,LD,779.3,D,98.1,D
ASSAM,HAILAKANDI,2026-09-19,0.2,0.5,1.6,30.599999999999998,3.3,LD,0.2,LD,779.6,D,98.3,D
ASSAM,HAILAKANDI,2026-09-20,0.4,0.7,1.7,27.9,7.1,LD,0.4,LD,780.0,D,98.8,D
ASSAM,HAILAKANDI,2026-09-21,2.1,2.7,3.7,26.4,4.6,D,79.3,N,1268.6,N,100.8,D
ASSAM,HOJAI,2026-08-19,6.9,6.9,6.9,6.9,7.5,N,6.9,N,410.7,D,127.3,N
ASSAM,HOJAI,2026-08-20,0.0,6.9,6.9,6.9,7.1,NR,0.0,NR,410.7,D,127.3,N
ASSAM,HOJAI,2026-08-21,33.1,40.0,40.0,40.0,8.8,LE,33.1,LE,443.8,D,160.4,N
ASSAM,HOJAI,2026-08-22,0.0,33.1,40.0,40.0,5.6,NR,0.0,NR,443.8,D,160.4,N
ASSAM,HOJAI,2026-08-23,2.5,35.6,42.5,42.5,6.2,LD,2.5,LD,446.3,D,162.9,N
ASSAM,HOJAI,2026-08-24,29.4,31.9,71.9,71.9,5.5,LE,29.4,LE,475.7,D,192.3,N
ASSAM,HOJAI,2026-08-25,0.0,31.9,71.9,71.9,6.4,NR,0.0,NR,475.7,D,192.3,N
ASSAM,HOJAI,2026-08-26,0.0,29.4,65.0,71.9,6.0,NR,0.0,NR,475.7,D,192.3,N
ASSAM,HOJAI,2026-08-27,7.9,7.9,72.89999999999999,79.8,9.3,N,7.9,N,483.6,D,200.2,N
ASSAM,HOJAI,2026-08-28,0.0,7.9,39.8,79.8,7.0,NR,0.0,NR,483.6,D,200.2,N
ASSAM,HOJAI,2026-08-29,16.9,24.799999999999997,56.699999999999996,96.69999999999999,6.6,LE,16.9,LE,500.5,D,217.1,N
ASSAM,HOJAI,2026-08-30,1.7,18.599999999999998,55.9,98.39999999999999,8.8,LD,1.7,LD,502.1,D,218.8,N
ASSAM,HOJAI,2026-08-31,6.8,25.399999999999995,33.3,105.19999999999999,5.2,E,6.8,E,509.0,D,225.6,N
ASSAM,HOJAI,2026-09-01,20.5,28.999999999999996,53.8,125.69999999999999,8.6,LE,20.5,LE,529.5,D,20.5,LE
ASSAM,HOJAI,2026-09-02,6.0,33.3,59.8,131.7,3.9,E,6.0,E,535.5,D,26.5,LE
ASSAM,HOJAI,2026-09-03,0.2,26.699999999999996,52.1,124.99999999999999,5.3,LD,0.2,LD,535.7,D,26.7,E
ASSAM,HOJAI,2026-09-04,35.8,41.99999999999999,87.9,160.79999999999998,7.1,LE,35.8,LE,571.4,N,62.4,LE
ASSAM,HOJAI,2026-09-05,7.1,43.099999999999994,78.1,134.79999999999998,7.1,N,7.1,N,578.5,N,69.5,LE
ASSAM,HOJAI,2026-09-06,0.0,42.89999999999999,76.4,134.79999999999998,6.1,NR,0.0,NR,578.5,N,69.5,LE
ASSAM,HOJAI,2026-09-07,0.0,7.0999999999999925,69.6,132.29999999999998,5.5,NR,0.0,NR,578.5,N,69.5,LE
ASSAM,HOJAI,2026-09-08,0.0,0.0,49.1,102.89999999999999,6.5,NR,0.0,NR,578.5,N,69.5,E
ASSAM,HOJAI,2026-09-09,54.6,54.599999999999994,97.7,157.5,10.4,LE,54.6,LE,633.1,N,124.2,LE
ASSAM,HOJAI,2026-09-10,0.0,54.599999999999994,97.5,157.5,6.0,NR,0.0,NR,633.1,N,124.2,LE
ASSAM,HOJAI,2026-09-11,0.0,54.599999999999994,61.7,149.6,8.3,NR,0.0,NR,633.1,N,124.1,LE
ASSAM,HOJAI,2026-09-12,9.8,9.799999999999994,64.4,159.4,6.8,E,9.8,E,642.9,N,133.9,LE
ASSAM,HOJAI,2026-09-13,2.1,11.899999999999993,66.5,144.6,5.6,LD,2.1,LD,645.0,N,136.0,E
ASSAM,HOJAI,2026-09-14,0.0,11.899999999999993,66.5,142.9,4.8,NR,0.0,NR,645.0,N,136.0,E
ASSAM,HOJAI,2026-09-15,0.0,2.099999999999993,66.5,136.1,6.7,NR,0.0,NR,645.0,N,136.0,E
ASSAM,HOJAI,2026-09-16,0.0,0.0,11.9,115.6,5.4,NR,0.0,NR,645.0,N,136.0,E
ASSAM,HOJAI,2026-09-17,0.0,0.0,11.9,109.6,6.0,NR,0.0,NR,645.0,N,136.0,E
ASSAM,HOJAI,2026-09-18,1.5,1.499999999999993,13.4,110.9,5.2,LD,1.5,LD,646.5,N,137.5,E
ASSAM,HOJAI,2026-09-19,0.0,1.499999999999993,3.6,75.1,5.1,NR,0.0,NR,646.5,N,137.5,N
ASSAM,HOJAI,2026-09-20,0.7,2.199999999999993,2.2,68.7,4.0,LD,0.7,LD,647.2,N,138.2,N
ASSAM,HOJAI,2026-09-21,3.0,3.699999999999993,5.2,71.7,5.8,D,0.7,LD,647.2,N,141.2,N
ASSAM,JORHAT,2026-08-19,0.7,0.7,0.7,0.7,23.8,LD,0.7,LD,1256.8,D,231.7,D
ASSAM,JORHAT,2026-08-20,37.5,38.2,38.2,38.2,18.3,LE,63.9,N,1294.3,D,269.2,D
ASSAM,JORHAT,2026-08-21,9.0,47.2,47.2,47.2,12.2,D,63.9,N,665.2,D,278.2,D
ASSAM,JORHAT,2026-08-22,13.6,60.1,60.800000000000004,60.800000000000004,14.7,N,63.9,N,1316.9,D,291.8,D
ASSAM,JORHAT,2026-08-23,0.0,22.6,60.800000000000004,60.800000000000004,10.1,NR,0.0,NR,1316.9,D,291.8,D
ASSAM,JORHAT,2026-08-24,0.0,13.6,60.800000000000004,60.800000000000004,15.2,ND,63.9,N,1316.9,D,291.8,D
ASSAM,JORHAT,2026-08-25,0.7,0.7,61.5,61.5,12.0,LD,63.9,N,665.2,D,292.6,D
ASSAM,JORHAT,2026-08-26,14.1,14.799999999999999,74.9,75.6,12.0,N,22.9,LD,1331.8,D,306.7,D
ASSAM,JORHAT,2026-08-27,2.2,17.0,39.6,77.8,12.8,LD,2.2,LD,1333.9,D,308.8,D
ASSAM,JORHAT,2026-08-28,8.9,25.2,39.5,86.7,18.2,D,8.9,D,1342.8,D,317.7,D
ASSAM,JORHAT,2026-08-29,26.0,37.1,51.9,112.7,12.6,LE,22.9,LD,1368.8,D,343.7,D
ASSAM,JORHAT,2026-08-30,0.0,34.9,51.9,112.7,16.6,NR,22.9,LD,1368.8,D,343.7,D
ASSAM,JORHAT,2026-08-31,31.0,57.0,82.9,143.7,15.1,LE,22.9,LD,1399.8,D,374.7,D
ASSAM,JORHAT,2026-09-01,1.0,32.0,83.19999999999999,144.7,13.3,LD,22.9,LD,688.0,D,1.0,LD
ASSAM,JORHAT,2026-09-02,5.3,37.3,74.4,150.0,9.5,D,43.9,D,1406.1,D,6.3,LD
ASSAM,JORHAT,2026-09-03,15.3,21.6,87.5,164.60000000000002,12.4,E,43.9,D,732.0,D,21.6,D
ASSAM,JORHAT,2026-09-04,0.6,21.200000000000003,79.19999999999999,127.7,15.9,LD,43.9,D,1422.0,D,22.2,D
ASSAM,JORHAT,2026-09-05,16.7,32.6,69.9,135.4,19.4,N,43.9,D,1438.7,D,38.9,D
ASSAM,JORHAT,2026-09-06,2.7,20.0,72.60000000000001,124.50000000000001,19.6,LD,2.7,LD,1441.4,D,41.6,D
ASSAM,JORHAT,2026-09-07,0.0,19.4,41.6,124.50000000000001,13.1,NR,43.9,D,1441.4,D,41.6,LD
ASSAM,JORHAT,2026-09-08,4.2,6.9,44.800000000000004,128.70000000000002,11.1,LD,4.2,LD,1445.6,D,45.8,LD
ASSAM,JORHAT,2026-09-09,6.7,10.9,46.2,134.7,13.2,D,41.7,D,1452.3,D,52.5,D
ASSAM,JORHAT,2026-09-10,0.0,10.9,30.900000000000002,120.6,10.7,NR,41.7,D,773.6,D,52.5,LD
ASSAM,JORHAT,2026-09-11,0.0,6.7,30.3,118.4,10.0,ND,41.7,D,1452.3,D,52.5,LD
ASSAM,JORHAT,2026-09-12,42.4,42.4,56.0,151.9,7.6,LE,42.4,LE,1494.7,D,94.9,D
ASSAM,JORHAT,2026-09-13,1.0,43.4,54.3,126.9,14.3,LD,41.7,D,1495.7,D,95.9,D
ASSAM,JORHAT,2026-09-14,0.0,43.4,54.3,126.9,11.7,NR,0.0,NR,1495.7,D,95.9,D
ASSAM,JORHAT,2026-09-15,0.0,1.0,50.1,95.9,15.1,NR,41.7,D,773.6,D,95.9,D
ASSAM,JORHAT,2026-09-16,1.8,1.8,45.199999999999996,96.7,12.7,LD,1.8,LD,1497.5,D,97.7,D
ASSAM,JORHAT,2026-09-17,39.8,41.599999999999994,85.0,131.2,11.8,LE,15.3,LD,1537.3,D,137.5,D
ASSAM,JORHAT,2026-09-18,26.5,68.1,111.5,142.39999999999998,10.0,LE,26.5,LE,1563.8,D,164.0,D
ASSAM,JORHAT,2026-09-19,0.0,66.3,69.1,141.79999999999998,13.7,NR,0.0,NR,1563.8,D,164.0,D
ASSAM,JORHAT,2026-09-20,0.0,26.5,68.1,125.1,12.6,NR,0.0,NR,1563.8,D,164.0,D
ASSAM,JORHAT,2026-09-21,0.0,0.0,68.1,122.39999999999998,7.4,NR,15.3,LD,789.0,D,164.0,D
ASSAM,KAMRUP METRO,2026-08-19,1.9,1.9,1.9,1.9,16.1,LD,1.9,LD,1723.8,E,8.0,LD
ASSAM,KAMRUP METRO,2026-08-20,42.9,44.8,44.8,44.8,17.4,LE,39.5,D,1766.8,E,8.0,LD
ASSAM,KAMRUP METRO,2026-08-21,1.4,46.199999999999996,46.199999999999996,46.199999999999996,17.4,LD,39.5,D,615.0,D,8.0,LD
ASSAM,KAMRUP METRO,2026-08-22,26.1,70.4,72.3,72.3,18.3,E,39.5,D,1794.3,E,8.0,LD
ASSAM,KAMRUP METRO,2026-08-23,0.0,27.5,72.3,72.3,19.7,NR,0.0,NR,1794.3,N,8.0,LD
ASSAM,KAMRUP METRO,2026-08-24,12.8,38.900000000000006,85.1,85.1,22.4,D,39.5,D,1807.1,N,8.0,LD
ASSAM,KAMRUP METRO,2026-08-25,21.1,33.900000000000006,106.2,106.2,19.5,N,39.5,D,615.0,D,8.0,LD
ASSAM,KAMRUP METRO,2026-08-26,1.6,35.5,105.89999999999999,107.8,15.5,LD,34.0,D,1829.8,N,8.0,LD
ASSAM,KAMRUP METRO,2026-08-27,23.3,46.0,86.30000000000001,131.1,18.5,E,23.3,E,1853.2,N,8.0,LD
ASSAM,KAMRUP METRO,2026-08-28,27.4,52.3,112.3,158.5,12.6,LE,27.4,LE,1880.6,N,8.0,LD
ASSAM,KAMRUP METRO,2026-08-29,3.1,53.8,89.3,161.6,11.8,LD,34.0,D,1883.7,N,8.0,LD
ASSAM,KAMRUP METRO,2026-08-30,1.1,31.599999999999998,90.4,162.7,14.5,LD,34.0,D,1884.8,N,8.0,LD
ASSAM,KAMRUP METRO,2026-08-31,35.6,39.8,113.20000000000002,198.3,12.8,LE,34.0,D,1920.4,N,8.0,LD
ASSAM,KAMRUP METRO,2026-09-01,35.1,71.80000000000001,127.2,233.4,14.0,LE,34.0,D,649.0,D,8.0,LD
ASSAM,KAMRUP METRO,2026-09-02,25.8,96.50000000000001,151.4,259.2,16.5,E,73.5,E,1981.3,N,8.0,LD
ASSAM,KAMRUP METRO,2026-09-03,0.0,60.900000000000006,128.1,257.3,13.0,NR,73.5,E,722.5,N,8.0,LD
ASSAM,KAMRUP METRO,2026-09-04,36.5,62.300000000000004,137.2,250.89999999999998,17.4,LE,73.5,E,2017.8,N,8.0,LD
ASSAM,KAMRUP METRO,2026-09-05,28.9,65.4,163.0,278.40000000000003,15.5,LE,73.5,E,2046.7,E,8.0,LD
ASSAM,KAMRUP METRO,2026-09-06,8.3,73.7,170.20000000000002,260.59999999999997,11.8,D,8.3,D,2055.0,N,8.0,LD
ASSAM,KAMRUP METRO,2026-09-07,0.2,37.4,134.79999999999998,260.8,11.8,LD,73.5,E,2055.2,N,8.0,LD
ASSAM,KAMRUP METRO,2026-09-08,21.6,30.1,121.3,269.6,11.4,LE,21.6,LE,2076.8,N,8.0,LD
ASSAM,KAMRUP METRO,2026-09-09,0.1,21.900000000000002,95.6,248.60000000000002,10.8,LD,46.1,N,2076.9,N,8.0,LD
ASSAM,KAMRUP METRO,2026-09-10,0.0,21.700000000000003,95.6,247.0,16.5,NR,46.1,N,768.6,N,8.0,LD
ASSAM,KAMRUP METRO,2026-09-11,0.0,0.1,59.1,223.70000000000002,15.2,NR,46.1,N,2076.9,N,8.0,LD
ASSAM,KAMRUP METRO,2026-09-12,20.2,20.2,50.400000000000006,216.5,19.2,N,20.2,N,2097.0,N,8.0,LD
ASSAM,KAMRUP METRO,2026-09-13,0.0,20.2,42.10000000000001,213.4,12.8,NR,46.1,N,2097.0,N,8.0,LD
ASSAM,KAMRUP METRO,2026-09-14,1.1,21.3,43.0,213.4,15.1,LD,1.1,LD,2098.1,N,8.0,LD
ASSAM,KAMRUP METRO,2026-09-15,0.0,1.1,21.400000000000002,177.79999999999998,12.4,NR,46.1,N,768.6,N,8.0,LD
ASSAM,KAMRUP METRO,2026-09-16,14.9,16.0,36.2,157.6,13.4,N,14.9,N,2113.0,N,8.0,LD
ASSAM,KAMRUP METRO,2026-09-17,51.9,66.8,88.1,183.7,13.7,LE,10.3,LD,2164.9,N,8.0,LD
ASSAM,KAMRUP METRO,2026-09-18,1.9,68.7,90.0,185.6,14.4,LD,1.9,LD,2166.8,N,8.0,LD
ASSAM,KAMRUP METRO,2026-09-19,0.0,53.8,69.8,149.10000000000002,15.2,NR,0.0,NR,2166.8,N,8.0,LD
ASSAM,KAMRUP METRO,2026-09-20,1.0,2.9,70.8,121.20000000000002,13.4,LD,1.0,LD,2167.8,N,8.0,LD
ASSAM,KAMRUP METRO,2026-09-21,2.4,3.4,72.1,115.3,12.1,LD,10.3,LD,778.9,D,8.0,LD
ASSAM,KAMRUP RURAL,2026-08-19,0.1,0.1,0.1,0.1,14.5,LD,0.1,LD,1955.8,N,3.5,LD
ASSAM,KAMRUP RURAL,2026-08-20,0.0,0.1,0.1,0.1,16.8,NR,7.2,LD,1955.8,N,3.5,LD
ASSAM,KAMRUP RURAL,2026-08-21,16.4,16.5,16.5,16.5,14.6,N,7.2,LD,387.4,LD,3.5,LD
ASSAM,KAMRUP RURAL,2026-08-22,4.5,20.9,21.0,21.0,13.4,LD,7.2,LD,1976.8,N,3.5,LD
ASSAM,KAMRUP RURAL,2026-08-23,0.5,21.4,21.5,21.5,16.8,LD,0.5,LD,1977.3,N,3.5,LD
ASSAM,KAMRUP RURAL,2026-08-24,13.3,18.3,34.8,34.8,20.9,D,7.2,LD,1990.6,N,3.5,LD
ASSAM,KAMRUP RURAL,2026-08-25,0.0,13.8,34.8,34.8,16.9,NR,7.2,LD,387.4,LD,3.5,LD
ASSAM,KAMRUP RURAL,2026-08-26,0.8,14.100000000000001,35.5,35.6,28.2,LD,88.4,E,1991.4,N,3.5,LD
ASSAM,KAMRUP RURAL,2026-08-27,1.6,2.4000000000000004,37.1,37.2,19.7,LD,1.6,LD,1993.0,N,3.5,LD
ASSAM,KAMRUP RURAL,2026-08-28,0.0,2.4000000000000004,20.7,37.2,14.2,NR,0.0,NR,1993.0,N,3.5,LD
ASSAM,KAMRUP RURAL,2026-08-29,12.4,14.0,28.6,49.6,15.8,D,88.4,E,2005.4,N,3.5,LD
ASSAM,KAMRUP RURAL,2026-08-30,2.2,14.600000000000001,30.3,51.800000000000004,21.2,LD,88.4,E,2007.6,N,3.5,LD
ASSAM,KAMRUP RURAL,2026-08-31,39.7,54.300000000000004,56.7,91.5,13.8,LE,88.4,E,2047.3,N,3.5,LD
ASSAM,KAMRUP RURAL,2026-09-01,18.4,60.300000000000004,75.1,109.9,11.9,E,88.4,E,475.8,D,3.5,LD
ASSAM,KAMRUP RURAL,2026-09-02,3.8,61.9,78.10000000000001,113.7,16.3,LD,56.8,N,2069.4,N,3.5,LD
ASSAM,KAMRUP RURAL,2026-09-03,0.3,22.5,76.8,113.9,15.3,LD,56.8,N,532.6,D,3.5,LD
ASSAM,KAMRUP RURAL,2026-09-04,3.2,7.3,80.0,117.10000000000001,16.7,LD,56.8,N,2073.0,N,3.5,LD
ASSAM,KAMRUP RURAL,2026-09-05,16.4,19.9,84.0,117.10000000000001,12.1,E,56.8,N,2089.3,N,3.5,LD
ASSAM,KAMRUP RURAL,2026-09-06,0.5,20.099999999999998,82.3,113.10000000000001,11.3,LD,0.5,LD,2089.8,N,3.5,LD
ASSAM,KAMRUP RURAL,2026-09-07,1.7,18.599999999999998,44.3,114.30000000000001,12.2,LD,56.8,N,2091.5,N,3.5,LD
ASSAM,KAMRUP RURAL,2026-09-08,2.0,4.2,27.9,103.00000000000001,16.9,LD,2.0,LD,2093.5,N,3.5,LD
ASSAM,KAMRUP RURAL,2026-09-09,0.0,3.7,24.099999999999998,103.00000000000001,16.4,NR,69.7,N,2093.5,N,3.5,LD
ASSAM,KAMRUP RURAL,2026-09-10,16.6,18.6,40.4,118.80000000000001,17.9,N,69.7,N,602.3,D,3.5,LD
ASSAM,KAMRUP RURAL,2026-09-11,1.5,18.1,38.7,118.7,15.0,LD,69.7,N,2111.7,N,3.5,LD
ASSAM,KAMRUP RURAL,2026-09-12,0.0,18.1,22.3,118.7,13.1,NR,0.0,NR,2111.7,N,3.5,LD
ASSAM,KAMRUP RURAL,2026-09-13,46.5,48.0,68.3,152.8,13.9,LE,69.7,N,2158.2,N,3.5,LD
ASSAM,KAMRUP RURAL,2026-09-14,0.0,46.5,66.6,150.6,10.5,NR,0.0,NR,2158.2,N,3.5,LD
ASSAM,KAMRUP RURAL,2026-09-15,1.2,47.7,65.8,112.10000000000001,16.0,LD,69.7,N,602.3,D,3.5,LD
ASSAM,KAMRUP RURAL,2026-09-16,22.7,23.9,88.5,116.4,15.9,E,22.7,E,2182.1,N,3.5,LD
ASSAM,KAMRUP RURAL,2026-09-17,35.5,59.4,107.4,148.1,30.0,N,19.6,D,2217.6,N,3.5,LD
ASSAM,KAMRUP RURAL,2026-09-18,42.4,100.6,148.3,190.2,12.2,LE,42.4,LE,2260.0,N,3.5,LD
ASSAM,KAMRUP RURAL,2026-09-19,0.0,77.9,148.3,187.0,9.7,NR,0.0,NR,2260.0,N,3.5,LD
ASSAM,KAMRUP RURAL,2026-09-20,0.0,42.4,101.8,170.6,9.5,NR,0.0,NR,2260.0,N,3.5,LD
ASSAM,KAMRUP RURAL,2026-09-21,0.0,0.0,101.8,170.1,14.6,NR,19.6,D,621.9,D,3.5,LD
ASSAM,KARBI ANALOG,2026-08-19,34.6,34.6,34.6,34.6,8.7,LE,34.6,LE,499.9,D,8.7,LD
ASSAM,KARBI ANALOG,2026-08-20,0.5,35.1,35.1,35.1,11.2,LD,37.2,D,500.4,D,8.7,LD
ASSAM,KARBI ANALOG,2026-08-21,7.8,42.9,42.9,42.9,11.7,D,37.2,D,410.7,D,8.7,LD
ASSAM,KARBI ANALOG,2026-08-22,1.5,9.8,44.4,44.4,9.6,LD,37.2,D,509.7,D,8.7,LD
ASSAM,KARBI ANALOG,2026-08-23,3.2,12.5,47.6,47.6,11.4,LD,3.2,LD,512.9,D,8.7,LD
ASSAM,KARBI ANALOG,2026-08-24,0.7,5.4,48.300000000000004,48.300000000000004,7.4,LD,37.2,D,513.6,D,8.7,LD
ASSAM,KARBI ANALOG,2026-08-25,0.0,3.9000000000000004,48.300000000000004,48.300000000000004,6.3,NR,37.2,D,410.7,D,8.7,LD
ASSAM,KARBI ANALOG,2026-08-26,0.7,1.4,14.4,49.0,10.9,LD,65.0,E,514.3,D,8.7,LD
ASSAM,KARBI ANALOG,2026-08-27,34.3,35.0,48.199999999999996,83.3,7.7,LE,34.3,LE,548.6,D,8.7,LD
ASSAM,KARBI ANALOG,2026-08-28,3.0,38.0,43.4,86.3,6.9,D,3.0,D,551.6,D,8.7,LD
ASSAM,KARBI ANALOG,2026-08-29,5.9,43.199999999999996,47.8,92.2,6.6,N,65.0,E,557.5,D,8.7,LD
ASSAM,KARBI ANALOG,2026-08-30,3.7,12.600000000000001,48.3,95.89999999999999,10.7,LD,65.0,E,561.2,D,8.7,LD
ASSAM,KARBI ANALOG,2026-08-31,19.4,29.0,67.0,115.3,9.5,LE,65.0,E,580.7,D,8.7,LD
ASSAM,KARBI ANALOG,2026-09-01,14.1,37.2,81.1,129.4,10.6,E,65.0,E,475.7,D,8.7,LD
ASSAM,KARBI ANALOG,2026-09-02,6.6,40.099999999999994,86.99999999999999,136.0,7.3,N,59.8,E,601.3,D,8.7,LD
ASSAM,KARBI ANALOG,2026-09-03,2.2,22.9,54.9,103.60000000000001,8.2,LD,59.8,E,535.5,D,8.7,LD
ASSAM,KARBI ANALOG,2026-09-04,0.5,9.3,52.4,103.6,7.8,LD,59.8,E,604.0,D,8.7,LD
ASSAM,KARBI ANALOG,2026-09-05,0.0,2.7,46.5,95.8,9.3,NR,59.8,E,604.0,D,8.7,LD
ASSAM,KARBI ANALOG,2026-09-06,0.2,0.7,43.0,94.49999999999999,6.6,LD,0.2,LD,604.2,D,8.7,LD
ASSAM,KARBI ANALOG,2026-09-07,1.4,1.5999999999999999,25.0,92.69999999999999,6.8,LD,59.8,E,605.6,D,8.7,LD
ASSAM,KARBI ANALOG,2026-09-08,4.7,6.3,15.6,96.7,7.4,D,4.7,D,610.2,D,8.7,LD
ASSAM,KARBI ANALOG,2026-09-09,0.7,6.8,9.7,97.4,9.9,LD,97.6,LE,610.9,D,8.7,LD
ASSAM,KARBI ANALOG,2026-09-10,0.0,5.4,7.5,96.7,6.8,NR,97.6,LE,633.1,N,8.7,LD
ASSAM,KARBI ANALOG,2026-09-11,0.0,0.7,7.0,62.4,6.9,NR,97.6,LE,610.9,D,8.7,LD
ASSAM,KARBI ANALOG,2026-09-12,3.7,3.7,10.7,63.1,5.3,D,3.7,D,614.6,D,8.7,LD
ASSAM,KARBI ANALOG,2026-09-13,2.4,6.1,12.9,59.6,10.3,LD,97.6,LE,617.0,D,8.7,LD
ASSAM,KARBI ANALOG,2026-09-14,0.0,6.1,11.5,55.9,6.0,NR,0.0,NR,617.0,D,8.7,LD
ASSAM,KARBI ANALOG,2026-09-15,0.0,2.4,6.800000000000001,36.5,5.3,NR,97.6,LE,633.1,N,8.7,LD
ASSAM,KARBI ANALOG,2026-09-16,0.7,0.7,6.8,23.099999999999998,4.7,LD,0.7,LD,617.8,D,8.7,LD
ASSAM,KARBI ANALOG,2026-09-17,0.5,1.2,7.3,17.0,7.7,LD,11.9,LD,618.3,D,8.7,LD
ASSAM,KARBI ANALOG,2026-09-18,0.7,1.9,8.0,15.5,9.5,LD,0.7,LD,619.0,D,8.7,LD
ASSAM,KARBI ANALOG,2026-09-19,0.0,1.2,4.3,15.0,6.0,NR,0.0,NR,619.0,D,8.7,LD
ASSAM,KARBI ANALOG,2026-09-20,6.3,7.0,8.2,21.3,3.3,LE,6.3,LE,625.3,D,8.7,LD
ASSAM,KARBI ANALOG,2026-09-21,1.0,7.3,9.2,22.1,6.0,LD,11.9,LD,645.0,N,8.7,LD
ASSAM,KOKRAJHAR,2026-08-19,6.8,6.8,6.8,6.8,8.0,N,6.8,N,336.3,D,88.7,D
ASSAM,KOKRAJHAR,2026-08-20,0.0,6.8,6.8,6.8,6.8,NR,170.1,E,336.3,D,88.7,D
ASSAM,KOKRAJHAR,2026-08-21,16.8,23.6,23.6,23.6,9.2,LE,170.1,E,1955.8,N,105.4,D
ASSAM,KOKRAJHAR,2026-08-22,0.1,16.900000000000002,23.700000000000003,23.700000000000003,7.8,LD,170.1,E,353.2,D,105.6,D
ASSAM,KOKRAJHAR,2026-08-23,1.3,18.2,25.0,25.0,8.6,LD,1.3,LD,354.5,D,106.9,D
ASSAM,KOKRAJHAR,2026-08-24,0.3,1.7000000000000002,25.3,25.3,10.5,LD,170.1,E,354.8,D,107.2,D
ASSAM,KOKRAJHAR,2026-08-25,0.0,1.6,25.3,25.3,12.5,NR,170.1,E,1955.8,N,107.2,D
ASSAM,KOKRAJHAR,2026-08-26,0.3,0.6,18.8,25.6,7.0,LD,35.5,LD,355.1,D,107.4,D
ASSAM,KOKRAJHAR,2026-08-27,3.9,4.2,22.7,29.5,9.1,D,3.9,D,359.0,D,111.4,D
ASSAM,KOKRAJHAR,2026-08-28,0.0,4.199999999999999,5.9,29.5,11.6,NR,0.0,NR,359.0,D,111.4,D
ASSAM,KOKRAJHAR,2026-08-29,1.8,5.7,7.6000000000000005,31.3,10.0,LD,35.5,LD,360.8,D,113.2,D
ASSAM,KOKRAJHAR,2026-08-30,0.3,2.1,6.6,31.6,7.0,LD,35.5,LD,361.2,D,113.5,D
ASSAM,KOKRAJHAR,2026-08-31,2.8,4.9,9.1,34.4,7.3,LD,35.5,LD,364.0,D,116.4,D
ASSAM,KOKRAJHAR,2026-09-01,52.1,55.2,61.2,86.5,8.4,LE,35.5,LD,1991.4,N,52.1,LE
ASSAM,KOKRAJHAR,2026-09-02,40.5,95.4,101.4,127.0,6.0,LE,78.1,D,456.7,D,92.7,LE
ASSAM,KOKRAJHAR,2026-09-03,0.0,92.60000000000001,97.5,120.2,8.2,NR,78.1,D,2069.4,N,92.7,LE
ASSAM,KOKRAJHAR,2026-09-04,4.4,44.9,101.9,124.60000000000001,7.9,D,78.1,D,461.0,D,97.0,LE
ASSAM,KOKRAJHAR,2026-09-05,6.2,10.600000000000001,106.3,114.0,8.3,D,78.1,D,467.3,D,103.3,LE
ASSAM,KOKRAJHAR,2026-09-06,0.0,10.600000000000001,106.0,113.89999999999999,5.9,NR,0.0,NR,467.3,D,103.3,LE
ASSAM,KOKRAJHAR,2026-09-07,2.3,8.5,105.50000000000001,114.9,6.1,LD,78.1,D,469.6,D,105.6,LE
ASSAM,KOKRAJHAR,2026-09-08,13.5,15.8,66.9,128.1,5.8,LE,13.5,LE,483.1,D,119.1,LE
ASSAM,KOKRAJHAR,2026-09-09,17.3,33.1,43.7,145.4,7.8,LE,24.1,LD,500.4,D,136.5,LE
ASSAM,KOKRAJHAR,2026-09-10,2.7,33.5,46.400000000000006,147.79999999999998,6.1,D,24.1,LD,2093.5,N,139.1,LE
ASSAM,KOKRAJHAR,2026-09-11,0.0,20.0,42.00000000000001,143.89999999999998,8.9,NR,24.1,LD,503.1,D,139.1,LE
ASSAM,KOKRAJHAR,2026-09-12,47.3,50.0,83.1,191.2,5.2,LE,47.3,LE,550.4,D,186.4,LE
ASSAM,KOKRAJHAR,2026-09-13,5.3,52.599999999999994,88.4,194.70000000000002,6.3,N,24.1,LD,555.7,D,191.7,LE
ASSAM,KOKRAJHAR,2026-09-14,0.0,52.599999999999994,86.10000000000001,194.4,8.0,NR,0.0,NR,555.7,D,191.7,LE
ASSAM,KOKRAJHAR,2026-09-15,2.0,7.3,74.60000000000001,193.60000000000002,5.8,LD,24.1,LD,2093.5,N,193.7,LE
ASSAM,KOKRAJHAR,2026-09-16,0.0,2.0,57.3,141.5,7.2,NR,0.0,NR,557.7,D,193.7,LE
ASSAM,KOKRAJHAR,2026-09-17,0.3,2.3,54.9,101.3,7.5,LD,88.6,N,558.0,D,194.1,LE
ASSAM,KOKRAJHAR,2026-09-18,10.7,11.0,65.6,112.0,5.6,LE,10.7,LE,568.7,D,204.8,LE
ASSAM,KOKRAJHAR,2026-09-19,0.0,11.0,18.299999999999997,107.6,4.0,NR,0.0,NR,568.7,D,204.8,E
ASSAM,KOKRAJHAR,2026-09-20,13.4,24.1,26.4,114.80000000000001,4.5,LE,13.4,LE,582.1,D,218.2,LE
ASSAM,KOKRAJHAR,2026-09-21,3.4,16.8,29.799999999999997,118.2,5.7,D,88.6,N,2182.1,N,221.6,LE
ASSAM,LAKHIMPUR,2026-08-19,0.1,0.1,0.1,0.1,9.4,LD,0.1,LD,427.6,LD,43.2,LD
ASSAM,LAKHIMPUR,2026-08-20,0.0,0.1,0.1,0.1,7.9,NR,99.8,N,427.6,LD,43.2,LD
ASSAM,LAKHIMPUR,2026-08-21,59.8,59.9,59.9,59.9,18.2,LE,99.8,N,1723.8,E,103.0,D
ASSAM,LAKHIMPUR,2026-08-22,0.0,59.8,59.9,59.9,16.8,NR,99.8,N,487.4,LD,103.0,D
ASSAM,LAKHIMPUR,2026-08-23,8.2,68.0,68.1,68.1,13.8,D,8.2,D,495.6,LD,111.1,D
ASSAM,LAKHIMPUR,2026-08-24,0.2,8.399999999999999,68.3,68.3,14.0,LD,99.8,N,495.8,LD,111.4,D
ASSAM,LAKHIMPUR,2026-08-25,7.7,16.1,76.0,76.0,12.2,D,99.8,N,1723.8,E,119.1,D
ASSAM,LAKHIMPUR,2026-08-26,0.0,7.9,75.9,76.0,15.8,NR,106.0,N,503.5,LD,119.1,D
ASSAM,LAKHIMPUR,2026-08-27,0.0,7.7,75.9,76.0,9.7,NR,0.0,NR,503.5,LD,119.1,LD
ASSAM,LAKHIMPUR,2026-08-28,2.1,2.1,18.2,78.1,14.1,LD,2.1,LD,505.6,LD,121.1,LD
ASSAM,LAKHIMPUR,2026-08-29,0.7,2.8,18.9,78.8,7.4,LD,106.0,N,506.2,LD,121.8,LD
ASSAM,LAKHIMPUR,2026-08-30,0.0,2.8,10.700000000000001,78.8,8.9,NR,106.0,N,506.2,LD,121.8,LD
ASSAM,LAKHIMPUR,2026-08-31,14.7,15.399999999999999,25.200000000000003,93.5,10.7,E,106.0,N,520.9,LD,136.5,LD
ASSAM,LAKHIMPUR,2026-09-01,8.6,23.299999999999997,26.099999999999998,102.1,5.9,E,106.0,N,1829.8,N,8.6,E
ASSAM,LAKHIMPUR,2026-09-02,11.3,34.6,37.400000000000006,113.4,7.5,E,151.5,E,540.8,LD,19.9,E
ASSAM,LAKHIMPUR,2026-09-03,0.0,19.9,37.400000000000006,113.30000000000001,8.5,NR,151.5,E,1981.3,N,19.9,N
ASSAM,LAKHIMPUR,2026-09-04,4.3,15.600000000000001,39.6,117.60000000000001,11.9,LD,151.5,E,545.1,LD,24.2,D
ASSAM,LAKHIMPUR,2026-09-05,1.0,5.3,39.9,58.8,10.2,LD,151.5,E,546.1,LD,25.2,D
ASSAM,LAKHIMPUR,2026-09-06,0.0,5.3,39.9,58.8,10.8,NR,0.0,NR,546.1,LD,25.2,D
ASSAM,LAKHIMPUR,2026-09-07,0.0,1.0,25.200000000000003,50.599999999999994,12.9,NR,151.5,E,546.1,LD,25.2,LD
ASSAM,LAKHIMPUR,2026-09-08,2.3,2.3,18.9,52.7,7.3,LD,2.3,LD,548.4,LD,27.5,LD
ASSAM,LAKHIMPUR,2026-09-09,8.2,10.5,15.799999999999999,53.199999999999996,7.2,N,95.5,N,556.6,LD,35.8,D
ASSAM,LAKHIMPUR,2026-09-10,0.0,10.5,15.799999999999999,53.199999999999996,9.3,NR,95.5,N,2076.9,N,35.8,LD
ASSAM,LAKHIMPUR,2026-09-11,1.3,9.5,12.8,54.5,10.7,LD,95.5,N,557.9,LD,37.0,LD
ASSAM,LAKHIMPUR,2026-09-12,0.0,1.3,11.8,52.4,12.8,NR,0.0,NR,557.9,LD,37.0,LD
ASSAM,LAKHIMPUR,2026-09-13,3.8,5.1,15.6,55.5,11.9,LD,95.5,N,561.7,LD,40.8,LD
ASSAM,LAKHIMPUR,2026-09-14,2.0,5.8,17.599999999999998,57.5,21.7,LD,2.0,LD,563.7,LD,42.9,LD
ASSAM,LAKHIMPUR,2026-09-15,0.0,5.8,15.299999999999999,42.8,17.7,NR,95.5,N,2076.9,N,42.9,LD
ASSAM,LAKHIMPUR,2026-09-16,0.8,2.8,7.8999999999999995,35.0,11.2,LD,0.8,LD,564.5,LD,43.6,LD
ASSAM,LAKHIMPUR,2026-09-17,48.0,48.8,55.9,71.69999999999999,12.6,LE,36.1,LD,612.4,LD,91.6,D
ASSAM,LAKHIMPUR,2026-09-18,0.0,48.8,54.6,71.69999999999999,10.2,NR,0.0,NR,612.4,LD,91.5,D
ASSAM,LAKHIMPUR,2026-09-19,2.8,50.8,57.4,70.2,9.5,LD,2.8,LD,615.2,LD,94.3,D
ASSAM,LAKHIMPUR,2026-09-20,0.0,2.8,53.599999999999994,69.2,9.1,NR,0.0,NR,615.2,LD,94.3,D
ASSAM,LAKHIMPUR,2026-09-21,0.0,2.8,51.599999999999994,69.2,9.4,NR,36.1,LD,2113.0,N,94.3,D
ASSAM,MAJULI,2026-08-19,26.3,26.3,26.3,26.3,6.6,LE,26.3,LE,826.6,N,242.6,E
ASSAM,MAJULI,2026-08-20,2.5,28.8,28.8,28.8,5.6,D,2.5,D,829.1,N,245.1,E
ASSAM,MAJULI,2026-08-21,4.3,33.1,33.1,33.1,7.3,D,4.3,D,833.4,N,249.4,E
ASSAM,MAJULI,2026-08-22,0.0,6.8,33.1,33.1,11.0,LD,0.0,LD,833.4,N,249.4,E
ASSAM,MAJULI,2026-08-23,11.4,15.7,44.5,44.5,10.0,N,11.4,N,844.8,N,260.8,E
ASSAM,MAJULI,2026-08-24,1.3,12.700000000000001,45.8,45.8,8.1,LD,1.3,LD,846.1,N,262.1,N
ASSAM,MAJULI,2026-08-25,4.8,17.5,50.6,50.6,7.8,D,4.8,D,850.9,N,266.9,N
ASSAM,MAJULI,2026-08-26,17.2,23.3,41.5,67.8,5.9,LE,17.2,LE,868.1,N,284.1,E
ASSAM,MAJULI,2026-08-27,0.0,22.0,39.0,67.8,8.5,NR,0.0,NR,868.1,N,284.1,N
ASSAM,MAJULI,2026-08-28,7.5,24.700000000000003,42.2,75.3,14.3,D,7.5,D,875.6,N,291.6,N
ASSAM,MAJULI,2026-08-29,10.2,17.7,52.4,85.5,8.4,E,10.2,E,885.8,N,301.8,N
ASSAM,MAJULI,2026-08-30,17.3,35.0,58.3,102.8,15.6,N,17.3,N,903.1,N,319.1,N
ASSAM,MAJULI,2026-08-31,42.4,69.9,99.4,145.2,8.4,LE,42.4,LE,945.5,N,361.5,E
ASSAM,MAJULI,2026-09-01,18.9,78.6,113.5,164.1,6.0,LE,18.9,LE,964.3,N,18.9,LE
ASSAM,MAJULI,2026-09-02,28.0,89.3,124.3,192.1,5.9,LE,28.0,LE,992.3,N,46.9,LE
ASSAM,MAJULI,2026-09-03,0.0,46.9,124.3,165.79999999999998,7.0,NR,0.0,NR,992.3,N,46.9,LE
ASSAM,MAJULI,2026-09-04,1.6,29.6,118.39999999999999,164.89999999999998,8.3,LD,1.6,LD,993.9,N,48.4,LE
ASSAM,MAJULI,2026-09-05,0.1,1.7000000000000002,108.3,160.7,7.5,LD,0.1,LD,994.0,N,48.5,E
ASSAM,MAJULI,2026-09-06,9.2,10.899999999999999,100.19999999999999,169.9,6.1,E,9.2,E,1003.2,N,57.7,E
ASSAM,MAJULI,2026-09-07,0.0,9.299999999999999,57.8,158.5,7.6,LD,0.0,LD,1003.2,N,57.7,E
ASSAM,MAJULI,2026-09-08,2.5,11.7,41.4,159.7,9.2,LD,2.5,LD,1005.7,N,60.2,N
ASSAM,MAJULI,2026-09-09,1.1,3.6,14.499999999999998,156.0,9.8,LD,1.1,LD,1006.8,N,61.3,N
ASSAM,MAJULI,2026-09-10,0.3,3.9,14.799999999999999,139.10000000000002,11.8,LD,0.3,LD,1007.1,N,61.6,D
ASSAM,MAJULI,2026-09-11,0.0,1.4000000000000001,13.2,139.10000000000002,11.9,NR,0.0,NR,1007.1,N,61.6,D
ASSAM,MAJULI,2026-09-12,17.1,17.400000000000002,30.200000000000003,148.70000000000002,6.0,LE,17.1,LE,1024.2,N,78.7,N
ASSAM,MAJULI,2026-09-13,2.2,19.3,23.200000000000003,140.7,7.0,LD,2.2,LD,1026.3,N,80.9,D
ASSAM,MAJULI,2026-09-14,0.0,19.3,23.200000000000003,123.39999999999999,6.1,NR,0.0,NR,1026.3,N,80.9,D
ASSAM,MAJULI,2026-09-15,0.0,2.2,20.700000000000003,81.0,7.5,NR,0.0,NR,1026.3,N,80.9,D
ASSAM,MAJULI,2026-09-16,0.9,0.9,20.500000000000004,63.0,9.3,LD,0.9,LD,1027.2,N,81.7,D
ASSAM,MAJULI,2026-09-17,25.5,26.4,45.7,60.5,8.1,LE,25.5,LE,1052.7,N,107.2,D
ASSAM,MAJULI,2026-09-18,3.0,29.4,48.7,63.5,9.0,LD,3.0,LD,1055.7,N,110.2,D
ASSAM,MAJULI,2026-09-19,0.0,28.5,31.600000000000005,61.9,6.4,NR,0.0,NR,1055.7,N,110.2,D
ASSAM,MAJULI,2026-09-20,2.7,5.7,32.10000000000001,64.5,5.7,D,2.7,D,1058.4,N,113.0,D
ASSAM,MAJULI,2026-09-21,2.9,5.6,35.00000000000001,58.2,4.3,D,2.7,D,1058.4,N,115.8,D
ASSAM,MORIGAON,2026-08-19,8.3,8.3,8.3,8.3,9.8,N,8.3,N,618.2,D,168.0,N
ASSAM,MORIGAON,2026-08-20,0.0,8.3,8.3,8.3,6.0,NR,84.6,N,618.2,D,168.0,N
ASSAM,MORIGAON,2026-08-21,0.0,8.3,8.3,8.3,7.6,NR,84.6,N,499.9,D,168.0,D
ASSAM,MORIGAON,2026-08-22,0.0,0.0,8.3,8.3,9.2,NR,84.6,N,618.2,D,168.0,D
ASSAM,MORIGAON,2026-08-23,41.7,41.7,50.0,50.0,8.4,LE,41.7,LE,659.9,D,209.7,N
ASSAM,MORIGAON,2026-08-24,6.8,48.5,56.8,56.8,11.6,D,84.6,N,666.7,D,216.5,N
ASSAM,MORIGAON,2026-08-25,0.0,48.5,56.8,56.8,10.8,NR,84.6,N,499.9,D,216.5,N
ASSAM,MORIGAON,2026-08-26,0.1,6.8999999999999995,48.6,56.9,6.4,LD,14.4,LD,666.8,D,216.6,N
ASSAM,MORIGAON,2026-08-27,0.0,0.1,48.599999999999994,56.9,7.6,NR,0.0,NR,666.8,D,216.6,D
ASSAM,MORIGAON,2026-08-28,0.0,0.1,48.599999999999994,56.9,8.2,NR,0.0,NR,666.8,D,216.6,D
ASSAM,MORIGAON,2026-08-29,0.0,0.0,48.599999999999994,56.9,9.5,NR,14.4,LD,666.8,D,216.6,D
ASSAM,MORIGAON,2026-08-30,4.9,4.9,11.799999999999994,61.8,12.5,LD,14.4,LD,671.7,D,221.5,D
ASSAM,MORIGAON,2026-08-31,12.3,17.200000000000003,17.299999999999994,74.1,5.6,LE,14.4,LD,684.0,D,233.8,D
ASSAM,MORIGAON,2026-09-01,13.0,30.200000000000003,30.299999999999994,87.1,8.5,E,14.4,LD,514.3,D,13.0,E
ASSAM,MORIGAON,2026-09-02,4.9,30.200000000000003,35.099999999999994,92.0,8.1,D,87.0,E,701.8,D,17.8,N
ASSAM,MORIGAON,2026-09-03,0.0,17.9,35.099999999999994,83.7,8.6,NR,87.0,E,601.3,D,17.8,D
ASSAM,MORIGAON,2026-09-04,3.3,8.2,38.39999999999999,87.0,8.5,LD,87.0,E,705.2,D,21.2,D
ASSAM,MORIGAON,2026-09-05,10.5,13.799999999999999,48.89999999999999,97.5,5.9,LE,87.0,E,715.6,D,31.6,D
ASSAM,MORIGAON,2026-09-06,0.0,13.799999999999999,43.99999999999999,97.5,7.3,NR,0.0,NR,715.6,D,31.6,D
ASSAM,MORIGAON,2026-09-07,38.6,49.1,70.3,94.4,8.9,LE,87.0,E,754.2,D,70.2,E
ASSAM,MORIGAON,2026-09-08,3.0,41.6,60.29999999999999,90.60000000000001,5.9,D,3.0,D,757.2,D,73.2,N
ASSAM,MORIGAON,2026-09-09,4.7,46.300000000000004,60.099999999999994,95.30000000000001,8.2,D,9.6,LD,761.9,D,77.9,N
ASSAM,MORIGAON,2026-09-10,0.0,7.7,60.099999999999994,95.2,8.1,NR,9.6,LD,610.9,D,77.9,N
ASSAM,MORIGAON,2026-09-11,0.0,4.7,56.79999999999999,95.2,10.1,NR,9.6,LD,761.9,D,77.9,N
ASSAM,MORIGAON,2026-09-12,10.6,10.6,56.89999999999999,105.8,8.4,E,10.6,E,772.5,D,88.5,N
ASSAM,MORIGAON,2026-09-13,25.3,35.9,82.19999999999999,131.1,6.5,LE,9.6,LD,797.8,D,113.8,N
ASSAM,MORIGAON,2026-09-14,0.0,35.900000000000006,43.59999999999999,126.20000000000002,7.4,NR,0.0,NR,797.8,D,113.8,N
ASSAM,MORIGAON,2026-09-15,7.6,32.9,48.19999999999999,121.5,8.3,N,9.6,LD,610.9,D,121.5,N
ASSAM,MORIGAON,2026-09-16,4.7,12.300000000000004,48.19999999999998,113.2,8.1,D,4.7,D,810.1,D,126.1,N
ASSAM,MORIGAON,2026-09-17,22.3,34.60000000000001,70.49999999999999,130.60000000000002,7.7,LE,6.9,LD,832.4,D,148.4,N
ASSAM,MORIGAON,2026-09-18,9.9,36.900000000000006,80.39999999999999,140.5,5.4,LE,9.9,LE,842.3,D,158.3,N
ASSAM,MORIGAON,2026-09-19,0.0,32.20000000000001,69.8,137.2,5.0,NR,0.0,NR,842.3,D,158.3,N
ASSAM,MORIGAON,2026-09-20,1.9,11.800000000000004,46.399999999999984,128.60000000000002,8.2,LD,1.9,LD,844.2,D,160.2,N
ASSAM,MORIGAON,2026-09-21,0.4,2.3000000000000034,46.79999999999999,129.0,5.8,LD,6.9,LD,617.8,D,160.6,N
ASSAM,N.C HILLS,2026-08-19,0.0,0.0,0.0,0.0,13.9,NR,0.0,NR,873.0,D,21.7,D
ASSAM,N.C HILLS,2026-08-20,37.2,37.2,37.2,37.2,10.8,LE,28.9,D,910.3,N,21.7,D
ASSAM,N.C HILLS,2026-08-21,64.6,101.8,101.8,101.8,15.0,LE,28.9,D,334.7,D,21.7,D
ASSAM,N.C HILLS,2026-08-22,3.6,105.39999999999999,105.39999999999999,105.39999999999999,11.1,LD,28.9,D,978.4,N,21.7,D
ASSAM,N.C HILLS,2026-08-23,7.1,75.3,112.5,112.5,10.0,D,7.1,D,985.5,N,21.7,D
ASSAM,N.C HILLS,2026-08-24,0.0,10.7,112.5,112.5,11.0,ND,28.9,D,985.5,N,21.7,D
ASSAM,N.C HILLS,2026-08-25,1.1,8.2,113.6,113.6,8.9,LD,28.9,D,334.7,D,21.7,D
ASSAM,N.C HILLS,2026-08-26,1.8,2.9000000000000004,115.39999999999999,115.39999999999999,15.6,LD,47.9,E,988.4,N,21.7,D
ASSAM,N.C HILLS,2026-08-27,3.3,6.2,81.5,118.7,10.6,LD,3.3,LD,991.7,N,21.7,D
ASSAM,N.C HILLS,2026-08-28,1.2,6.3,18.099999999999998,119.89999999999999,7.2,LD,1.2,LD,992.9,N,21.7,D
ASSAM,N.C HILLS,2026-08-29,36.5,41.0,51.0,156.4,8.7,LE,47.9,E,1029.4,N,21.7,D
ASSAM,N.C HILLS,2026-08-30,6.9,44.6,50.8,163.3,12.6,D,47.9,E,1036.3,N,21.7,D
ASSAM,N.C HILLS,2026-08-31,40.7,84.1,91.5,204.0,7.3,LE,47.9,E,1077.0,N,21.7,D
ASSAM,N.C HILLS,2026-09-01,42.7,90.30000000000001,133.10000000000002,246.7,11.8,LE,47.9,E,382.6,D,21.7,D
ASSAM,N.C HILLS,2026-09-02,5.1,88.5,136.4,251.8,8.2,D,127.0,LE,1124.9,N,21.7,D
ASSAM,N.C HILLS,2026-09-03,11.7,59.5,144.8,263.5,7.2,LE,127.0,LE,509.7,D,21.7,D
ASSAM,N.C HILLS,2026-09-04,4.1,20.9,147.7,230.4,11.9,LD,127.0,LE,1140.6,N,21.7,D
ASSAM,N.C HILLS,2026-09-05,0.5,16.299999999999997,111.69999999999999,166.3,8.9,LD,127.0,LE,1141.1,N,21.7,D
ASSAM,N.C HILLS,2026-09-06,1.7,6.3,106.5,164.4,10.7,LD,1.7,LD,1142.8,N,21.7,D
ASSAM,N.C HILLS,2026-09-07,0.1,2.3,65.9,157.4,8.8,LD,127.0,LE,1142.9,N,21.7,D
ASSAM,N.C HILLS,2026-09-08,13.1,14.899999999999999,36.3,170.5,9.1,E,13.1,E,1155.9,N,21.7,D
ASSAM,N.C HILLS,2026-09-09,33.4,46.599999999999994,64.6,202.8,13.0,LE,28.3,D,1189.3,N,21.7,D
ASSAM,N.C HILLS,2026-09-10,0.0,46.5,52.9,201.0,12.7,NR,28.3,D,538.0,D,21.7,D
ASSAM,N.C HILLS,2026-09-11,0.0,33.4,48.8,197.70000000000002,10.7,NR,28.3,D,1189.3,N,21.7,D
ASSAM,N.C HILLS,2026-09-12,77.2,77.2,125.5,273.7,10.3,LE,77.2,LE,1266.5,N,21.7,D
ASSAM,N.C HILLS,2026-09-13,2.1,79.3,125.89999999999999,239.29999999999998,13.0,LD,28.3,D,1268.6,N,21.7,D
ASSAM,N.C HILLS,2026-09-14,0.0,79.3,125.8,232.39999999999998,11.2,NR,0.0,NR,1268.6,N,21.7,D
ASSAM,N.C HILLS,2026-09-15,0.0,2.1,112.69999999999999,191.7,6.9,NR,28.3,D,538.0,D,21.7,D
ASSAM,N.C HILLS,2026-09-16,0.0,0.0,79.3,149.0,6.8,NR,0.0,NR,1268.6,N,21.7,D
ASSAM,N.C HILLS,2026-09-17,15.9,15.9,95.2,159.79999999999998,6.3,LE,7.1,LD,1284.5,N,21.7,D
ASSAM,N.C HILLS,2026-09-18,16.3,32.2,111.5,164.4,7.8,LE,16.3,LE,1300.9,N,21.7,D
ASSAM,N.C HILLS,2026-09-19,0.0,32.2,34.3,160.3,8.2,NR,0.0,NR,1300.9,N,21.7,D
ASSAM,N.C HILLS,2026-09-20,0.0,16.3,32.2,159.8,6.2,NR,0.0,NR,1300.9,N,21.7,D
ASSAM,N.C HILLS,2026-09-21,0.0,0.0,32.2,158.1,7.7,NR,7.1,LD,545.2,D,21.7,D
ASSAM,NAGAON,2026-08-19,0.0,0.0,0.0,0.0,13.2,NR,0.0,NR,1006.4,N,199.7,N
ASSAM,NAGAON,2026-08-20,8.7,8.7,8.7,8.7,7.9,N,15.3,LD,1015.0,N,208.3,N
ASSAM,NAGAON,2026-08-21,0.0,8.7,8.7,8.7,11.7,NR,15.3,LD,336.3,D,208.3,N
ASSAM,NAGAON,2026-08-22,17.5,26.2,26.2,26.2,11.4,E,15.3,LD,1032.5,N,225.9,N
ASSAM,NAGAON,2026-08-23,31.9,49.4,58.099999999999994,58.099999999999994,13.0,LE,31.9,LE,1064.5,N,257.8,N
ASSAM,NAGAON,2026-08-24,49.1,98.5,107.2,107.2,12.3,LE,15.3,LD,1113.6,N,306.9,N
ASSAM,NAGAON,2026-08-25,1.1,82.1,108.3,108.3,11.0,LD,15.3,LD,336.3,D,308.0,N
ASSAM,NAGAON,2026-08-26,4.0,54.2,112.3,112.3,6.9,D,18.8,LD,1118.7,N,312.0,N
ASSAM,NAGAON,2026-08-27,0.0,5.1,103.6,112.3,12.1,NR,0.0,NR,1118.7,N,312.0,N
ASSAM,NAGAON,2026-08-28,5.6,9.6,109.2,117.9,7.1,D,5.6,D,1124.2,N,317.5,N
ASSAM,NAGAON,2026-08-29,0.0,5.6,91.7,117.9,13.7,NR,18.8,LD,1124.2,N,317.5,N
ASSAM,NAGAON,2026-08-30,0.0,5.6,59.80000000000001,117.9,16.1,NR,18.8,LD,1124.2,N,317.5,N
ASSAM,NAGAON,2026-08-31,1.6,1.6,12.299999999999999,119.5,10.2,LD,18.8,LD,1125.8,N,319.1,N
ASSAM,NAGAON,2026-09-01,4.7,6.300000000000001,15.9,124.2,12.4,LD,18.8,LD,355.1,D,4.7,LD
ASSAM,NAGAON,2026-09-02,5.8,12.1,17.7,130.0,11.4,D,101.6,LE,1136.2,N,10.5,D
ASSAM,NAGAON,2026-09-03,0.0,10.5,17.7,130.0,15.2,NR,101.6,LE,456.7,D,10.5,LD
ASSAM,NAGAON,2026-09-04,1.8,7.599999999999999,13.9,123.1,12.0,LD,101.6,LE,1138.0,N,12.3,LD
ASSAM,NAGAON,2026-09-05,9.8,11.6,23.700000000000003,132.9,10.7,N,101.6,LE,1147.8,N,22.1,LD
ASSAM,NAGAON,2026-09-06,3.4,15.0,27.1,118.8,11.7,LD,3.4,LD,1151.2,N,25.4,LD
ASSAM,NAGAON,2026-09-07,0.7,13.899999999999999,26.2,87.60000000000001,10.7,LD,101.6,LE,1151.9,N,26.1,LD
ASSAM,NAGAON,2026-09-08,0.0,4.099999999999998,21.5,38.5,11.5,NR,0.0,NR,1151.9,N,26.1,LD
ASSAM,NAGAON,2026-09-09,8.5,9.199999999999998,24.2,45.9,11.9,D,43.8,N,1160.4,N,34.6,LD
ASSAM,NAGAON,2026-09-10,0.0,8.499999999999998,24.2,41.9,12.2,NR,43.8,N,500.4,D,34.6,LD
ASSAM,NAGAON,2026-09-11,0.0,8.499999999999998,22.4,41.9,12.5,NR,43.8,N,1160.4,N,34.6,LD
ASSAM,NAGAON,2026-09-12,22.1,22.1,34.7,58.4,9.6,LE,22.1,LE,1182.5,N,56.7,LD
ASSAM,NAGAON,2026-09-13,21.1,43.2,52.400000000000006,79.5,8.3,LE,43.8,N,1203.5,N,77.8,D
ASSAM,NAGAON,2026-09-14,19.9,63.1,71.6,99.4,8.7,LE,19.9,LE,1223.4,N,97.7,D
ASSAM,NAGAON,2026-09-15,18.6,59.6,90.2,116.4,8.9,LE,43.8,N,500.4,D,116.2,D
ASSAM,NAGAON,2026-09-16,0.4,38.9,82.10000000000001,112.10000000000001,10.0,LD,0.4,LD,1242.4,N,116.6,D
ASSAM,NAGAON,2026-09-17,11.1,30.1,93.2,117.4,8.7,E,57.3,E,1253.4,N,127.7,D
ASSAM,NAGAON,2026-09-18,9.9,21.4,103.10000000000001,127.3,8.3,E,9.9,E,1263.4,N,137.6,D
ASSAM,NAGAON,2026-09-19,0.0,21.0,81.0,125.5,9.3,NR,0.0,NR,1263.4,N,137.6,D
ASSAM,NAGAON,2026-09-20,0.0,9.9,59.9,115.7,11.0,NR,0.0,NR,1263.4,N,137.6,D
ASSAM,NAGAON,2026-09-21,13.3,13.3,53.300000000000004,125.6,11.2,N,57.3,E,557.7,D,150.9,D
ASSAM,NALBARI,2026-08-19,19.5,19.5,19.5,19.5,8.2,LE,19.5,LE,488.6,D,150.1,D
ASSAM,NALBARI,2026-08-20,5.7,25.2,25.2,25.2,8.4,D,22.9,LD,494.2,D,155.8,D
ASSAM,NALBARI,2026-08-21,0.7,25.9,25.9,25.9,11.1,LD,22.9,LD,427.6,LD,156.4,D
ASSAM,NALBARI,2026-08-22,0.1,6.5,26.0,26.0,8.6,LD,22.9,LD,495.0,D,156.6,D
ASSAM,NALBARI,2026-08-23,0.0,0.7999999999999999,26.0,26.0,13.6,NR,0.0,NR,495.0,D,156.6,D
ASSAM,NALBARI,2026-08-24,0.0,0.1,26.0,26.0,14.6,NR,22.9,LD,495.0,D,156.6,D
ASSAM,NALBARI,2026-08-25,0.1,0.1,26.1,26.1,17.2,LD,22.9,LD,427.6,LD,156.6,D
ASSAM,NALBARI,2026-08-26,0.0,0.1,6.6000000000000005,26.1,7.8,NR,75.9,D,495.1,D,156.6,D
ASSAM,NALBARI,2026-08-27,0.1,0.2,1.0,26.2,8.5,LD,0.1,LD,495.2,D,156.7,D
ASSAM,NALBARI,2026-08-28,1.7,1.8,2.0,27.9,9.0,LD,1.7,LD,496.9,D,158.4,D
ASSAM,NALBARI,2026-08-29,0.3,2.1,2.1999999999999997,28.2,7.0,LD,75.9,D,497.2,D,158.8,D
ASSAM,NALBARI,2026-08-30,0.7,2.7,2.9,28.9,8.3,LD,75.9,D,497.9,D,159.4,D
ASSAM,NALBARI,2026-08-31,10.7,11.7,13.6,39.6,9.6,N,75.9,D,508.6,D,170.2,D
ASSAM,NALBARI,2026-09-01,8.7,20.099999999999998,22.2,48.3,8.0,N,75.9,D,503.5,LD,8.7,N
ASSAM,NALBARI,2026-09-02,6.7,26.099999999999998,28.9,55.0,9.2,D,37.3,D,524.0,D,15.3,N
ASSAM,NALBARI,2026-09-03,0.0,15.399999999999999,28.799999999999997,35.5,7.1,NR,37.3,D,540.8,LD,15.3,D
ASSAM,NALBARI,2026-09-04,0.1,6.8,27.2,29.9,8.1,LD,37.3,D,524.0,D,15.4,D
ASSAM,NALBARI,2026-09-05,0.1,0.2,26.999999999999996,29.3,7.7,LD,37.3,D,524.1,D,15.5,LD
ASSAM,NALBARI,2026-09-06,0.2,0.4,26.5,29.4,4.1,LD,0.2,LD,524.3,D,15.6,LD
ASSAM,NALBARI,2026-09-07,0.0,0.30000000000000004,15.799999999999999,29.4,6.4,NR,37.3,D,524.3,D,15.6,LD
ASSAM,NALBARI,2026-09-08,0.1,0.30000000000000004,7.2,29.5,6.4,LD,0.1,LD,524.3,D,15.7,LD
ASSAM,NALBARI,2026-09-09,0.6,0.7,1.1,29.999999999999996,6.7,LD,15.8,LD,524.9,D,16.3,LD
ASSAM,NALBARI,2026-09-10,0.1,0.8,1.2,30.099999999999998,4.7,LD,15.8,LD,556.6,LD,16.3,LD
ASSAM,NALBARI,2026-09-11,0.0,0.7000000000000001,1.0999999999999999,30.0,6.4,NR,15.8,LD,525.0,D,16.3,LD
ASSAM,NALBARI,2026-09-12,10.2,10.299999999999999,11.2,38.5,4.8,LE,10.2,LE,535.1,D,26.5,LD
ASSAM,NALBARI,2026-09-13,0.1,10.299999999999999,11.1,38.3,6.1,LD,15.8,LD,535.3,D,26.6,LD
ASSAM,NALBARI,2026-09-14,0.0,10.299999999999999,11.1,37.6,6.6,NR,0.0,NR,535.3,D,26.6,LD
ASSAM,NALBARI,2026-09-15,0.1,0.2,11.099999999999998,26.999999999999996,7.8,LD,15.8,LD,556.6,LD,26.7,LD
ASSAM,NALBARI,2026-09-16,0.0,0.1,10.499999999999998,18.299999999999997,10.1,NR,0.0,NR,535.3,D,26.7,LD
ASSAM,NALBARI,2026-09-17,0.8,0.9,11.2,12.399999999999999,12.5,LD,7.9,LD,536.1,LD,27.5,LD
ASSAM,NALBARI,2026-09-18,0.0,0.8,11.2,12.399999999999999,12.6,NR,0.0,NR,536.1,LD,27.5,LD
ASSAM,NALBARI,2026-09-19,0.0,0.8,1.0,12.299999999999999,7.6,NR,0.0,NR,536.1,LD,27.5,LD
ASSAM,NALBARI,2026-09-20,0.0,0.0,0.9,12.2,7.7,NR,0.0,NR,536.1,LD,27.5,LD
ASSAM,NALBARI,2026-09-21,0.0,0.0,0.9,12.0,8.2,NR,7.9,LD,564.5,LD,27.5,LD
ASSAM,SIBSAGAR,2026-08-19,8.3,8.3,8.3,8.3,9.8,N,8.3,N,618.2,D,168.0,N
ASSAM,SIBSAGAR,2026-08-20,0.0,8.3,8.3,8.3,6.0,NR,64.8,N,618.2,D,168.0,N
ASSAM,SIBSAGAR,2026-08-21,0.0,8.3,8.3,8.3,7.6,NR,64.8,N,618.2,D,168.0,D
ASSAM,SIBSAGAR,2026-08-22,0.0,0.0,8.3,8.3,9.2,NR,64.8,N,618.2,D,168.0,D
ASSAM,SIBSAGAR,2026-08-23,41.7,41.7,50.0,50.0,8.4,LE,41.7,LE,659.9,D,209.7,N
ASSAM,SIBSAGAR,2026-08-24,6.8,48.5,56.8,56.8,11.6,D,64.8,N,666.7,D,216.5,N
ASSAM,SIBSAGAR,2026-08-25,0.0,48.5,56.8,56.8,10.8,NR,64.8,N,618.2,D,216.5,N
ASSAM,SIBSAGAR,2026-08-26,0.1,6.8999999999999995,48.6,56.9,6.4,LD,48.7,N,666.8,D,216.6,N
ASSAM,SIBSAGAR,2026-08-27,0.0,0.1,48.599999999999994,56.9,7.6,NR,0.0,NR,666.8,D,216.6,D
ASSAM,SIBSAGAR,2026-08-28,0.0,0.1,48.599999999999994,56.9,8.2,NR,0.0,NR,666.8,D,216.6,D
ASSAM,SIBSAGAR,2026-08-29,0.0,0.0,48.599999999999994,56.9,9.5,NR,48.7,N,666.8,D,216.6,D
ASSAM,SIBSAGAR,2026-08-30,4.9,4.9,11.799999999999994,61.8,12.5,LD,48.7,N,671.7,D,221.5,D
ASSAM,SIBSAGAR,2026-08-31,12.3,17.200000000000003,17.299999999999994,74.1,5.6,LE,48.7,N,684.0,D,233.8,D
ASSAM,SIBSAGAR,2026-09-01,13.0,30.200000000000003,30.299999999999994,87.1,8.5,E,48.7,N,666.8,D,13.0,E
ASSAM,SIBSAGAR,2026-09-02,4.9,30.200000000000003,35.099999999999994,92.0,8.1,D,35.0,D,701.8,D,17.8,N
ASSAM,SIBSAGAR,2026-09-03,0.0,17.9,35.099999999999994,83.7,8.6,NR,35.0,D,701.8,D,17.8,D
ASSAM,SIBSAGAR,2026-09-04,3.3,8.2,38.39999999999999,87.0,8.5,LD,35.0,D,705.2,D,21.2,D
ASSAM,SIBSAGAR,2026-09-05,10.5,13.799999999999999,48.89999999999999,97.5,5.9,LE,35.0,D,715.6,D,31.6,D
ASSAM,SIBSAGAR,2026-09-06,0.0,13.799999999999999,43.99999999999999,97.5,7.3,NR,0.0,NR,715.6,D,31.6,D
ASSAM,SIBSAGAR,2026-09-07,38.6,49.1,70.3,94.4,8.9,LE,35.0,D,754.2,D,70.2,E
ASSAM,SIBSAGAR,2026-09-08,3.0,41.6,60.29999999999999,90.60000000000001,5.9,D,3.0,D,757.2,D,73.2,N
ASSAM,SIBSAGAR,2026-09-09,4.7,46.300000000000004,60.099999999999994,95.30000000000001,8.2,D,60.1,N,761.9,D,77.9,N
ASSAM,SIBSAGAR,2026-09-10,0.0,7.7,60.099999999999994,95.2,8.1,NR,60.1,N,761.9,D,77.9,N
ASSAM,SIBSAGAR,2026-09-11,0.0,4.7,56.79999999999999,95.2,10.1,NR,60.1,N,761.9,D,77.9,N
ASSAM,SIBSAGAR,2026-09-12,10.6,10.6,56.89999999999999,105.8,8.4,E,10.6,E,772.5,D,88.5,N
ASSAM,SIBSAGAR,2026-09-13,25.3,35.9,82.19999999999999,131.1,6.5,LE,60.1,N,797.8,D,113.8,N
ASSAM,SIBSAGAR,2026-09-14,0.0,35.900000000000006,43.59999999999999,126.20000000000002,7.4,NR,0.0,NR,797.8,D,113.8,N
ASSAM,SIBSAGAR,2026-09-15,7.6,32.9,48.19999999999999,121.5,8.3,N,60.1,N,761.9,D,121.5,N
ASSAM,SIBSAGAR,2026-09-16,4.7,12.300000000000004,48.19999999999998,113.2,8.1,D,4.7,D,810.1,D,126.1,N
ASSAM,SIBSAGAR,2026-09-17,22.3,34.60000000000001,70.49999999999999,130.60000000000002,7.7,LE,48.2,N,832.4,D,148.4,N
ASSAM,SIBSAGAR,2026-09-18,9.9,36.900000000000006,80.39999999999999,140.5,5.4,LE,9.9,LE,842.3,D,158.3,N
ASSAM,SIBSAGAR,2026-09-19,0.0,32.20000000000001,69.8,137.2,5.0,NR,0.0,NR,842.3,D,158.3,N
ASSAM,SIBSAGAR,2026-09-20,1.9,11.800000000000004,46.399999999999984,128.60000000000002,8.2,LD,1.9,LD,844.2,D,160.2,N
ASSAM,SIBSAGAR,2026-09-21,0.4,2.3000000000000034,46.79999999999999,129.0,5.8,LD,48.2,N,810.1,D,160.6,N
ASSAM,SONITPUR,2026-08-19,26.3,26.3,26.3,26.3,6.6,LE,26.3,LE,826.6,N,242.6,E
ASSAM,SONITPUR,2026-08-20,2.5,28.8,28.8,28.8,5.6,D,47.0,D,829.1,N,245.1,E
ASSAM,SONITPUR,2026-08-21,4.3,33.1,33.1,33.1,7.3,D,47.0,D,826.6,N,249.4,E
ASSAM,SONITPUR,2026-08-22,0.0,6.8,33.1,33.1,11.0,LD,47.0,D,833.4,N,249.4,E
ASSAM,SONITPUR,2026-08-23,11.4,15.7,44.5,44.5,10.0,N,11.4,N,844.8,N,260.8,E
ASSAM,SONITPUR,2026-08-24,1.3,12.700000000000001,45.8,45.8,8.1,LD,47.0,D,846.1,N,262.1,N
ASSAM,SONITPUR,2026-08-25,4.8,17.5,50.6,50.6,7.8,D,47.0,D,826.6,N,266.9,N
ASSAM,SONITPUR,2026-08-26,17.2,23.3,41.5,67.8,5.9,LE,41.5,D,868.1,N,284.1,E
ASSAM,SONITPUR,2026-08-27,0.0,22.0,39.0,67.8,8.5,NR,0.0,NR,868.1,N,284.1,N
ASSAM,SONITPUR,2026-08-28,7.5,24.700000000000003,42.2,75.3,14.3,D,7.5,D,875.6,N,291.6,N
ASSAM,SONITPUR,2026-08-29,10.2,17.7,52.4,85.5,8.4,E,41.5,D,885.8,N,301.8,N
ASSAM,SONITPUR,2026-08-30,17.3,35.0,58.3,102.8,15.6,N,41.5,D,903.1,N,319.1,N
ASSAM,SONITPUR,2026-08-31,42.4,69.9,99.4,145.2,8.4,LE,41.5,D,945.5,N,361.5,E
ASSAM,SONITPUR,2026-09-01,18.9,78.6,113.5,164.1,6.0,LE,41.5,D,868.1,N,18.9,LE
ASSAM,SONITPUR,2026-09-02,28.0,89.3,124.3,192.1,5.9,LE,124.2,LE,992.3,N,46.9,LE
ASSAM,SONITPUR,2026-09-03,0.0,46.9,124.3,165.79999999999998,7.0,NR,124.2,LE,992.3,N,46.9,LE
ASSAM,SONITPUR,2026-09-04,1.6,29.6,118.39999999999999,164.89999999999998,8.3,LD,124.2,LE,993.9,N,48.4,LE
ASSAM,SONITPUR,2026-09-05,0.1,1.7000000000000002,108.3,160.7,7.5,LD,124.2,LE,994.0,N,48.5,E
ASSAM,SONITPUR,2026-09-06,9.2,10.899999999999999,100.19999999999999,169.9,6.1,E,9.2,E,1003.2,N,57.7,E
ASSAM,SONITPUR,2026-09-07,0.0,9.299999999999999,57.8,158.5,7.6,LD,124.2,LE,1003.2,N,57.7,E
ASSAM,SONITPUR,2026-09-08,2.5,11.7,41.4,159.7,9.2,LD,2.5,LD,1005.7,N,60.2,N
ASSAM,SONITPUR,2026-09-09,1.1,3.6,14.499999999999998,156.0,9.8,LD,14.4,LD,1006.8,N,61.3,N
ASSAM,SONITPUR,2026-09-10,0.3,3.9,14.799999999999999,139.10000000000002,11.8,LD,14.4,LD,1006.8,N,61.6,D
ASSAM,SONITPUR,2026-09-11,0.0,1.4000000000000001,13.2,139.10000000000002,11.9,NR,14.4,LD,1007.1,N,61.6,D
ASSAM,SONITPUR,2026-09-12,17.1,17.400000000000002,30.200000000000003,148.70000000000002,6.0,LE,17.1,LE,1024.2,N,78.7,N
ASSAM,SONITPUR,2026-09-13,2.2,19.3,23.200000000000003,140.7,7.0,LD,14.4,LD,1026.3,N,80.9,D
ASSAM,SONITPUR,2026-09-14,0.0,19.3,23.200000000000003,123.39999999999999,6.1,NR,0.0,NR,1026.3,N,80.9,D
ASSAM,SONITPUR,2026-09-15,0.0,2.2,20.700000000000003,81.0,7.5,NR,14.4,LD,1006.8,N,80.9,D
ASSAM,SONITPUR,2026-09-16,0.9,0.9,20.500000000000004,63.0,9.3,LD,0.9,LD,1027.2,N,81.7,D
ASSAM,SONITPUR,2026-09-17,25.5,26.4,45.7,60.5,8.1,LE,20.4,LD,1052.7,N,107.2,D
ASSAM,SONITPUR,2026-09-18,3.0,29.4,48.7,63.5,9.0,LD,3.0,LD,1055.7,N,110.2,D
ASSAM,SONITPUR,2026-09-19,0.0,28.5,31.600000000000005,61.9,6.4,NR,0.0,NR,1055.7,N,110.2,D
ASSAM,SONITPUR,2026-09-20,2.7,5.7,32.10000000000001,64.5,5.7,D,2.7,D,1058.4,N,113.0,D
ASSAM,SONITPUR,2026-09-21,2.9,5.6,35.00000000000001,58.2,4.3,D,20.4,LD,1027.2,N,115.8,D
ASSAM,TAMULPUR,2026-08-19,0.0,0.0,0.0,0.0,5.9,NR,0.0,NR,901.7,N,61.0,LD
ASSAM,TAMULPUR,2026-08-20,0.0,0.0,0.0,0.0,11.9,NR,5.9,LD,901.7,N,61.0,LD
ASSAM,TAMULPUR,2026-08-21,59.2,59.2,59.2,59.2,5.2,LE,5.9,LD,901.7,N,120.2,D
ASSAM,TAMULPUR,2026-08-22,0.0,59.2,59.2,59.2,7.7,NR,5.9,LD,960.9,N,120.2,D
ASSAM,TAMULPUR,2026-08-23,0.0,59.2,59.2,59.2,4.9,NR,0.0,NR,960.9,N,120.2,D
ASSAM,TAMULPUR,2026-08-24,6.1,6.1,65.3,65.3,5.3,N,5.9,LD,967.0,N,126.3,D
ASSAM,TAMULPUR,2026-08-25,0.4,6.5,65.7,65.7,8.7,LD,5.9,LD,901.7,N,126.7,D
ASSAM,TAMULPUR,2026-08-26,0.2,6.699999999999999,65.9,65.9,10.4,LD,65.9,E,967.5,N,126.8,D
ASSAM,TAMULPUR,2026-08-27,0.0,0.6000000000000001,65.9,65.9,9.0,NR,0.0,NR,967.5,N,126.8,D
ASSAM,TAMULPUR,2026-08-28,4.8,5.0,11.5,70.7,5.1,N,4.8,N,972.3,N,131.6,D
ASSAM,TAMULPUR,2026-08-29,0.0,4.8,11.5,70.7,5.9,NR,65.9,E,972.3,N,131.6,D
ASSAM,TAMULPUR,2026-08-30,0.0,4.8,11.5,70.7,7.4,NR,65.9,E,972.3,N,131.6,D
ASSAM,TAMULPUR,2026-08-31,60.2,60.2,65.60000000000001,130.9,3.2,LE,65.9,E,1032.5,N,191.8,N
ASSAM,TAMULPUR,2026-09-01,16.7,76.9,81.89999999999999,147.6,6.3,LE,65.9,E,967.5,N,16.7,LE
ASSAM,TAMULPUR,2026-09-02,13.9,90.8,95.60000000000001,161.5,5.6,LE,95.6,LE,1063.2,N,30.6,LE
ASSAM,TAMULPUR,2026-09-03,0.0,30.6,95.60000000000001,161.5,9.9,NR,95.6,LE,1063.2,N,30.6,E
ASSAM,TAMULPUR,2026-09-04,3.2,17.1,94.0,164.70000000000002,10.7,LD,95.6,LE,1066.4,N,33.8,N
ASSAM,TAMULPUR,2026-09-05,12.8,16.0,106.8,118.30000000000001,11.5,N,95.6,LE,1079.2,N,46.6,N
ASSAM,TAMULPUR,2026-09-06,2.9,18.900000000000002,109.7,121.2,15.0,LD,2.9,LD,1082.1,N,49.5,N
ASSAM,TAMULPUR,2026-09-07,0.0,15.700000000000003,49.5,121.2,6.4,NR,95.6,LE,1082.1,N,49.5,D
ASSAM,TAMULPUR,2026-09-08,0.3,3.2000000000000015,33.1,115.4,7.9,LD,0.3,LD,1082.4,N,49.9,D
ASSAM,TAMULPUR,2026-09-09,0.8,1.1000000000000019,20.0,115.80000000000001,6.6,LD,20.1,LD,1083.2,N,50.7,D
ASSAM,TAMULPUR,2026-09-10,0.0,1.1000000000000019,20.0,115.6,11.1,NR,20.1,LD,1083.2,N,50.7,D
ASSAM,TAMULPUR,2026-09-11,0.0,0.8000000000000018,16.8,115.6,9.1,NR,20.1,LD,1083.2,N,50.7,D
ASSAM,TAMULPUR,2026-09-12,7.8,7.800000000000002,11.8,118.60000000000001,6.7,N,7.8,N,1091.1,N,58.5,D
ASSAM,TAMULPUR,2026-09-13,24.5,32.300000000000004,33.4,143.1,8.1,LE,20.1,LD,1115.6,N,83.1,D
ASSAM,TAMULPUR,2026-09-14,2.5,34.8,35.9,145.6,5.1,D,2.5,D,1118.1,N,85.6,D
ASSAM,TAMULPUR,2026-09-15,0.0,27.0,35.6,85.4,14.2,NR,20.1,LD,1083.2,N,85.6,D
ASSAM,TAMULPUR,2026-09-16,0.0,2.5,34.8,68.7,14.6,NR,0.0,NR,1118.1,N,85.6,D
ASSAM,TAMULPUR,2026-09-17,4.4,4.4,39.199999999999996,59.2,8.1,D,34.9,D,1122.5,N,90.0,D
ASSAM,TAMULPUR,2026-09-18,6.4,10.8,45.599999999999994,65.6,11.5,D,6.4,D,1128.9,N,96.4,D
ASSAM,TAMULPUR,2026-09-19,2.6,13.4,40.4,65.0,5.5,D,2.6,D,1131.5,N,99.0,D
ASSAM,TAMULPUR,2026-09-20,0.0,9.0,15.9,52.2,1.7,NR,0.0,NR,1131.5,N,99.0,D
ASSAM,TAMULPUR,2026-09-21,6.9,9.5,20.3,56.2,6.1,N,34.9,D,1118.1,N,105.9,D
ASSAM,TINSUKIA,2026-08-19,0.0,0.0,0.0,0.0,13.2,NR,0.0,NR,1006.4,N,199.7,N
ASSAM,TINSUKIA,2026-08-20,8.7,8.7,8.7,8.7,7.9,N,61.7,D,1015.0,N,208.3,N
ASSAM,TINSUKIA,2026-08-21,0.0,8.7,8.7,8.7,11.7,NR,61.7,D,1006.4,N,208.3,N
ASSAM,TINSUKIA,2026-08-22,17.5,26.2,26.2,26.2,11.4,E,61.7,D,1032.5,N,225.9,N
ASSAM,TINSUKIA,2026-08-23,31.9,49.4,58.099999999999994,58.099999999999994,13.0,LE,31.9,LE,1064.5,N,257.8,N
ASSAM,TINSUKIA,2026-08-24,49.1,98.5,107.2,107.2,12.3,LE,61.7,D,1113.6,N,306.9,N
ASSAM,TINSUKIA,2026-08-25,1.1,82.1,108.3,108.3,11.0,LD,61.7,D,1006.4,N,308.0,N
ASSAM,TINSUKIA,2026-08-26,4.0,54.2,112.3,112.3,6.9,D,112.3,E,1118.7,N,312.0,N
ASSAM,TINSUKIA,2026-08-27,0.0,5.1,103.6,112.3,12.1,NR,0.0,NR,1118.7,N,312.0,N
ASSAM,TINSUKIA,2026-08-28,5.6,9.6,109.2,117.9,7.1,D,5.6,D,1124.2,N,317.5,N
ASSAM,TINSUKIA,2026-08-29,0.0,5.6,91.7,117.9,13.7,NR,112.3,E,1124.2,N,317.5,N
ASSAM,TINSUKIA,2026-08-30,0.0,5.6,59.80000000000001,117.9,16.1,NR,112.3,E,1124.2,N,317.5,N
ASSAM,TINSUKIA,2026-08-31,1.6,1.6,12.299999999999999,119.5,10.2,LD,112.3,E,1125.8,N,319.1,N
ASSAM,TINSUKIA,2026-09-01,4.7,6.300000000000001,15.9,124.2,12.4,LD,112.3,E,1118.7,N,4.7,LD
ASSAM,TINSUKIA,2026-09-02,5.8,12.1,17.7,130.0,11.4,D,17.6,LD,1136.2,N,10.5,D
ASSAM,TINSUKIA,2026-09-03,0.0,10.5,17.7,130.0,15.2,NR,17.6,LD,1136.2,N,10.5,LD
ASSAM,TINSUKIA,2026-09-04,1.8,7.599999999999999,13.9,123.1,12.0,LD,17.6,LD,1138.0,N,12.3,LD
ASSAM,TINSUKIA,2026-09-05,9.8,11.6,23.700000000000003,132.9,10.7,N,17.6,LD,1147.8,N,22.1,LD
ASSAM,TINSUKIA,2026-09-06,3.4,15.0,27.1,118.8,11.7,LD,3.4,LD,1151.2,N,25.4,LD
ASSAM,TINSUKIA,2026-09-07,0.7,13.899999999999999,26.2,87.60000000000001,10.7,LD,17.6,LD,1151.9,N,26.1,LD
ASSAM,TINSUKIA,2026-09-08,0.0,4.099999999999998,21.5,38.5,11.5,NR,0.0,NR,1151.9,N,26.1,LD
ASSAM,TINSUKIA,2026-09-09,8.5,9.199999999999998,24.2,45.9,11.9,D,24.1,LD,1160.4,N,34.6,LD
ASSAM,TINSUKIA,2026-09-10,0.0,8.499999999999998,24.2,41.9,12.2,NR,24.1,LD,1160.4,N,34.6,LD
ASSAM,TINSUKIA,2026-09-11,0.0,8.499999999999998,22.4,41.9,12.5,NR,24.1,LD,1160.4,N,34.6,LD
ASSAM,TINSUKIA,2026-09-12,22.1,22.1,34.7,58.4,9.6,LE,22.1,LE,1182.5,N,56.7,LD
ASSAM,TINSUKIA,2026-09-13,21.1,43.2,52.400000000000006,79.5,8.3,LE,24.1,LD,1203.5,N,77.8,D
ASSAM,TINSUKIA,2026-09-14,19.9,63.1,71.6,99.4,8.7,LE,19.9,LE,1223.4,N,97.7,D
ASSAM,TINSUKIA,2026-09-15,18.6,59.6,90.2,116.4,8.9,LE,24.1,LD,1160.4,N,116.2,D
ASSAM,TINSUKIA,2026-09-16,0.4,38.9,82.10000000000001,112.10000000000001,10.0,LD,0.4,LD,1242.4,N,116.6,D
ASSAM,TINSUKIA,2026-09-17,11.1,30.1,93.2,117.4,8.7,E,82.0,N,1253.4,N,127.7,D
ASSAM,TINSUKIA,2026-09-18,9.9,21.4,103.10000000000001,127.3,8.3,E,9.9,E,1263.4,N,137.6,D
ASSAM,TINSUKIA,2026-09-19,0.0,21.0,81.0,125.5,9.3,NR,0.0,NR,1263.4,N,137.6,D
ASSAM,TINSUKIA,2026-09-20,0.0,9.9,59.9,115.7,11.0,NR,0.0,NR,1263.4,N,137.6,D
ASSAM,TINSUKIA,2026-09-21,13.3,13.3,53.300000000000004,125.6,11.2,N,82.0,N,1242.4,N,150.9,D
ASSAM,UDALGURI,2026-08-19,19.5,19.5,19.5,19.5,8.2,LE,19.5,LE,488.6,D,150.1,D
ASSAM,UDALGURI,2026-08-20,5.7,25.2,25.2,25.2,8.4,D,45.9,D,494.2,D,155.8,D
ASSAM,UDALGURI,2026-08-21,0.7,25.9,25.9,25.9,11.1,LD,45.9,D,488.6,D,156.4,D
ASSAM,UDALGURI,2026-08-22,0.1,6.5,26.0,26.0,8.6,LD,45.9,D,495.0,D,156.6,D
ASSAM,UDALGURI,2026-08-23,0.0,0.7999999999999999,26.0,26.0,13.6,NR,0.0,NR,495.0,D,156.6,D
ASSAM,UDALGURI,2026-08-24,0.0,0.1,26.0,26.0,14.6,NR,45.9,D,495.0,D,156.6,D
ASSAM,UDALGURI,2026-08-25,0.1,0.1,26.1,26.1,17.2,LD,45.9,D,488.6,D,156.6,D
ASSAM,UDALGURI,2026-08-26,0.0,0.1,6.6000000000000005,26.1,7.8,NR,6.5,LD,495.1,D,156.6,D
ASSAM,UDALGURI,2026-08-27,0.1,0.2,1.0,26.2,8.5,LD,0.1,LD,495.2,D,156.7,D
ASSAM,UDALGURI,2026-08-28,1.7,1.8,2.0,27.9,9.0,LD,1.7,LD,496.9,D,158.4,D
ASSAM,UDALGURI,2026-08-29,0.3,2.1,2.1999999999999997,28.2,7.0,LD,6.5,LD,497.2,D,158.8,D
ASSAM,UDALGURI,2026-08-30,0.7,2.7,2.9,28.9,8.3,LD,6.5,LD,497.9,D,159.4,D
ASSAM,UDALGURI,2026-08-31,10.7,11.7,13.6,39.6,9.6,N,6.5,LD,508.6,D,170.2,D
ASSAM,UDALGURI,2026-09-01,8.7,20.099999999999998,22.2,48.3,8.0,N,6.5,LD,495.1,D,8.7,N
ASSAM,UDALGURI,2026-09-02,6.7,26.099999999999998,28.9,55.0,9.2,D,28.9,D,524.0,D,15.3,N
ASSAM,UDALGURI,2026-09-03,0.0,15.399999999999999,28.799999999999997,35.5,7.1,NR,28.9,D,524.0,D,15.3,D
ASSAM,UDALGURI,2026-09-04,0.1,6.8,27.2,29.9,8.1,LD,28.9,D,524.0,D,15.4,D
ASSAM,UDALGURI,2026-09-05,0.1,0.2,26.999999999999996,29.3,7.7,LD,28.9,D,524.1,D,15.5,LD
ASSAM,UDALGURI,2026-09-06,0.2,0.4,26.5,29.4,4.1,LD,0.2,LD,524.3,D,15.6,LD
ASSAM,UDALGURI,2026-09-07,0.0,0.30000000000000004,15.799999999999999,29.4,6.4,NR,28.9,D,524.3,D,15.6,LD
ASSAM,UDALGURI,2026-09-08,0.1,0.30000000000000004,7.2,29.5,6.4,LD,0.1,LD,524.3,D,15.7,LD
ASSAM,UDALGURI,2026-09-09,0.6,0.7,1.1,29.999999999999996,6.7,LD,0.9,LD,524.9,D,16.3,LD
ASSAM,UDALGURI,2026-09-10,0.1,0.8,1.2,30.099999999999998,4.7,LD,0.9,LD,524.9,D,16.3,LD
ASSAM,UDALGURI,2026-09-11,0.0,0.7000000000000001,1.0999999999999999,30.0,6.4,NR,0.9,LD,525.0,D,16.3,LD
ASSAM,UDALGURI,2026-09-12,10.2,10.299999999999999,11.2,38.5,4.8,LE,10.2,LE,535.1,D,26.5,LD
ASSAM,UDALGURI,2026-09-13,0.1,10.299999999999999,11.1,38.3,6.1,LD,0.9,LD,535.3,D,26.6,LD
ASSAM,UDALGURI,2026-09-14,0.0,10.299999999999999,11.1,37.6,6.6,NR,0.0,NR,535.3,D,26.6,LD
ASSAM,UDALGURI,2026-09-15,0.1,0.2,11.099999999999998,26.999999999999996,7.8,LD,0.9,LD,524.9,D,26.7,LD
ASSAM,UDALGURI,2026-09-16,0.0,0.1,10.499999999999998,18.299999999999997,10.1,NR,0.0,NR,535.3,D,26.7,LD
ASSAM,UDALGURI,2026-09-17,0.8,0.9,11.2,12.399999999999999,12.5,LD,10.4,LD,536.1,LD,27.5,LD
ASSAM,UDALGURI,2026-09-18,0.0,0.8,11.2,12.399999999999999,12.6,NR,0.0,NR,536.1,LD,27.5,LD
ASSAM,UDALGURI,2026-09-19,0.0,0.8,1.0,12.299999999999999,7.6,NR,0.0,NR,536.1,LD,27.5,LD
ASSAM,UDALGURI,2026-09-20,0.0,0.0,0.9,12.2,7.7,NR,0.0,NR,536.1,LD,27.5,LD
ASSAM,UDALGURI,2026-09-21,0.0,0.0,0.9,12.0,8.2,NR,10.4,LD,535.3,D,27.5,LD
ASSAM,WEST KARBI ANGLONG,2026-08-19,0.0,0.0,0.0,0.0,6.0,NR,0.0,NR,442.6,N,80.4,D
ASSAM,WEST KARBI ANGLONG,2026-08-20,13.8,13.8,13.8,13.8,4.0,LE,68.4,LE,456.4,N,94.2,N
ASSAM,WEST KARBI ANGLONG,2026-08-21,0.0,13.8,13.8,13.8,7.8,NR,68.4,LE,442.6,N,94.2,D
ASSAM,WEST KARBI ANGLONG,2026-08-22,0.0,13.8,13.8,13.8,2.7,NR,68.4,LE,456.4,N,94.2,D
ASSAM,WEST KARBI ANGLONG,2026-08-23,0.0,0.0,13.8,13.8,3.6,NR,0.0,NR,456.4,N,94.2,D
ASSAM,WEST KARBI ANGLONG,2026-08-24,14.2,14.2,28.0,28.0,4.4,LE,68.4,LE,470.6,N,108.4,D
ASSAM,WEST KARBI ANGLONG,2026-08-25,0.0,14.2,28.0,28.0,6.4,ND,68.4,LE,442.6,N,108.4,D
ASSAM,WEST KARBI ANGLONG,2026-08-26,0.0,14.2,28.0,28.0,5.8,NR,28.0,D,470.6,N,108.4,D
ASSAM,WEST KARBI ANGLONG,2026-08-27,0.0,0.0,14.2,28.0,5.7,NR,0.0,NR,470.6,N,108.4,D
ASSAM,WEST KARBI ANGLONG,2026-08-28,0.0,0.0,14.2,28.0,4.3,NR,0.0,NR,470.6,N,108.4,D
ASSAM,WEST KARBI ANGLONG,2026-08-29,8.6,8.6,22.799999999999997,36.6,5.6,E,28.0,D,479.2,N,117.0,D
ASSAM,WEST KARBI ANGLONG,2026-08-30,0.0,8.6,22.799999999999997,36.6,9.9,NR,28.0,D,479.2,N,117.0,D
ASSAM,WEST KARBI ANGLONG,2026-08-31,0.0,8.6,8.6,36.6,3.3,NR,28.0,D,479.2,N,117.0,D
ASSAM,WEST KARBI ANGLONG,2026-09-01,8.6,8.6,17.2,45.2,3.8,LE,28.0,D,470.6,N,8.6,LE
ASSAM,WEST KARBI ANGLONG,2026-09-02,14.2,22.799999999999997,31.4,59.4,3.0,LE,31.4,N,502.0,N,22.8,LE
ASSAM,WEST KARBI ANGLONG,2026-09-03,0.0,22.799999999999997,31.4,59.4,4.3,ND,31.4,N,502.0,N,22.8,LE
ASSAM,WEST KARBI ANGLONG,2026-09-04,24.2,38.4,55.599999999999994,69.8,5.1,LE,31.4,N,526.2,N,47.0,LE
ASSAM,WEST KARBI ANGLONG,2026-09-05,0.0,24.2,47.0,69.8,6.2,NR,31.4,N,526.2,N,47.0,LE
ASSAM,WEST KARBI ANGLONG,2026-09-06,0.0,24.2,47.0,69.8,3.6,NR,0.0,NR,526.2,N,47.0,LE
ASSAM,WEST KARBI ANGLONG,2026-09-07,8.6,8.6,55.599999999999994,78.39999999999999,6.6,E,31.4,N,534.8,N,55.6,LE
ASSAM,WEST KARBI ANGLONG,2026-09-08,0.0,8.6,47.0,64.19999999999999,5.7,NR,0.0,NR,534.8,N,55.6,E
ASSAM,WEST KARBI ANGLONG,2026-09-09,34.6,43.2,67.4,98.79999999999998,6.7,LE,67.4,LE,569.4,N,90.2,LE
ASSAM,WEST KARBI ANGLONG,2026-09-10,0.0,34.6,67.4,98.79999999999998,6.0,NR,67.4,LE,569.4,N,90.2,LE
ASSAM,WEST KARBI ANGLONG,2026-09-11,0.0,34.6,43.199999999999996,98.79999999999998,7.5,NR,67.4,LE,569.4,N,90.2,E
ASSAM,WEST KARBI ANGLONG,2026-09-12,10.0,10.0,53.2,108.79999999999998,7.2,E,10.0,E,579.4,N,100.2,E
ASSAM,WEST KARBI ANGLONG,2026-09-13,0.0,10.0,53.2,100.19999999999999,3.4,ND,67.4,LE,579.4,N,100.2,E
ASSAM,WEST KARBI ANGLONG,2026-09-14,0.0,10.0,44.6,100.19999999999999,2.9,NR,0.0,NR,579.4,N,100.2,E
ASSAM,WEST KARBI ANGLONG,2026-09-15,0.0,0.0,44.6,100.19999999999999,6.4,NR,67.4,LE,569.4,N,100.2,E
ASSAM,WEST KARBI ANGLONG,2026-09-16,0.0,0.0,10.0,91.6,4.1,NR,0.0,NR,579.4,N,100.2,E
ASSAM,WEST KARBI ANGLONG,2026-09-17,1.4,1.4,11.4,78.8,7.1,LD,10.0,LD,580.8,N,101.6,N
ASSAM,WEST KARBI ANGLONG,2026-09-18,2.2,3.6,13.6,81.0,3.2,D,2.2,D,583.0,N,103.8,N
ASSAM,WEST KARBI ANGLONG,2026-09-19,0.0,3.6,3.6,56.8,4.1,NR,0.0,NR,583.0,N,103.8,N
ASSAM,WEST KARBI ANGLONG,2026-09-20,43.0,45.2,46.6,99.8,3.9,LE,43.0,LE,626.0,N,146.8,E
ASSAM,WEST KARBI ANGLONG,2026-09-21,15.6,58.6,62.2,115.39999999999999,6.0,LE,10.0,LD,579.4,N,162.4,E
MANIPUR,BISHNUPUR,2026-08-19,40.0,40.0,40.0,40.0,9.2,LE,40.0,LE,359.9,D,74.0,D
MANIPUR,BISHNUPUR,2026-08-20,0.0,40.0,40.0,40.0,5.4,NR,44.0,D,359.9,D,74.0,LD
MANIPUR,BISHNUPUR,2026-08-21,0.0,40.0,40.0,40.0,8.6,NR,44.0,D,359.9,D,74.0,LD
MANIPUR,BISHNUPUR,2026-08-22,0.0,0.0,40.0,40.0,9.1,NR,44.0,D,359.9,D,74.0,LD
MANIPUR,BISHNUPUR,2026-08-23,0.0,0.0,40.0,40.0,10.0,NR,0.0,NR,359.9,D,74.0,LD
MANIPUR,BISHNUPUR,2026-08-24,0.0,0.0,40.0,40.0,8.1,NR,44.0,D,359.9,D,74.0,LD
MANIPUR,BISHNUPUR,2026-08-25,2.6,2.6,42.6,42.6,11.8,LD,44.0,D,359.9,D,76.6,LD
MANIPUR,BISHNUPUR,2026-08-26,0.0,2.6,2.6,42.6,4.8,NR,2.6,LD,362.5,D,76.6,LD
MANIPUR,BISHNUPUR,2026-08-27,0.0,2.6,2.6,42.6,9.8,NR,0.0,NR,362.5,D,76.6,LD
MANIPUR,BISHNUPUR,2026-08-28,0.0,0.0,2.6,42.6,4.9,NR,0.0,NR,362.5,LD,76.6,LD
MANIPUR,BISHNUPUR,2026-08-29,0.0,0.0,2.6,42.6,10.8,NR,2.6,LD,362.5,LD,76.6,LD
MANIPUR,BISHNUPUR,2026-08-30,1.6,1.6,4.2,44.2,5.5,LD,2.6,LD,364.1,LD,78.2,LD
MANIPUR,BISHNUPUR,2026-08-31,7.3,8.9,11.5,51.5,3.8,LE,2.6,LD,371.4,LD,85.5,LD
MANIPUR,BISHNUPUR,2026-09-01,13.6,22.5,22.5,65.1,12.9,N,2.6,LD,362.5,D,13.6,N
MANIPUR,BISHNUPUR,2026-09-02,8.0,28.9,30.5,73.1,8.1,N,30.5,D,393.0,D,21.6,N
MANIPUR,BISHNUPUR,2026-09-03,0.2,21.8,30.7,33.3,12.5,LD,30.5,D,393.0,D,21.8,D
MANIPUR,BISHNUPUR,2026-09-04,7.5,15.7,38.2,40.8,6.3,E,30.5,D,400.7,D,29.3,D
MANIPUR,BISHNUPUR,2026-09-05,0.0,7.699999999999998,38.2,40.8,11.8,NR,30.5,D,400.7,D,29.3,D
MANIPUR,BISHNUPUR,2026-09-06,0.0,7.499999999999998,36.6,40.8,6.3,NR,0.0,NR,400.7,D,29.3,D
MANIPUR,BISHNUPUR,2026-09-07,0.0,0.0,29.3,40.8,7.3,NR,30.5,D,400.7,D,29.3,D
MANIPUR,BISHNUPUR,2026-09-08,0.0,0.0,15.7,40.8,10.4,NR,0.0,NR,400.7,LD,29.3,LD
MANIPUR,BISHNUPUR,2026-09-09,0.0,0.0,7.7,38.199999999999996,11.1,NR,7.7,LD,400.7,LD,29.3,LD
MANIPUR,BISHNUPUR,2026-09-10,0.0,0.0,7.5,38.199999999999996,10.2,NR,7.7,LD,400.7,LD,29.3,LD
MANIPUR,BISHNUPUR,2026-09-11,15.2,15.199999999999998,15.2,53.4,9.7,E,7.7,LD,415.9,LD,44.5,D
MANIPUR,BISHNUPUR,2026-09-12,6.0,21.199999999999996,21.2,59.4,9.1,D,6.0,D,421.9,D,50.5,D
MANIPUR,BISHNUPUR,2026-09-13,0.0,21.199999999999996,21.2,59.4,10.6,NR,7.7,LD,421.9,LD,50.5,LD
MANIPUR,BISHNUPUR,2026-09-14,0.0,5.999999999999998,21.2,57.8,5.8,NR,0.0,NR,421.9,LD,50.5,LD
MANIPUR,BISHNUPUR,2026-09-15,0.0,0.0,21.2,50.5,7.5,NR,7.7,LD,400.7,LD,50.5,LD
MANIPUR,BISHNUPUR,2026-09-16,0.0,0.0,21.2,36.9,13.0,NR,0.0,NR,421.9,LD,50.5,LD
MANIPUR,BISHNUPUR,2026-09-17,0.0,0.0,21.2,28.9,7.8,NR,21.2,LD,421.9,LD,50.5,LD
MANIPUR,BISHNUPUR,2026-09-18,0.0,0.0,6.0,28.7,6.3,NR,0.0,NR,421.9,LD,50.5,LD
MANIPUR,BISHNUPUR,2026-09-19,0.0,0.0,0.0,21.2,4.7,NR,0.0,NR,421.9,LD,50.5,LD
MANIPUR,BISHNUPUR,2026-09-20,0.0,0.0,0.0,21.2,4.4,NR,0.0,NR,421.9,LD,50.5,LD
MANIPUR,BISHNUPUR,2026-09-21,0.0,0.0,0.0,21.2,4.9,NR,21.2,LD,421.9,LD,50.5,LD
MANIPUR,CHANDEL,2026-08-19,6.7,6.7,6.7,6.7,9.2,D,6.7,D,405.6,D,46.0,LD
MANIPUR,CHANDEL,2026-08-20,0.0,6.7,6.7,6.7,5.4,NR,8.0,LD,405.6,D,46.0,LD
MANIPUR,CHANDEL,2026-08-21,3.6,10.3,10.3,10.3,8.6,D,8.0,LD,405.6,D,49.6,LD
MANIPUR,CHANDEL,2026-08-22,0.0,3.6,10.3,10.3,9.1,NR,8.0,LD,409.2,D,49.6,LD
MANIPUR,CHANDEL,2026-08-23,2.5,6.1,12.8,12.8,10.0,LD,2.5,LD,411.8,D,52.1,LD
MANIPUR,CHANDEL,2026-08-24,0.1,2.6,12.9,12.9,8.1,LD,8.0,LD,411.8,D,52.2,LD
MANIPUR,CHANDEL,2026-08-25,1.6,4.2,14.5,14.5,11.8,LD,8.0,LD,405.6,D,53.8,LD
MANIPUR,CHANDEL,2026-08-26,4.1,5.8,11.899999999999999,18.6,4.8,N,11.9,LD,417.6,D,57.9,LD
MANIPUR,CHANDEL,2026-08-27,1.1,6.800000000000001,13.0,19.7,9.8,LD,1.1,LD,418.7,D,59.0,LD
MANIPUR,CHANDEL,2026-08-28,0.0,5.199999999999999,9.4,19.7,4.9,NR,0.0,NR,418.7,D,59.0,LD
MANIPUR,CHANDEL,2026-08-29,0.1,1.2000000000000002,9.5,19.8,10.8,LD,11.9,LD,418.8,D,59.2,LD
MANIPUR,CHANDEL,2026-08-30,2.2,2.3000000000000003,9.2,22.0,5.5,LD,11.9,LD,421.0,D,61.4,LD
MANIPUR,CHANDEL,2026-08-31,22.2,24.5,31.299999999999997,44.2,3.8,LE,11.9,LD,443.2,D,83.6,LD
MANIPUR,CHANDEL,2026-09-01,13.3,37.7,43.0,57.5,12.9,N,11.9,LD,417.6,D,13.3,N
MANIPUR,CHANDEL,2026-09-02,2.1,37.6,41.0,59.6,8.1,LD,41.1,D,458.6,D,15.4,D
MANIPUR,CHANDEL,2026-09-03,0.1,15.5,40.0,53.0,12.5,LD,41.1,D,458.6,D,15.6,D
MANIPUR,CHANDEL,2026-09-04,3.0,5.2,43.0,56.0,6.3,D,41.1,D,461.8,D,18.6,D
MANIPUR,CHANDEL,2026-09-05,0.0,3.1,42.900000000000006,52.400000000000006,11.8,NR,41.1,D,461.8,D,18.6,LD
MANIPUR,CHANDEL,2026-09-06,0.0,3.0,40.7,52.400000000000006,6.3,NR,0.0,NR,461.8,D,18.6,LD
MANIPUR,CHANDEL,2026-09-07,0.0,0.0,18.5,49.900000000000006,7.3,NR,41.1,D,461.8,D,18.6,LD
MANIPUR,CHANDEL,2026-09-08,0.0,0.0,5.2,49.800000000000004,10.4,NR,0.0,NR,461.8,D,18.6,LD
MANIPUR,CHANDEL,2026-09-09,5.6,5.6,8.7,53.8,11.1,D,8.8,LD,467.4,D,24.2,LD
MANIPUR,CHANDEL,2026-09-10,2.2,7.8,10.8,51.9,10.2,LD,8.8,LD,467.4,D,26.4,LD
MANIPUR,CHANDEL,2026-09-11,17.6,25.400000000000002,25.400000000000002,68.4,9.7,LE,8.8,LD,487.3,D,44.0,D
MANIPUR,CHANDEL,2026-09-12,5.1,24.900000000000006,30.5,73.5,9.1,D,5.1,D,492.4,D,49.1,D
MANIPUR,CHANDEL,2026-09-13,2.6,25.3,33.1,76.0,10.6,LD,8.8,LD,495.0,D,51.8,LD
MANIPUR,CHANDEL,2026-09-14,0.0,7.699999999999999,33.1,73.8,5.8,NR,0.0,NR,495.0,D,51.8,LD
MANIPUR,CHANDEL,2026-09-15,0.0,2.6,33.1,51.6,7.5,NR,8.8,LD,467.4,D,51.7,LD
MANIPUR,CHANDEL,2026-09-16,3.2,3.2,30.7,41.5,13.0,LD,3.2,LD,498.2,D,55.0,LD
MANIPUR,CHANDEL,2026-09-17,0.1,3.3000000000000003,28.6,39.5,7.8,LD,30.7,D,498.3,D,55.1,LD
MANIPUR,CHANDEL,2026-09-18,0.0,3.3000000000000003,11.0,39.4,6.3,NR,0.0,NR,498.3,D,55.1,LD
MANIPUR,CHANDEL,2026-09-19,0.0,0.1,5.9,36.4,4.7,NR,0.0,NR,498.3,D,55.1,LD
MANIPUR,CHANDEL,2026-09-20,3.6,3.6,6.9,40.0,4.4,N,3.6,N,501.9,D,58.7,LD
MANIPUR,CHANDEL,2026-09-21,5.3,8.9,12.2,45.3,4.9,N,30.7,D,498.2,D,64.0,LD
MANIPUR,CHURACHANDPUR,2026-08-19,0.0,0.0,0.0,0.0,9.2,NR,0.0,NR,192.0,LD,50.5,LD
MANIPUR,CHURACHANDPUR,2026-08-20,0.0,0.0,0.0,0.0,5.4,NR,8.5,LD,192.0,LD,50.5,LD
MANIPUR,CHURACHANDPUR,2026-08-21,0.0,0.0,0.0,0.0,8.6,NR,8.5,LD,192.0,LD,50.5,LD
MANIPUR,CHURACHANDPUR,2026-08-22,0.0,0.0,0.0,0.0,9.1,NR,8.5,LD,192.0,LD,50.5,LD
MANIPUR,CHURACHANDPUR,2026-08-23,0.0,0.0,0.0,0.0,10.0,NR,0.0,NR,192.0,LD,50.5,LD
MANIPUR,CHURACHANDPUR,2026-08-24,0.0,0.0,0.0,0.0,8.1,NR,8.5,LD,192.0,LD,50.5,LD
MANIPUR,CHURACHANDPUR,2026-08-25,0.0,0.0,0.0,0.0,11.8,NR,8.5,LD,192.0,LD,50.5,LD
MANIPUR,CHURACHANDPUR,2026-08-26,2.0,2.0,2.0,2.0,4.8,D,2.0,LD,194.0,LD,52.5,LD
MANIPUR,CHURACHANDPUR,2026-08-27,3.5,5.5,5.5,5.5,9.8,LD,3.5,LD,197.5,LD,56.0,LD
MANIPUR,CHURACHANDPUR,2026-08-28,0.0,5.5,5.5,5.5,4.9,NR,0.0,NR,197.5,LD,56.0,LD
MANIPUR,CHURACHANDPUR,2026-08-29,0.0,3.5,5.5,5.5,10.8,NR,2.0,LD,197.5,LD,56.0,LD
MANIPUR,CHURACHANDPUR,2026-08-30,0.0,0.0,5.5,5.5,5.5,NR,2.0,LD,197.5,LD,56.0,LD
MANIPUR,CHURACHANDPUR,2026-08-31,2.0,2.0,7.5,7.5,3.8,D,2.0,LD,199.5,LD,58.0,LD
MANIPUR,CHURACHANDPUR,2026-09-01,3.5,5.5,11.0,11.0,12.9,LD,2.0,LD,194.0,LD,3.5,LD
MANIPUR,CHURACHANDPUR,2026-09-02,8.0,13.5,17.0,19.0,8.1,N,17.0,LD,211.0,LD,11.5,D
MANIPUR,CHURACHANDPUR,2026-09-03,0.0,11.5,13.5,19.0,12.5,NR,17.0,LD,211.0,LD,11.5,LD
MANIPUR,CHURACHANDPUR,2026-09-04,0.0,8.0,13.5,19.0,6.3,ND,17.0,LD,211.0,LD,11.5,LD
MANIPUR,CHURACHANDPUR,2026-09-05,1.5,1.5,15.0,20.5,11.8,LD,17.0,LD,212.5,LD,13.0,LD
MANIPUR,CHURACHANDPUR,2026-09-06,0.0,1.5,15.0,20.5,6.3,NR,0.0,NR,212.5,LD,13.0,LD
MANIPUR,CHURACHANDPUR,2026-09-07,0.0,1.5,13.0,20.5,7.3,NR,17.0,LD,212.5,LD,13.0,LD
MANIPUR,CHURACHANDPUR,2026-09-08,0.0,0.0,9.5,20.5,10.4,NR,0.0,NR,212.5,LD,13.0,LD
MANIPUR,CHURACHANDPUR,2026-09-09,0.0,0.0,1.5,20.5,11.1,NR,1.5,LD,212.5,LD,13.0,LD
MANIPUR,CHURACHANDPUR,2026-09-10,0.0,0.0,1.5,18.5,10.2,NR,1.5,LD,212.5,LD,13.0,LD
MANIPUR,CHURACHANDPUR,2026-09-11,13.0,13.0,14.5,28.0,9.7,E,1.5,LD,225.5,LD,26.0,LD
MANIPUR,CHURACHANDPUR,2026-09-12,0.0,13.0,13.0,28.0,9.1,NR,0.0,NR,225.5,LD,26.0,LD
MANIPUR,CHURACHANDPUR,2026-09-13,0.0,13.0,13.0,28.0,10.6,NR,1.5,LD,225.5,LD,26.0,LD
MANIPUR,CHURACHANDPUR,2026-09-14,0.0,0.0,13.0,28.0,5.8,NR,0.0,NR,225.5,LD,26.0,LD
MANIPUR,CHURACHANDPUR,2026-09-15,0.0,0.0,13.0,26.0,7.5,NR,1.5,LD,212.5,LD,26.0,LD
MANIPUR,CHURACHANDPUR,2026-09-16,6.5,6.5,19.5,29.0,13.0,D,6.5,D,232.0,LD,32.5,LD
MANIPUR,CHURACHANDPUR,2026-09-17,0.0,6.5,19.5,21.0,7.8,NR,19.5,LD,232.0,LD,32.5,LD
MANIPUR,CHURACHANDPUR,2026-09-18,0.0,6.5,6.5,21.0,6.3,NR,0.0,NR,232.0,LD,32.5,LD
MANIPUR,CHURACHANDPUR,2026-09-19,0.0,0.0,6.5,21.0,4.7,NR,0.0,NR,232.0,LD,32.5,LD
MANIPUR,CHURACHANDPUR,2026-09-20,0.0,0.0,6.5,19.5,4.4,NR,0.0,NR,232.0,LD,32.5,LD
MANIPUR,CHURACHANDPUR,2026-09-21,0.0,0.0,6.5,19.5,4.9,ND,19.5,LD,232.0,LD,32.5,LD
MANIPUR,IMPHAL EAST,2026-08-19,4.5,4.5,4.5,4.5,5.5,N,4.5,N,396.6,D,46.9,D
MANIPUR,IMPHAL EAST,2026-08-20,0.0,4.5,4.5,4.5,4.9,NR,9.2,LD,396.6,D,46.9,LD
MANIPUR,IMPHAL EAST,2026-08-21,0.8,5.3,5.3,5.3,5.7,LD,9.2,LD,396.6,D,47.6,LD
MANIPUR,IMPHAL EAST,2026-08-22,0.0,0.8,5.3,5.3,3.1,NR,9.2,LD,397.3,D,47.6,LD
MANIPUR,IMPHAL EAST,2026-08-23,0.2,1.0,5.5,5.5,4.6,LD,0.2,LD,397.6,D,47.9,LD
MANIPUR,IMPHAL EAST,2026-08-24,0.0,0.2,5.5,5.5,5.3,NR,9.2,LD,397.6,D,47.9,LD
MANIPUR,IMPHAL EAST,2026-08-25,0.0,0.2,5.5,5.5,3.4,NR,9.2,LD,396.6,D,47.9,LD
MANIPUR,IMPHAL EAST,2026-08-26,0.5,0.5,1.5,6.0,5.9,LD,1.5,LD,398.1,D,48.4,LD
MANIPUR,IMPHAL EAST,2026-08-27,3.7,4.2,5.2,9.7,10.2,LD,3.7,LD,401.7,D,52.0,LD
MANIPUR,IMPHAL EAST,2026-08-28,0.0,4.2,4.4,9.7,3.0,NR,0.0,NR,401.7,D,52.0,LD
MANIPUR,IMPHAL EAST,2026-08-29,0.0,3.7,4.4,9.7,4.3,NR,1.5,LD,401.7,D,52.0,LD
MANIPUR,IMPHAL EAST,2026-08-30,0.1,0.1,4.3,9.8,3.6,LD,1.5,LD,401.9,D,52.2,LD
MANIPUR,IMPHAL EAST,2026-08-31,7.3,7.3999999999999995,11.6,17.1,5.1,E,1.5,LD,409.2,D,59.5,LD
MANIPUR,IMPHAL EAST,2026-09-01,12.8,20.2,24.4,29.9,7.1,LE,1.5,LD,398.1,D,12.8,LE
MANIPUR,IMPHAL EAST,2026-09-02,1.9,21.999999999999996,25.8,31.8,5.8,LD,25.9,D,423.9,D,14.8,N
MANIPUR,IMPHAL EAST,2026-09-03,0.0,14.700000000000001,22.1,27.3,4.8,NR,25.9,D,423.9,D,14.8,N
MANIPUR,IMPHAL EAST,2026-09-04,2.5,4.4,24.6,29.8,4.5,D,25.9,D,426.4,D,17.2,D
MANIPUR,IMPHAL EAST,2026-09-05,0.0,2.5,24.6,29.0,6.4,NR,25.9,D,426.4,D,17.2,D
MANIPUR,IMPHAL EAST,2026-09-06,0.0,2.5,24.5,29.0,5.0,NR,0.0,NR,426.4,D,17.2,D
MANIPUR,IMPHAL EAST,2026-09-07,0.0,0.0,17.200000000000003,28.8,3.5,NR,25.9,D,426.4,D,17.2,D
MANIPUR,IMPHAL EAST,2026-09-08,5.1,5.1,9.5,33.9,3.5,E,5.1,E,431.5,D,22.4,D
MANIPUR,IMPHAL EAST,2026-09-09,2.7,7.8,10.3,36.6,4.2,D,10.3,LD,434.2,D,25.1,D
MANIPUR,IMPHAL EAST,2026-09-10,0.0,7.8,10.3,36.1,4.3,NR,10.3,LD,434.2,D,25.1,D
MANIPUR,IMPHAL EAST,2026-09-11,1.9,4.6,9.7,34.3,4.4,D,10.3,LD,436.2,D,27.0,D
MANIPUR,IMPHAL EAST,2026-09-12,1.8,3.7,11.5,36.099999999999994,3.9,D,1.8,D,437.9,D,28.8,D
MANIPUR,IMPHAL EAST,2026-09-13,0.2,3.9,11.7,36.3,3.9,LD,10.3,LD,438.1,D,29.0,D
MANIPUR,IMPHAL EAST,2026-09-14,0.2,2.2,11.9,36.400000000000006,3.5,LD,0.2,LD,438.4,D,29.2,D
MANIPUR,IMPHAL EAST,2026-09-15,0.0,0.4,6.8,29.099999999999998,3.8,NR,10.3,LD,434.2,D,29.2,D
MANIPUR,IMPHAL EAST,2026-09-16,0.0,0.2,4.1,16.299999999999997,4.8,NR,0.0,NR,438.4,D,29.2,LD
MANIPUR,IMPHAL EAST,2026-09-17,0.1,0.1,4.2,14.5,4.0,LD,4.1,LD,438.4,D,29.3,LD
MANIPUR,IMPHAL EAST,2026-09-18,0.0,0.1,2.3000000000000003,14.5,5.6,NR,0.0,NR,438.4,D,29.3,LD
MANIPUR,IMPHAL EAST,2026-09-19,2.5,2.6,3.0,14.5,2.9,N,2.5,N,440.9,D,31.8,LD
MANIPUR,IMPHAL EAST,2026-09-20,4.3,6.8,7.1,18.8,2.7,LE,4.3,LE,445.2,D,36.1,LD
MANIPUR,IMPHAL EAST,2026-09-21,3.7,10.5,10.6,22.5,6.7,D,4.1,LD,438.4,D,39.8,D
MANIPUR,IMPHAL WEST,2026-08-19,1.1,1.1,1.1,1.1,11.5,LD,1.1,LD,561.3,D,96.7,LD
MANIPUR,IMPHAL WEST,2026-08-20,0.5,1.6,1.6,1.6,11.1,LD,30.7,LD,561.8,D,97.2,LD
MANIPUR,IMPHAL WEST,2026-08-21,9.1,10.7,10.7,10.7,7.8,N,30.7,LD,561.3,D,106.3,LD
MANIPUR,IMPHAL WEST,2026-08-22,5.6,15.2,16.299999999999997,16.299999999999997,11.0,D,30.7,LD,576.5,D,111.9,LD
MANIPUR,IMPHAL WEST,2026-08-23,0.0,14.7,16.299999999999997,16.299999999999997,8.4,NR,0.0,NR,576.5,D,111.9,LD
MANIPUR,IMPHAL WEST,2026-08-24,0.0,5.6,16.299999999999997,16.299999999999997,13.7,NR,30.7,LD,576.5,D,111.9,LD
MANIPUR,IMPHAL WEST,2026-08-25,0.0,0.0,16.299999999999997,16.299999999999997,14.7,NR,30.7,LD,561.3,D,111.9,LD
MANIPUR,IMPHAL WEST,2026-08-26,7.1,7.1,22.299999999999997,23.4,13.7,D,22.2,LD,583.5,D,118.9,LD
MANIPUR,IMPHAL WEST,2026-08-27,5.2,12.3,27.0,28.599999999999998,13.8,LD,5.2,LD,588.8,D,124.2,LD
MANIPUR,IMPHAL WEST,2026-08-28,8.1,20.4,25.999999999999996,36.7,10.0,D,8.1,D,596.9,D,132.3,LD
MANIPUR,IMPHAL WEST,2026-08-29,0.3,13.6,20.7,37.0,11.3,LD,22.2,LD,597.2,D,132.6,LD
MANIPUR,IMPHAL WEST,2026-08-30,0.0,8.399999999999999,20.7,37.0,16.2,NR,22.2,LD,597.2,D,132.6,LD
MANIPUR,IMPHAL WEST,2026-08-31,14.4,14.700000000000001,35.1,51.4,7.4,LE,22.2,LD,611.6,D,147.0,LD
MANIPUR,IMPHAL WEST,2026-09-01,9.8,24.200000000000003,44.9,61.2,24.5,LD,22.2,LD,583.5,D,9.8,LD
MANIPUR,IMPHAL WEST,2026-09-02,10.3,34.5,48.1,71.5,14.5,D,48.2,D,631.7,D,20.1,D
MANIPUR,IMPHAL WEST,2026-09-03,4.9,25.000000000000004,47.800000000000004,75.30000000000001,7.7,D,48.2,D,631.7,D,25.1,D
MANIPUR,IMPHAL WEST,2026-09-04,12.4,27.6,52.1,87.2,12.1,N,48.2,D,649.1,D,37.5,D
MANIPUR,IMPHAL WEST,2026-09-05,8.0,25.3,59.800000000000004,86.1,18.7,D,48.2,D,657.1,D,45.5,D
MANIPUR,IMPHAL WEST,2026-09-06,7.4,27.799999999999997,67.2,87.9,14.5,D,7.4,D,664.5,D,52.9,D
MANIPUR,IMPHAL WEST,2026-09-07,0.0,15.4,52.8,87.9,17.8,NR,48.2,D,664.5,D,52.9,D
MANIPUR,IMPHAL WEST,2026-09-08,3.5,10.9,46.5,91.4,26.2,LD,3.5,LD,668.0,D,56.4,D
MANIPUR,IMPHAL WEST,2026-09-09,5.9,9.4,42.1,97.30000000000001,12.1,D,42.2,LD,674.0,D,62.4,D
MANIPUR,IMPHAL WEST,2026-09-10,0.0,9.4,37.2,90.20000000000002,11.9,NR,42.2,LD,674.0,D,62.4,LD
MANIPUR,IMPHAL WEST,2026-09-11,2.2,8.100000000000001,27.000000000000004,87.2,13.5,LD,42.2,LD,676.2,D,64.6,LD
MANIPUR,IMPHAL WEST,2026-09-12,1.2,3.4000000000000004,20.2,80.3,13.9,LD,1.2,LD,677.4,D,65.8,LD
MANIPUR,IMPHAL WEST,2026-09-13,0.0,3.4000000000000004,12.8,80.0,8.3,NR,42.2,LD,677.4,D,65.8,LD
MANIPUR,IMPHAL WEST,2026-09-14,0.0,1.2,12.8,80.0,9.4,NR,0.0,NR,677.4,D,65.8,LD
MANIPUR,IMPHAL WEST,2026-09-15,0.0,0.0,9.3,65.6,13.8,NR,42.2,LD,674.0,D,65.8,LD
MANIPUR,IMPHAL WEST,2026-09-16,0.0,0.0,3.4000000000000004,55.8,10.7,NR,0.0,NR,677.4,D,65.8,LD
MANIPUR,IMPHAL WEST,2026-09-17,6.7,6.7,10.100000000000001,52.2,6.8,N,3.4,LD,684.1,D,72.5,LD
MANIPUR,IMPHAL WEST,2026-09-18,7.1,13.8,15.0,54.4,8.3,N,7.1,N,691.2,D,79.6,LD
MANIPUR,IMPHAL WEST,2026-09-19,0.0,13.8,13.8,42.0,6.2,NR,0.0,NR,691.2,D,79.6,LD
MANIPUR,IMPHAL WEST,2026-09-20,8.3,15.400000000000002,22.1,42.3,5.0,LE,8.3,LE,699.5,D,87.9,LD
MANIPUR,IMPHAL WEST,2026-09-21,6.2,14.500000000000004,28.3,41.1,5.1,E,3.4,LD,677.4,D,94.2,LD
MANIPUR,SENAPATI,2026-08-19,0.0,0.0,0.0,0.0,7.8,NR,0.0,NR,485.0,N,51.9,LD
MANIPUR,SENAPATI,2026-08-20,8.2,8.2,8.2,8.2,4.0,LE,7.8,LD,493.2,N,60.1,D
MANIPUR,SENAPATI,2026-08-21,0.0,8.2,8.2,8.2,4.9,NR,7.8,LD,485.0,N,60.1,D
MANIPUR,SENAPATI,2026-08-22,0.0,8.2,8.2,8.2,3.9,NR,7.8,LD,493.2,N,60.1,LD
MANIPUR,SENAPATI,2026-08-23,1.9,1.9,10.1,10.1,6.2,LD,1.9,LD,495.1,N,62.0,LD
MANIPUR,SENAPATI,2026-08-24,0.6,2.5,10.7,10.7,6.9,LD,7.8,LD,495.7,N,62.6,LD
MANIPUR,SENAPATI,2026-08-25,3.2,5.7,13.899999999999999,13.899999999999999,2.6,E,7.8,LD,485.0,N,65.8,LD
MANIPUR,SENAPATI,2026-08-26,0.0,3.8000000000000003,13.899999999999999,13.899999999999999,6.1,NR,13.9,LD,498.9,N,65.8,LD
MANIPUR,SENAPATI,2026-08-27,30.2,33.4,35.9,44.099999999999994,4.5,LE,30.2,LE,529.2,N,96.0,D
MANIPUR,SENAPATI,2026-08-28,0.0,30.2,35.9,44.099999999999994,5.9,NR,0.0,NR,529.2,N,96.0,D
MANIPUR,SENAPATI,2026-08-29,5.6,35.8,41.5,49.699999999999996,5.7,N,13.9,LD,534.8,N,101.6,D
MANIPUR,SENAPATI,2026-08-30,0.0,5.6,39.6,49.699999999999996,4.7,NR,13.9,LD,534.8,N,101.6,D
MANIPUR,SENAPATI,2026-08-31,1.6,7.199999999999999,40.6,51.3,10.8,LD,13.9,LD,536.4,N,103.2,D
MANIPUR,SENAPATI,2026-09-01,15.4,17.0,52.8,66.7,8.2,LE,13.9,LD,498.9,N,15.4,LE
MANIPUR,SENAPATI,2026-09-02,23.0,40.0,75.8,89.69999999999999,4.7,LE,75.8,LE,574.8,N,38.4,LE
MANIPUR,SENAPATI,2026-09-03,0.0,38.4,45.6,89.69999999999999,4.0,NR,75.8,LE,574.8,N,38.4,LE
MANIPUR,SENAPATI,2026-09-04,2.6,25.6,48.2,84.1,6.3,D,75.8,LE,577.4,N,41.0,LE
MANIPUR,SENAPATI,2026-09-05,1.8,4.4,44.4,85.89999999999999,5.3,LD,75.8,LE,579.2,N,42.8,E
MANIPUR,SENAPATI,2026-09-06,1.4,5.8,45.8,87.3,6.6,LD,1.4,LD,580.6,N,44.2,E
MANIPUR,SENAPATI,2026-09-07,4.4,7.6,48.6,89.8,3.0,E,75.8,LE,585.0,N,48.6,E
MANIPUR,SENAPATI,2026-09-08,5.8,11.6,39.0,95.0,6.7,N,5.8,N,590.8,N,54.4,E
MANIPUR,SENAPATI,2026-09-09,5.0,15.2,21.0,96.79999999999998,2.4,LE,21.0,D,595.8,N,59.4,E
MANIPUR,SENAPATI,2026-09-10,0.0,10.799999999999999,21.0,96.79999999999998,4.6,NR,21.0,D,595.8,N,59.4,N
MANIPUR,SENAPATI,2026-09-11,0.0,4.999999999999999,18.4,66.6,2.8,NR,21.0,D,595.8,N,59.4,N
MANIPUR,SENAPATI,2026-09-12,0.0,0.0,16.6,66.6,2.3,NR,0.0,NR,595.8,N,59.4,N
MANIPUR,SENAPATI,2026-09-13,0.1,0.09999999999999912,15.299999999999999,61.1,4.5,LD,21.0,D,595.9,N,59.5,N
MANIPUR,SENAPATI,2026-09-14,0.0,0.09999999999999912,10.899999999999999,61.1,2.0,NR,0.0,NR,595.9,N,59.5,N
MANIPUR,SENAPATI,2026-09-15,0.0,0.09999999999999912,5.1,59.5,3.4,NR,21.0,D,595.8,N,59.5,N
MANIPUR,SENAPATI,2026-09-16,0.0,0.0,0.1,44.1,3.0,NR,0.0,NR,595.9,N,59.5,N
MANIPUR,SENAPATI,2026-09-17,0.0,0.0,0.1,21.1,5.5,NR,0.1,LD,595.9,N,59.5,D
MANIPUR,SENAPATI,2026-09-18,0.0,0.0,0.1,21.1,2.9,NR,0.0,NR,595.9,N,59.5,D
MANIPUR,SENAPATI,2026-09-19,16.0,16.0,16.1,34.5,5.3,LE,16.0,LE,611.9,N,75.5,N
MANIPUR,SENAPATI,2026-09-20,5.7,21.7,21.7,38.4,9.0,D,5.7,D,617.6,N,81.2,N
MANIPUR,SENAPATI,2026-09-21,0.2,21.9,21.9,37.2,1.6,LD,0.1,LD,595.9,N,81.4,N
MANIPUR,TAMENGLONG,2026-08-19,30.6,30.6,30.6,30.6,57.1,D,30.6,D,1404.8,D,270.3,D
MANIPUR,TAMENGLONG,2026-08-20,20.5,51.1,51.1,51.1,12.8,LE,54.2,LD,1425.3,D,290.8,D
MANIPUR,TAMENGLONG,2026-08-21,20.9,72.0,72.0,72.0,25.8,N,54.2,LD,1404.8,D,311.7,D
MANIPUR,TAMENGLONG,2026-08-22,1.0,42.4,73.0,73.0,9.2,LD,54.2,LD,1447.2,D,312.7,D
MANIPUR,TAMENGLONG,2026-08-23,0.0,21.9,73.0,73.0,13.7,NR,0.0,NR,1447.2,D,312.7,D
MANIPUR,TAMENGLONG,2026-08-24,5.2,6.2,78.2,78.2,8.8,D,54.2,LD,1452.4,D,317.9,D
MANIPUR,TAMENGLONG,2026-08-25,7.1,12.3,85.3,85.3,62.0,LD,54.2,LD,1404.8,D,325.0,D
MANIPUR,TAMENGLONG,2026-08-26,8.3,20.6,63.0,93.6,18.9,D,63.0,D,1467.8,D,333.3,D
MANIPUR,TAMENGLONG,2026-08-27,10.9,26.300000000000004,53.4,104.5,1.5,LE,10.9,LE,1478.7,D,344.2,D
MANIPUR,TAMENGLONG,2026-08-28,8.5,27.700000000000003,41.0,113.0,7.9,N,8.5,N,1487.2,D,352.7,D
MANIPUR,TAMENGLONG,2026-08-29,0.0,19.4,40.0,113.0,8.5,NR,63.0,D,1487.2,D,352.7,D
MANIPUR,TAMENGLONG,2026-08-30,0.0,8.5,40.0,113.0,18.5,NR,63.0,D,1487.2,D,352.7,D
MANIPUR,TAMENGLONG,2026-08-31,0.0,0.0,34.8,113.0,15.9,NR,63.0,D,1487.2,D,352.7,D
MANIPUR,TAMENGLONG,2026-09-01,0.1,0.1,27.8,113.10000000000001,30.8,LD,63.0,D,1467.8,D,0.1,LD
MANIPUR,TAMENGLONG,2026-09-02,5.3,5.3999999999999995,24.8,118.4,47.2,LD,24.8,LD,1492.6,D,5.4,LD
MANIPUR,TAMENGLONG,2026-09-03,0.0,5.3999999999999995,13.899999999999999,87.80000000000001,15.4,NR,24.8,LD,1492.6,D,5.4,LD
MANIPUR,TAMENGLONG,2026-09-04,10.4,15.7,15.8,77.7,32.8,LD,24.8,LD,1503.0,D,15.8,LD
MANIPUR,TAMENGLONG,2026-09-05,10.0,20.4,25.8,66.8,19.8,D,24.8,LD,1513.0,D,25.8,LD
MANIPUR,TAMENGLONG,2026-09-06,0.0,20.4,25.8,65.8,64.8,ND,0.0,ND,1513.0,D,25.8,LD
MANIPUR,TAMENGLONG,2026-09-07,3.0,13.000000000000002,28.8,68.8,29.6,LD,24.8,LD,1516.0,D,28.8,LD
MANIPUR,TAMENGLONG,2026-09-08,6.2,9.200000000000003,34.9,69.8,48.8,LD,6.2,LD,1522.2,D,35.0,LD
MANIPUR,TAMENGLONG,2026-09-09,0.0,9.200000000000003,29.6,62.7,8.0,NR,29.6,LD,1522.2,D,35.0,LD
MANIPUR,TAMENGLONG,2026-09-10,0.0,6.200000000000002,29.6,54.4,59.5,NR,29.6,LD,1522.2,D,35.0,LD
MANIPUR,TAMENGLONG,2026-09-11,2.1,2.100000000000002,21.3,45.6,94.5,LD,29.6,LD,1524.3,D,37.1,LD
MANIPUR,TAMENGLONG,2026-09-12,3.1,5.200000000000002,14.4,40.2,34.4,LD,3.1,LD,1527.4,LD,40.2,LD
MANIPUR,TAMENGLONG,2026-09-13,2.1,7.3000000000000025,16.5,42.300000000000004,44.3,LD,29.6,LD,1529.5,LD,42.3,LD
MANIPUR,TAMENGLONG,2026-09-14,1.0,6.200000000000003,14.5,43.300000000000004,33.3,LD,1.0,LD,1530.5,LD,43.3,LD
MANIPUR,TAMENGLONG,2026-09-15,0.0,3.100000000000002,8.3,43.300000000000004,15.7,NR,29.6,LD,1522.2,D,43.3,LD
MANIPUR,TAMENGLONG,2026-09-16,10.4,11.400000000000002,18.700000000000003,53.6,14.6,D,10.4,D,1540.9,LD,53.7,LD
MANIPUR,TAMENGLONG,2026-09-17,10.9,21.300000000000004,29.6,59.2,12.9,N,18.7,LD,1551.8,LD,64.6,LD
MANIPUR,TAMENGLONG,2026-09-18,0.0,21.300000000000004,27.5,59.2,7.0,NR,0.0,NR,1551.8,LD,64.6,LD
MANIPUR,TAMENGLONG,2026-09-19,0.0,10.900000000000002,24.4,48.8,0.0,NR,0.0,NR,1551.8,LD,64.6,LD
MANIPUR,TAMENGLONG,2026-09-20,0.0,0.0,22.3,38.8,2.0,NR,0.0,NR,1551.8,LD,64.6,LD
MANIPUR,TAMENGLONG,2026-09-21,0.0,0.0,21.3,38.8,7.8,NR,18.7,LD,1540.9,LD,64.6,LD
MANIPUR,THOUBAL,2026-08-19,0.0,0.0,0.0,0.0,5.5,NR,0.0,NR,255.9,D,89.3,D
MANIPUR,THOUBAL,2026-08-20,0.0,0.0,0.0,0.0,4.9,NR,0.0,NR,255.9,D,89.3,D
MANIPUR,THOUBAL,2026-08-21,0.0,0.0,0.0,0.0,5.7,NR,0.0,NR,255.9,D,89.3,D
MANIPUR,THOUBAL,2026-08-22,0.0,0.0,0.0,0.0,3.1,NR,0.0,NR,255.9,D,89.3,D
MANIPUR,THOUBAL,2026-08-23,0.0,0.0,0.0,0.0,4.6,NR,0.0,NR,255.9,D,89.3,D
MANIPUR,THOUBAL,2026-08-24,0.0,0.0,0.0,0.0,5.3,NR,0.0,NR,255.9,D,89.3,D
MANIPUR,THOUBAL,2026-08-25,10.2,10.2,10.2,10.2,3.4,LE,0.0,NR,255.9,D,99.5,D
MANIPUR,THOUBAL,2026-08-26,1.4,11.6,11.6,11.6,5.9,LD,11.6,LD,267.5,D,100.9,D
MANIPUR,THOUBAL,2026-08-27,0.2,11.799999999999999,11.799999999999999,11.799999999999999,10.2,LD,0.2,LD,267.7,D,101.1,D
MANIPUR,THOUBAL,2026-08-28,0.0,1.5999999999999999,11.799999999999999,11.799999999999999,3.0,NR,0.0,NR,267.7,D,101.1,D
MANIPUR,THOUBAL,2026-08-29,0.0,0.2,11.799999999999999,11.799999999999999,4.3,NR,11.6,LD,267.7,D,101.1,D
MANIPUR,THOUBAL,2026-08-30,0.1,0.1,11.899999999999999,11.899999999999999,3.6,LD,11.6,LD,267.8,D,101.2,D
MANIPUR,THOUBAL,2026-08-31,20.2,20.3,32.099999999999994,32.099999999999994,5.1,LE,11.6,LD,288.0,D,121.4,D
MANIPUR,THOUBAL,2026-09-01,20.2,40.5,42.099999999999994,52.3,7.1,LE,11.6,LD,267.5,D,20.2,LE
MANIPUR,THOUBAL,2026-09-02,1.5,41.9,42.2,53.8,5.8,LD,42.2,N,309.7,D,21.7,LE
MANIPUR,THOUBAL,2026-09-03,0.0,21.7,42.0,53.8,4.8,NR,42.2,N,309.7,D,21.7,E
MANIPUR,THOUBAL,2026-09-04,1.2,2.7,43.199999999999996,55.0,4.5,LD,42.2,N,310.9,D,22.9,N
MANIPUR,THOUBAL,2026-09-05,0.0,1.2,43.199999999999996,55.0,6.4,NR,42.2,N,310.9,D,22.9,D
MANIPUR,THOUBAL,2026-09-06,0.0,1.2,43.099999999999994,55.0,5.0,NR,0.0,NR,310.9,D,22.9,D
MANIPUR,THOUBAL,2026-09-07,0.0,0.0,22.9,55.0,3.5,NR,42.2,N,310.9,D,22.9,D
MANIPUR,THOUBAL,2026-09-08,0.0,0.0,2.7,55.0,3.5,NR,0.0,NR,310.9,D,22.9,D
MANIPUR,THOUBAL,2026-09-09,0.0,0.0,1.2,44.8,4.2,NR,1.2,LD,310.9,D,22.9,D
MANIPUR,THOUBAL,2026-09-10,0.0,0.0,1.2,43.4,4.3,NR,1.2,LD,310.9,D,22.9,D
MANIPUR,THOUBAL,2026-09-11,5.4,5.4,5.4,48.6,4.4,E,1.2,LD,316.3,D,28.3,D
MANIPUR,THOUBAL,2026-09-12,6.2,11.600000000000001,11.600000000000001,54.8,3.9,E,6.2,E,322.5,D,34.5,D
MANIPUR,THOUBAL,2026-09-13,0.0,11.600000000000001,11.600000000000001,54.8,3.9,NR,1.2,LD,322.5,D,34.5,D
MANIPUR,THOUBAL,2026-09-14,0.0,6.2,11.600000000000001,54.7,3.5,NR,0.0,NR,322.5,D,34.5,D
MANIPUR,THOUBAL,2026-09-15,0.0,0.0,11.600000000000001,34.5,3.8,NR,1.2,LD,310.9,D,34.5,D
MANIPUR,THOUBAL,2026-09-16,0.0,0.0,11.600000000000001,14.3,4.8,NR,0.0,NR,322.5,D,34.5,D
MANIPUR,THOUBAL,2026-09-17,0.0,0.0,11.600000000000001,12.8,4.0,NR,11.6,LD,322.5,D,34.5,D
MANIPUR,THOUBAL,2026-09-18,0.0,0.0,6.2,12.8,5.6,NR,0.0,NR,322.5,D,34.5,D
MANIPUR,THOUBAL,2026-09-19,0.0,0.0,0.0,11.600000000000001,2.9,NR,0.0,NR,322.5,D,34.5,LD
MANIPUR,THOUBAL,2026-09-20,3.2,3.2,3.2,14.8,2.7,N,3.2,N,325.7,D,37.7,D
MANIPUR,THOUBAL,2026-09-21,0.2,3.4000000000000004,3.4000000000000004,15.000000000000002,6.7,LD,11.6,LD,322.5,D,37.9,LD
MANIPUR,UKHRUL,2026-08-19,0.8,0.8,0.8,0.8,12.1,LD,0.8,LD,729.8,N,219.5,E
MANIPUR,UKHRUL,2026-08-20,0.9,1.7000000000000002,1.7000000000000002,1.7000000000000002,6.0,LD,14.4,LD,730.7,N,220.4,E
MANIPUR,UKHRUL,2026-08-21,11.3,13.0,13.0,13.0,5.1,LE,14.4,LD,729.8,N,231.7,E
MANIPUR,UKHRUL,2026-08-22,0.8,13.0,13.8,13.8,7.3,LD,14.4,LD,742.8,N,232.5,E
MANIPUR,UKHRUL,2026-08-23,0.2,12.3,14.0,14.0,5.7,LD,0.2,LD,743.0,N,232.7,E
MANIPUR,UKHRUL,2026-08-24,0.2,1.2000000000000002,14.2,14.2,11.9,LD,14.4,LD,743.2,N,232.9,N
MANIPUR,UKHRUL,2026-08-25,10.0,10.4,24.2,24.2,5.8,LE,14.4,LD,729.8,N,242.9,E
MANIPUR,UKHRUL,2026-08-26,0.8,11.000000000000002,24.2,25.0,5.2,LD,24.2,D,754.0,N,243.7,N
MANIPUR,UKHRUL,2026-08-27,2.2,13.0,25.5,27.2,7.6,LD,2.2,LD,756.2,N,245.9,N
MANIPUR,UKHRUL,2026-08-28,0.0,3.0,14.2,27.2,6.4,NR,0.0,NR,756.2,N,245.9,N
MANIPUR,UKHRUL,2026-08-29,4.9,7.1000000000000005,18.299999999999997,32.1,4.8,N,24.2,D,761.1,N,250.8,N
MANIPUR,UKHRUL,2026-08-30,14.9,19.8,33.0,47.0,2.0,LE,24.2,D,776.0,N,265.7,N
MANIPUR,UKHRUL,2026-08-31,9.2,29.0,42.0,56.2,9.3,N,24.2,D,785.2,N,274.9,N
MANIPUR,UKHRUL,2026-09-01,17.2,41.3,49.199999999999996,73.4,13.3,E,24.2,D,754.0,N,17.2,E
MANIPUR,UKHRUL,2026-09-02,18.0,44.4,66.4,91.4,3.9,LE,66.4,E,820.4,N,35.2,LE
MANIPUR,UKHRUL,2026-09-03,0.6,35.800000000000004,64.8,91.2,1.3,D,66.4,E,820.4,N,35.8,LE
MANIPUR,UKHRUL,2026-09-04,0.0,18.6,64.8,90.3,4.8,NR,66.4,E,821.0,N,35.8,E
MANIPUR,UKHRUL,2026-09-05,0.0,0.6,59.9,79.0,2.5,NR,66.4,E,821.0,N,35.8,E
MANIPUR,UKHRUL,2026-09-06,8.4,8.4,53.4,86.6,6.8,E,8.4,E,829.4,N,44.2,E
MANIPUR,UKHRUL,2026-09-07,33.6,42.0,77.80000000000001,120.0,4.2,LE,66.4,E,863.0,N,77.8,LE
MANIPUR,UKHRUL,2026-09-08,31.4,73.4,92.0,151.2,5.0,LE,31.4,LE,894.4,N,109.2,LE
MANIPUR,UKHRUL,2026-09-09,0.0,65.0,74.0,141.2,6.0,NR,74.0,LE,894.4,N,109.2,LE
MANIPUR,UKHRUL,2026-09-10,0.0,31.4,73.4,140.4,1.7,NR,74.0,LE,894.4,N,109.2,LE
MANIPUR,UKHRUL,2026-09-11,0.0,0.0,73.4,138.2,8.5,NR,74.0,LE,894.4,N,109.2,LE
MANIPUR,UKHRUL,2026-09-12,7.6,7.6,81.0,145.79999999999998,7.3,N,7.6,N,902.0,N,116.8,LE
MANIPUR,UKHRUL,2026-09-13,0.0,7.6,72.6,140.89999999999998,7.0,NR,74.0,LE,902.0,N,116.8,LE
MANIPUR,UKHRUL,2026-09-14,0.4,8.0,39.4,126.39999999999999,2.9,LD,0.4,LD,902.4,N,117.2,E
MANIPUR,UKHRUL,2026-09-15,0.0,0.4,8.0,117.19999999999999,4.4,NR,74.0,LE,894.4,N,117.2,E
MANIPUR,UKHRUL,2026-09-16,0.0,0.4,8.0,100.0,5.4,NR,0.0,NR,902.4,N,117.2,E
MANIPUR,UKHRUL,2026-09-17,0.0,0.0,8.0,82.0,8.5,NR,8.0,LD,902.4,N,117.2,E
MANIPUR,UKHRUL,2026-09-18,6.2,6.2,14.2,87.6,6.6,N,6.2,N,908.6,N,123.4,E
MANIPUR,UKHRUL,2026-09-19,0.5,6.7,7.1000000000000005,88.1,3.1,LD,0.5,LD,909.1,N,123.9,E
MANIPUR,UKHRUL,2026-09-20,13.0,19.7,20.1,101.1,1.2,LE,13.0,LE,922.1,N,136.9,E
MANIPUR,UKHRUL,2026-09-21,0.2,13.7,19.900000000000002,92.89999999999999,1.6,LD,8.0,LD,902.4,N,137.1,E
MEGHALAYA,EAST GARO HILLS,2026-08-19,1.1,1.1,1.1,1.1,9.7,LD,1.1,LD,564.3,LD,103.5,LD
MEGHALAYA,EAST GARO HILLS,2026-08-20,0.8,1.9000000000000001,1.9000000000000001,1.9000000000000001,16.3,LD,32.2,LD,565.1,LD,104.3,LD
MEGHALAYA,EAST GARO HILLS,2026-08-21,0.7,2.6,2.6,2.6,10.6,LD,32.2,LD,564.3,LD,105.0,LD
MEGHALAYA,EAST GARO HILLS,2026-08-22,1.1,2.6,3.7,3.7,15.6,LD,32.2,LD,566.9,LD,106.1,LD
MEGHALAYA,EAST GARO HILLS,2026-08-23,0.6,2.4,4.3,4.3,14.8,LD,0.6,LD,567.5,LD,106.7,LD
MEGHALAYA,EAST GARO HILLS,2026-08-24,4.6,6.3,8.899999999999999,8.899999999999999,14.5,LD,32.2,LD,572.1,LD,111.3,LD
MEGHALAYA,EAST GARO HILLS,2026-08-25,4.3,9.5,13.2,13.2,14.5,LD,32.2,LD,564.3,LD,115.6,LD
MEGHALAYA,EAST GARO HILLS,2026-08-26,4.7,13.6,16.8,17.9,13.4,LD,16.8,LD,581.1,LD,120.3,LD
MEGHALAYA,EAST GARO HILLS,2026-08-27,1.6,10.6,17.599999999999998,19.5,9.6,LD,1.6,LD,721.0,D,155.2,D
MEGHALAYA,EAST GARO HILLS,2026-08-28,0.2,6.5,17.1,19.7,7.9,LD,0.2,LD,583.2,LD,122.4,LD
MEGHALAYA,EAST GARO HILLS,2026-08-29,1.2,3.0,17.2,20.9,8.5,LD,16.8,LD,584.4,LD,123.6,LD
MEGHALAYA,EAST GARO HILLS,2026-08-30,0.3,1.7,16.900000000000002,21.2,5.7,LD,16.8,LD,584.7,LD,123.8,LD
MEGHALAYA,EAST GARO HILLS,2026-08-31,2.2,3.7,14.5,23.4,11.7,LD,16.8,LD,586.9,LD,126.1,LD
MEGHALAYA,EAST GARO HILLS,2026-09-01,2.0,4.5,12.2,25.4,7.6,LD,16.8,LD,581.1,LD,2.0,LD
MEGHALAYA,EAST GARO HILLS,2026-09-02,3.9,8.1,11.4,29.3,7.8,D,11.7,LD,592.8,LD,5.9,LD
MEGHALAYA,EAST GARO HILLS,2026-09-03,2.8,8.7,12.6,30.999999999999996,12.4,LD,11.7,LD,592.8,LD,8.8,LD
MEGHALAYA,EAST GARO HILLS,2026-09-04,3.5,10.2,15.899999999999999,33.7,17.2,LD,11.7,LD,599.2,LD,12.3,LD
MEGHALAYA,EAST GARO HILLS,2026-09-05,0.8,7.1,15.5,33.8,13.8,LD,11.7,LD,599.9,LD,13.1,LD
MEGHALAYA,EAST GARO HILLS,2026-09-06,0.0,4.300000000000001,15.2,32.699999999999996,10.3,LD,0.0,LD,600.0,LD,13.1,LD
MEGHALAYA,EAST GARO HILLS,2026-09-07,0.1,0.9,13.1,32.2,6.8,LD,11.7,LD,600.0,LD,13.1,LD
MEGHALAYA,EAST GARO HILLS,2026-09-08,0.0,0.1,11.1,27.6,11.5,LD,0.0,LD,600.1,LD,13.2,LD
MEGHALAYA,EAST GARO HILLS,2026-09-09,0.2,0.30000000000000004,7.3999999999999995,23.5,13.2,LD,7.5,LD,600.3,LD,13.4,LD
MEGHALAYA,EAST GARO HILLS,2026-09-10,0.6,0.8,5.199999999999999,19.400000000000002,11.9,LD,7.5,LD,600.3,LD,14.0,LD
MEGHALAYA,EAST GARO HILLS,2026-09-11,1.2,2.0,2.9,19.0,15.2,LD,7.5,LD,602.1,LD,15.2,LD
MEGHALAYA,EAST GARO HILLS,2026-09-12,1.9,3.7,3.9999999999999996,20.7,14.7,LD,1.9,LD,604.0,LD,17.1,LD
MEGHALAYA,EAST GARO HILLS,2026-09-13,0.1,3.1999999999999997,4.1,19.6,12.1,LD,7.5,LD,604.1,LD,17.2,LD
MEGHALAYA,EAST GARO HILLS,2026-09-14,0.6,2.5999999999999996,4.6,19.9,15.9,LD,0.6,LD,604.7,LD,17.8,LD
MEGHALAYA,EAST GARO HILLS,2026-09-15,0.4,1.1,5.0,18.1,9.0,LD,7.5,LD,600.3,LD,18.3,LD
MEGHALAYA,EAST GARO HILLS,2026-09-16,0.1,1.0999999999999999,4.8999999999999995,16.2,13.3,LD,0.1,LD,605.2,LD,18.4,LD
MEGHALAYA,EAST GARO HILLS,2026-09-17,9.4,9.9,13.7,21.700000000000003,23.0,LD,5.0,LD,614.6,LD,27.7,LD
MEGHALAYA,EAST GARO HILLS,2026-09-18,1.6,11.1,14.100000000000001,20.5,8.9,LD,1.6,LD,616.2,LD,29.3,LD
MEGHALAYA,EAST GARO HILLS,2026-09-19,6.3,17.3,18.5,23.3,11.5,D,6.3,D,622.5,LD,35.7,LD
MEGHALAYA,EAST GARO HILLS,2026-09-20,0.5,8.4,18.9,23.0,8.5,LD,0.5,LD,623.0,LD,36.2,LD
MEGHALAYA,EAST GARO HILLS,2026-09-21,2.9,9.700000000000001,21.200000000000003,25.9,16.5,LD,5.0,LD,605.2,LD,39.1,LD
MEGHALAYA,EAST JAINTIA HILLS,2026-08-19,2.8,2.8,2.8,2.8,22.8,LD,2.8,LD,1224.5,LD,311.3,D
MEGHALAYA,EAST JAINTIA HILLS,2026-08-20,16.7,19.5,19.5,19.5,23.4,D,51.2,LD,1241.2,LD,328.0,D
MEGHALAYA,EAST JAINTIA HILLS,2026-08-21,5.8,25.3,25.3,25.3,24.4,LD,51.2,LD,1224.5,LD,333.8,D
MEGHALAYA,EAST JAINTIA HILLS,2026-08-22,5.4,27.9,30.7,30.7,31.6,LD,51.2,LD,1252.4,LD,339.2,D
MEGHALAYA,EAST JAINTIA HILLS,2026-08-23,6.8,18.0,37.5,37.5,39.9,LD,6.8,LD,1259.2,LD,346.0,D
MEGHALAYA,EAST JAINTIA HILLS,2026-08-24,8.4,20.6,45.9,45.9,50.0,LD,51.2,LD,1267.5,LD,354.3,D
MEGHALAYA,EAST JAINTIA HILLS,2026-08-25,5.2,20.400000000000002,51.1,51.1,62.5,LD,51.2,LD,1224.5,LD,359.5,D
MEGHALAYA,EAST JAINTIA HILLS,2026-08-26,3.3,16.9,51.6,54.4,23.8,LD,51.5,LD,1276.0,LD,362.8,D
MEGHALAYA,EAST JAINTIA HILLS,2026-08-27,9.4,17.9,44.3,63.8,36.6,LD,9.4,LD,1392.1,LD,423.4,D
MEGHALAYA,EAST JAINTIA HILLS,2026-08-28,30.3,43.0,68.80000000000001,94.1,17.5,LE,30.3,LE,1318.2,LD,405.0,D
MEGHALAYA,EAST JAINTIA HILLS,2026-08-29,11.4,51.10000000000001,74.8,105.5,17.2,D,51.5,LD,1329.6,LD,416.4,D
MEGHALAYA,EAST JAINTIA HILLS,2026-08-30,3.5,45.2,71.5,109.0,25.4,LD,51.5,LD,1333.0,LD,419.8,D
MEGHALAYA,EAST JAINTIA HILLS,2026-08-31,14.6,29.500000000000004,77.7,123.6,22.1,D,51.5,LD,1347.7,LD,434.5,D
MEGHALAYA,EAST JAINTIA HILLS,2026-09-01,1.0,19.1,73.5,124.6,24.8,LD,51.5,LD,1276.0,LD,1.0,LD
MEGHALAYA,EAST JAINTIA HILLS,2026-09-02,9.6,25.200000000000003,79.8,134.2,33.7,LD,82.2,D,1358.2,LD,10.5,LD
MEGHALAYA,EAST JAINTIA HILLS,2026-09-03,17.6,28.200000000000003,88.0,149.0,31.1,D,82.2,D,1358.2,LD,28.1,LD
MEGHALAYA,EAST JAINTIA HILLS,2026-09-04,3.1,30.300000000000004,60.800000000000004,135.4,38.5,LD,82.2,D,1378.8,LD,31.2,LD
MEGHALAYA,EAST JAINTIA HILLS,2026-09-05,15.8,36.5,65.2,145.4,47.8,LD,82.2,D,1394.7,LD,47.0,LD
MEGHALAYA,EAST JAINTIA HILLS,2026-09-06,23.5,42.4,85.2,163.5,16.0,E,23.5,E,1418.1,LD,70.5,LD
MEGHALAYA,EAST JAINTIA HILLS,2026-09-07,0.2,39.5,70.8,156.9,37.5,LD,82.2,D,1418.4,LD,70.7,LD
MEGHALAYA,EAST JAINTIA HILLS,2026-09-08,0.1,23.8,69.9,148.6,36.9,LD,0.1,LD,1418.5,LD,70.8,LD
MEGHALAYA,EAST JAINTIA HILLS,2026-09-09,1.1,1.4000000000000001,61.4,144.5,28.2,LD,61.4,LD,1419.6,LD,71.9,LD
MEGHALAYA,EAST JAINTIA HILLS,2026-09-10,0.1,1.3000000000000003,43.9,141.3,14.0,LD,61.4,LD,1419.6,LD,72.0,LD
MEGHALAYA,EAST JAINTIA HILLS,2026-09-11,4.6,5.8,45.4,136.5,21.1,LD,61.4,LD,1424.2,LD,76.6,LD
MEGHALAYA,EAST JAINTIA HILLS,2026-09-12,36.2,40.900000000000006,65.80000000000001,142.4,22.9,E,36.2,E,1460.5,LD,112.8,LD
MEGHALAYA,EAST JAINTIA HILLS,2026-09-13,0.3,41.1,42.6,131.3,35.0,LD,61.4,LD,1460.8,LD,113.2,LD
MEGHALAYA,EAST JAINTIA HILLS,2026-09-14,5.7,42.2,48.1,133.5,19.3,LD,5.7,LD,1466.5,LD,118.9,LD
MEGHALAYA,EAST JAINTIA HILLS,2026-09-15,6.3,12.3,54.300000000000004,125.20000000000002,29.4,LD,61.4,LD,1419.6,LD,125.2,LD
MEGHALAYA,EAST JAINTIA HILLS,2026-09-16,4.5,16.5,57.7,128.70000000000002,11.8,LD,4.5,LD,1477.4,LD,129.7,LD
MEGHALAYA,EAST JAINTIA HILLS,2026-09-17,7.8,18.6,65.4,126.9,25.1,LD,57.8,LD,1485.2,LD,137.5,LD
MEGHALAYA,EAST JAINTIA HILLS,2026-09-18,0.0,12.299999999999999,60.800000000000004,109.30000000000001,24.3,LD,0.0,LD,1485.2,LD,137.6,LD
MEGHALAYA,EAST JAINTIA HILLS,2026-09-19,0.0,7.8,24.6,106.2,28.8,LD,0.0,LD,1485.2,LD,137.6,LD
MEGHALAYA,EAST JAINTIA HILLS,2026-09-20,0.6,0.6,24.9,91.0,16.2,LD,0.6,LD,1485.9,LD,138.2,LD
MEGHALAYA,EAST JAINTIA HILLS,2026-09-21,1.5,2.1,20.7,69.0,10.3,LD,57.8,LD,1477.4,LD,139.7,LD
MEGHALAYA,EAST KHASI HILLS,2026-08-19,22.7,22.7,22.7,22.7,31.3,D,22.7,D,1696.4,D,293.2,D
MEGHALAYA,EAST KHASI HILLS,2026-08-20,0.7,23.4,23.4,23.4,29.0,LD,126.4,D,1697.1,D,293.9,D
MEGHALAYA,EAST KHASI HILLS,2026-08-21,7.2,30.6,30.6,30.6,36.9,LD,126.4,D,1696.4,D,301.2,D
MEGHALAYA,EAST KHASI HILLS,2026-08-22,1.1,9.0,31.7,31.7,32.0,LD,126.4,D,1705.5,D,302.2,D
MEGHALAYA,EAST KHASI HILLS,2026-08-23,3.0,11.3,34.7,34.7,30.2,LD,3.0,LD,1708.5,D,305.2,D
MEGHALAYA,EAST KHASI HILLS,2026-08-24,17.0,21.1,51.7,51.7,35.7,D,126.4,D,1725.5,D,322.2,D
MEGHALAYA,EAST KHASI HILLS,2026-08-25,39.4,59.4,91.1,91.1,30.1,E,126.4,D,1696.4,D,361.6,D
MEGHALAYA,EAST KHASI HILLS,2026-08-26,11.0,67.4,79.39999999999999,102.1,27.8,LD,79.4,LD,1775.8,D,372.6,D
MEGHALAYA,EAST KHASI HILLS,2026-08-27,5.1,55.5,83.79999999999998,107.19999999999999,26.7,LD,5.1,LD,1946.5,D,417.8,D
MEGHALAYA,EAST KHASI HILLS,2026-08-28,7.3,23.4,83.9,114.5,24.6,LD,7.3,LD,1787.6,D,384.4,D
MEGHALAYA,EAST KHASI HILLS,2026-08-29,13.8,26.2,96.6,128.29999999999998,29.9,D,79.4,LD,1801.4,D,398.1,D
MEGHALAYA,EAST KHASI HILLS,2026-08-30,9.9,31.0,103.49999999999999,138.2,29.6,LD,79.4,LD,1811.3,D,408.1,D
MEGHALAYA,EAST KHASI HILLS,2026-08-31,13.5,37.2,99.99999999999999,151.7,39.8,LD,79.4,LD,1824.8,D,421.6,D
MEGHALAYA,EAST KHASI HILLS,2026-09-01,18.5,41.900000000000006,79.1,170.2,24.4,D,79.4,LD,1775.8,D,18.5,D
MEGHALAYA,EAST KHASI HILLS,2026-09-02,12.4,44.400000000000006,80.5,182.6,22.3,D,79.9,LD,1855.7,D,30.8,D
MEGHALAYA,EAST KHASI HILLS,2026-09-03,12.3,43.2,87.7,172.20000000000002,27.3,D,79.9,LD,1855.7,D,43.1,D
MEGHALAYA,EAST KHASI HILLS,2026-09-04,17.0,41.7,97.4,188.5,29.8,D,79.9,LD,1885.0,D,60.1,D
MEGHALAYA,EAST KHASI HILLS,2026-09-05,13.9,43.2,97.5,195.20000000000002,20.6,D,79.9,LD,1898.8,D,74.0,D
MEGHALAYA,EAST KHASI HILLS,2026-09-06,9.0,39.9,96.60000000000001,203.10000000000002,18.3,D,9.0,D,1907.8,D,83.0,D
MEGHALAYA,EAST KHASI HILLS,2026-09-07,2.9,25.8,86.00000000000001,203.0,21.9,LD,79.9,LD,1910.8,D,85.9,D
MEGHALAYA,EAST KHASI HILLS,2026-09-08,6.6,18.5,74.1,192.60000000000002,29.7,LD,6.6,LD,1917.3,D,92.5,D
MEGHALAYA,EAST KHASI HILLS,2026-09-09,3.2,12.7,64.9,156.4,20.0,LD,64.9,LD,1920.5,D,95.7,D
MEGHALAYA,EAST KHASI HILLS,2026-09-10,0.7,10.5,53.3,146.1,22.5,LD,64.9,LD,1920.5,D,96.4,LD
MEGHALAYA,EAST KHASI HILLS,2026-09-11,1.0,4.9,37.3,142.0,20.8,LD,64.9,LD,1922.2,D,97.4,LD
MEGHALAYA,EAST KHASI HILLS,2026-09-12,8.2,9.899999999999999,31.6,142.9,26.7,LD,8.2,LD,1930.3,D,105.5,LD
MEGHALAYA,EAST KHASI HILLS,2026-09-13,0.4,9.6,23.0,129.50000000000003,31.3,LD,64.9,LD,1930.8,D,106.0,LD
MEGHALAYA,EAST KHASI HILLS,2026-09-14,4.2,12.8,24.3,123.80000000000001,22.8,LD,4.2,LD,1935.0,D,110.2,LD
MEGHALAYA,EAST KHASI HILLS,2026-09-15,4.5,9.100000000000001,22.200000000000003,114.80000000000001,21.7,LD,64.9,LD,1920.5,D,114.7,LD
MEGHALAYA,EAST KHASI HILLS,2026-09-16,0.5,9.2,19.5,96.80000000000001,18.8,LD,0.5,LD,1940.0,D,115.2,LD
MEGHALAYA,EAST KHASI HILLS,2026-09-17,7.3,12.3,26.1,91.7,18.7,LD,19.5,LD,1947.3,D,122.4,LD
MEGHALAYA,EAST KHASI HILLS,2026-09-18,1.0,8.8,26.1,80.4,12.8,LD,1.0,LD,1948.3,D,123.5,LD
MEGHALAYA,EAST KHASI HILLS,2026-09-19,3.9,12.2,21.8,67.3,19.6,LD,3.9,LD,1952.2,D,127.4,LD
MEGHALAYA,EAST KHASI HILLS,2026-09-20,8.1,13.0,29.5,61.5,20.0,LD,8.1,LD,1960.2,D,135.4,LD
MEGHALAYA,EAST KHASI HILLS,2026-09-21,13.6,25.599999999999998,38.9,66.1,21.6,D,19.5,LD,1940.0,D,149.0,LD
MEGHALAYA,NORTH GARO HILLS,2026-08-19,1.3,1.3,1.3,1.3,12.3,LD,1.3,LD,422.4,LD,39.4,LD
MEGHALAYA,NORTH GARO HILLS,2026-08-20,0.2,1.5,1.5,1.5,13.6,LD,19.5,LD,422.6,LD,39.6,LD
MEGHALAYA,NORTH GARO HILLS,2026-08-21,36.5,38.0,38.0,38.0,13.3,LE,19.5,LD,422.4,LD,76.1,LD
MEGHALAYA,NORTH GARO HILLS,2026-08-22,0.2,36.900000000000006,38.2,38.2,13.3,LD,19.5,LD,459.3,LD,76.3,LD
MEGHALAYA,NORTH GARO HILLS,2026-08-23,0.3,37.0,38.5,38.5,11.8,LD,0.3,LD,459.6,LD,76.6,LD
MEGHALAYA,NORTH GARO HILLS,2026-08-24,1.7,2.2,40.2,40.2,23.3,LD,19.5,LD,461.3,LD,78.3,LD
MEGHALAYA,NORTH GARO HILLS,2026-08-25,7.3,9.3,47.5,47.5,10.2,D,19.5,LD,422.4,LD,85.6,LD
MEGHALAYA,NORTH GARO HILLS,2026-08-26,0.5,9.5,46.7,48.0,10.3,LD,46.7,D,469.1,LD,86.1,LD
MEGHALAYA,NORTH GARO HILLS,2026-08-27,0.6,8.4,47.1,48.6,22.5,LD,0.6,LD,485.4,LD,97.8,LD
MEGHALAYA,NORTH GARO HILLS,2026-08-28,10.5,11.600000000000001,21.1,59.1,11.5,N,10.5,N,480.4,LD,97.4,LD
MEGHALAYA,NORTH GARO HILLS,2026-08-29,0.3,11.400000000000002,21.2,59.4,16.2,LD,46.7,D,480.7,LD,97.7,LD
MEGHALAYA,NORTH GARO HILLS,2026-08-30,0.3,11.100000000000001,21.2,59.7,4.4,LD,46.7,D,481.0,LD,98.0,LD
MEGHALAYA,NORTH GARO HILLS,2026-08-31,17.5,18.1,37.0,77.2,8.5,LE,46.7,D,498.5,LD,115.5,LD
MEGHALAYA,NORTH GARO HILLS,2026-09-01,40.3,58.099999999999994,70.0,117.5,7.5,LE,46.7,D,469.1,LD,40.3,LE
MEGHALAYA,NORTH GARO HILLS,2026-09-02,7.6,65.39999999999999,77.1,125.1,14.5,D,77.4,N,546.5,LD,48.0,LE
MEGHALAYA,NORTH GARO HILLS,2026-09-03,4.7,52.599999999999994,81.2,128.5,7.2,D,77.4,N,546.5,LD,52.7,LE
MEGHALAYA,NORTH GARO HILLS,2026-09-04,7.0,19.3,77.7,135.29999999999998,14.3,D,77.4,N,558.1,LD,59.7,E
MEGHALAYA,NORTH GARO HILLS,2026-09-05,2.1,13.8,79.5,100.9,13.3,LD,77.4,N,560.2,LD,61.7,N
MEGHALAYA,NORTH GARO HILLS,2026-09-06,2.6,11.700000000000001,81.8,103.3,13.3,LD,2.6,LD,562.9,LD,64.4,N
MEGHALAYA,NORTH GARO HILLS,2026-09-07,2.1,6.800000000000001,66.39999999999999,105.1,13.7,LD,77.4,N,565.0,LD,66.5,D
MEGHALAYA,NORTH GARO HILLS,2026-09-08,2.7,7.4,28.8,106.1,18.2,LD,2.7,LD,567.6,LD,69.1,D
MEGHALAYA,NORTH GARO HILLS,2026-09-09,0.8,5.6000000000000005,22.000000000000004,99.6,16.2,LD,21.9,LD,568.4,LD,69.9,D
MEGHALAYA,NORTH GARO HILLS,2026-09-10,1.5,5.0,18.8,100.6,11.8,LD,21.9,LD,568.4,LD,71.4,D
MEGHALAYA,NORTH GARO HILLS,2026-09-11,0.3,2.6,12.1,100.30000000000001,17.2,LD,21.9,LD,570.2,LD,71.7,D
MEGHALAYA,NORTH GARO HILLS,2026-09-12,0.1,1.9,10.1,89.9,12.7,LD,0.1,LD,570.3,LD,71.8,D
MEGHALAYA,NORTH GARO HILLS,2026-09-13,0.0,0.4,7.5,89.6,12.5,LD,21.9,LD,570.3,LD,71.9,D
MEGHALAYA,NORTH GARO HILLS,2026-09-14,1.8,1.9000000000000001,7.200000000000001,91.1,8.5,LD,1.8,LD,572.1,LD,73.7,LD
MEGHALAYA,NORTH GARO HILLS,2026-09-15,0.0,1.8,4.5,73.6,7.6,NR,21.9,LD,568.4,LD,73.7,LD
MEGHALAYA,NORTH GARO HILLS,2026-09-16,4.9,6.7,8.600000000000001,38.2,13.4,LD,4.9,LD,577.0,LD,78.5,LD
MEGHALAYA,NORTH GARO HILLS,2026-09-17,25.3,30.200000000000003,32.400000000000006,55.9,7.8,LE,8.6,LD,602.3,LD,103.8,D
MEGHALAYA,NORTH GARO HILLS,2026-09-18,6.7,36.9,38.800000000000004,57.900000000000006,3.5,LE,6.7,LE,609.0,LD,110.5,D
MEGHALAYA,NORTH GARO HILLS,2026-09-19,0.1,32.1,38.800000000000004,51.0,12.5,LD,0.1,LD,609.1,LD,110.6,D
MEGHALAYA,NORTH GARO HILLS,2026-09-20,0.2,6.9999999999999964,39.00000000000001,49.1,19.3,LD,0.2,LD,609.3,LD,110.8,D
MEGHALAYA,NORTH GARO HILLS,2026-09-21,0.6,0.8999999999999965,37.8,47.1,18.3,LD,8.6,LD,577.0,LD,111.4,D
MEGHALAYA,RI BHOI,2026-08-19,22.7,22.7,22.7,22.7,12.3,LE,22.7,LE,538.5,D,96.4,D
MEGHALAYA,RI BHOI,2026-08-20,6.8,29.5,29.5,29.5,15.1,D,57.4,D,545.3,D,103.2,D
MEGHALAYA,RI BHOI,2026-08-21,5.1,34.6,34.6,34.6,10.2,D,57.4,D,538.5,D,108.3,D
MEGHALAYA,RI BHOI,2026-08-22,5.8,17.7,40.4,40.4,11.9,D,57.4,D,556.2,D,114.1,D
MEGHALAYA,RI BHOI,2026-08-23,7.8,18.7,48.199999999999996,48.199999999999996,15.9,D,7.8,D,564.0,D,122.0,D
MEGHALAYA,RI BHOI,2026-08-24,10.7,24.3,58.9,58.9,11.5,N,57.4,D,574.7,D,132.7,D
MEGHALAYA,RI BHOI,2026-08-25,10.8,29.3,69.7,69.7,14.6,D,57.4,D,538.5,D,143.5,D
MEGHALAYA,RI BHOI,2026-08-26,13.7,35.2,60.699999999999996,83.4,16.3,N,60.7,D,599.2,D,157.1,D
MEGHALAYA,RI BHOI,2026-08-27,13.3,37.8,67.2,96.7,17.1,D,13.3,D,653.9,D,181.7,D
MEGHALAYA,RI BHOI,2026-08-28,12.9,39.9,75.0,109.6,14.5,N,12.9,N,626.1,D,184.1,D
MEGHALAYA,RI BHOI,2026-08-29,7.0,33.2,76.2,116.6,13.7,D,60.7,D,633.1,D,191.0,D
MEGHALAYA,RI BHOI,2026-08-30,15.8,35.7,84.2,132.4,12.0,E,60.7,D,648.9,D,206.8,D
MEGHALAYA,RI BHOI,2026-08-31,11.5,34.300000000000004,85.0,143.9,18.2,D,60.7,D,660.4,D,218.3,D
MEGHALAYA,RI BHOI,2026-09-01,12.7,40.0,86.9,156.6,16.2,D,60.7,D,599.2,D,12.7,D
MEGHALAYA,RI BHOI,2026-09-02,9.2,33.4,82.4,165.8,16.2,D,83.1,D,682.4,D,22.0,D
MEGHALAYA,RI BHOI,2026-09-03,5.8,27.699999999999996,74.9,148.9,15.0,LD,83.1,D,682.4,D,27.8,D
MEGHALAYA,RI BHOI,2026-09-04,15.0,30.0,77.0,157.1,14.9,N,83.1,D,703.2,D,42.8,D
MEGHALAYA,RI BHOI,2026-09-05,6.5,27.299999999999997,76.5,158.5,16.0,LD,83.1,D,709.7,D,49.3,D
MEGHALAYA,RI BHOI,2026-09-06,6.5,28.0,67.2,159.2,21.1,LD,6.5,LD,716.2,D,55.8,D
MEGHALAYA,RI BHOI,2026-09-07,7.5,20.5,63.2,158.9,12.8,D,83.1,D,723.6,D,63.3,D
MEGHALAYA,RI BHOI,2026-09-08,11.1,25.099999999999998,61.599999999999994,159.29999999999998,13.8,D,11.1,D,734.7,D,74.3,D
MEGHALAYA,RI BHOI,2026-09-09,6.6,25.199999999999996,59.0,155.10000000000002,8.6,D,59.0,D,741.3,D,81.0,D
MEGHALAYA,RI BHOI,2026-09-10,0.9,18.599999999999998,54.099999999999994,142.29999999999998,10.9,LD,59.0,D,741.3,D,81.8,D
MEGHALAYA,RI BHOI,2026-09-11,7.1,14.599999999999998,46.199999999999996,136.10000000000002,10.3,D,59.0,D,749.2,D,88.9,D
MEGHALAYA,RI BHOI,2026-09-12,4.4,12.399999999999999,44.1,127.60000000000001,12.2,LD,4.4,LD,753.6,D,93.2,D
MEGHALAYA,RI BHOI,2026-09-13,1.9,13.399999999999999,39.49999999999999,122.5,16.2,LD,59.0,D,755.5,D,95.1,D
MEGHALAYA,RI BHOI,2026-09-14,0.8,7.099999999999999,32.8,107.49999999999999,12.5,LD,0.8,LD,756.3,D,95.9,D
MEGHALAYA,RI BHOI,2026-09-15,10.0,12.7,31.699999999999996,105.99999999999999,6.7,E,59.0,D,741.3,D,105.9,D
MEGHALAYA,RI BHOI,2026-09-16,4.5,15.299999999999999,29.6,97.8,14.5,LD,4.5,LD,770.7,D,110.4,D
MEGHALAYA,RI BHOI,2026-09-17,0.1,14.6,28.8,88.7,15.9,LD,29.4,LD,770.8,D,110.5,D
MEGHALAYA,RI BHOI,2026-09-18,4.1,8.7,25.799999999999997,87.0,7.9,D,4.1,D,775.0,D,114.6,D
MEGHALAYA,RI BHOI,2026-09-19,4.2,8.399999999999999,25.6,76.2,12.4,LD,4.2,LD,779.2,D,118.8,D
MEGHALAYA,RI BHOI,2026-09-20,15.1,23.4,38.8,84.8,6.6,LE,15.1,LE,794.3,D,134.0,D
MEGHALAYA,RI BHOI,2026-09-21,6.9,26.2,44.9,85.2,15.6,D,29.4,LD,770.7,D,140.8,D
MEGHALAYA,SOUTH GARO HILLS,2026-08-19,4.1,4.1,4.1,4.1,12.3,LD,4.1,LD,748.7,D,219.9,N
MEGHALAYA,SOUTH GARO HILLS,2026-08-20,1.0,5.1,5.1,5.1,13.6,LD,43.0,D,749.7,D,220.8,N
MEGHALAYA,SOUTH GARO HILLS,2026-08-21,0.7,5.8,5.8,5.8,13.3,LD,43.0,D,748.7,D,221.6,D
MEGHALAYA,SOUTH GARO HILLS,2026-08-22,0.8,2.5,6.6,6.6,13.3,LD,43.0,D,751.2,D,222.4,D
MEGHALAYA,SOUTH GARO HILLS,2026-08-23,0.8,2.3,7.3999999999999995,7.3999999999999995,11.8,LD,0.8,LD,752.1,D,223.2,D
MEGHALAYA,SOUTH GARO HILLS,2026-08-24,3.4,5.0,10.8,10.8,23.3,LD,43.0,D,755.4,D,226.6,D
MEGHALAYA,SOUTH GARO HILLS,2026-08-25,3.3,7.5,14.1,14.1,10.2,LD,43.0,D,748.7,D,229.9,D
MEGHALAYA,SOUTH GARO HILLS,2026-08-26,5.8,12.5,15.8,19.9,10.3,D,15.8,LD,764.5,D,235.7,D
MEGHALAYA,SOUTH GARO HILLS,2026-08-27,0.9,10.0,15.7,20.8,22.5,LD,0.9,LD,871.1,D,283.8,D
MEGHALAYA,SOUTH GARO HILLS,2026-08-28,0.7,7.3999999999999995,15.700000000000001,21.5,11.5,LD,0.7,LD,765.9,D,237.0,D
MEGHALAYA,SOUTH GARO HILLS,2026-08-29,0.5,2.1,15.4,22.0,16.2,LD,15.8,LD,766.4,D,237.6,D
MEGHALAYA,SOUTH GARO HILLS,2026-08-30,6.4,7.6000000000000005,21.0,28.4,4.4,E,15.8,LD,772.8,D,244.0,D
MEGHALAYA,SOUTH GARO HILLS,2026-08-31,1.4,8.3,19.0,29.8,8.5,LD,15.8,LD,774.2,D,245.4,D
MEGHALAYA,SOUTH GARO HILLS,2026-09-01,5.6,13.4,21.299999999999997,35.4,7.5,D,15.8,LD,764.5,D,5.6,D
MEGHALAYA,SOUTH GARO HILLS,2026-09-02,4.1,11.1,19.599999999999998,39.5,14.5,LD,19.4,LD,783.9,D,9.7,D
MEGHALAYA,SOUTH GARO HILLS,2026-09-03,2.8,12.5,21.5,38.199999999999996,7.2,LD,19.4,LD,783.9,D,12.4,D
MEGHALAYA,SOUTH GARO HILLS,2026-09-04,10.9,17.799999999999997,31.7,48.099999999999994,14.3,D,19.4,LD,797.6,D,23.4,D
MEGHALAYA,SOUTH GARO HILLS,2026-09-05,12.7,26.4,43.9,60.1,13.3,N,19.4,LD,810.3,D,36.1,D
MEGHALAYA,SOUTH GARO HILLS,2026-09-06,6.5,30.099999999999998,44.0,65.8,13.3,D,6.5,D,816.8,D,42.6,D
MEGHALAYA,SOUTH GARO HILLS,2026-09-07,0.3,19.5,42.89999999999999,65.3,13.7,LD,19.4,LD,817.1,D,42.9,D
MEGHALAYA,SOUTH GARO HILLS,2026-09-08,6.2,13.0,43.5,68.1,18.2,LD,6.2,LD,823.3,D,49.1,D
MEGHALAYA,SOUTH GARO HILLS,2026-09-09,0.0,6.5,39.4,64.80000000000001,16.2,NR,39.4,LD,823.3,D,49.1,D
MEGHALAYA,SOUTH GARO HILLS,2026-09-10,0.2,6.4,36.800000000000004,59.2,11.8,LD,39.4,LD,823.3,D,49.3,LD
MEGHALAYA,SOUTH GARO HILLS,2026-09-11,1.4,1.5999999999999999,27.3,59.7,17.2,LD,39.4,LD,824.9,D,50.7,LD
MEGHALAYA,SOUTH GARO HILLS,2026-09-12,17.1,18.700000000000003,31.700000000000003,76.1,12.7,E,17.1,E,842.0,D,67.8,D
MEGHALAYA,SOUTH GARO HILLS,2026-09-13,1.0,19.500000000000004,26.200000000000003,76.6,12.5,LD,39.4,LD,843.0,D,68.8,LD
MEGHALAYA,SOUTH GARO HILLS,2026-09-14,0.9,19.0,26.8,71.1,8.5,LD,0.9,LD,843.9,D,69.7,LD
MEGHALAYA,SOUTH GARO HILLS,2026-09-15,0.0,1.9,20.6,69.7,7.6,LD,39.4,LD,823.3,D,69.7,LD
MEGHALAYA,SOUTH GARO HILLS,2026-09-16,4.4,5.300000000000001,25.000000000000004,68.5,13.4,LD,4.4,LD,848.3,D,74.1,LD
MEGHALAYA,SOUTH GARO HILLS,2026-09-17,18.0,22.4,42.800000000000004,82.4,7.8,LE,25.1,LD,866.4,D,92.2,D
MEGHALAYA,SOUTH GARO HILLS,2026-09-18,3.4,25.799999999999997,44.800000000000004,83.0,3.5,N,3.4,N,869.8,D,95.6,D
MEGHALAYA,SOUTH GARO HILLS,2026-09-19,0.0,21.4,27.7,72.1,12.5,LD,0.0,LD,869.8,D,95.6,D
MEGHALAYA,SOUTH GARO HILLS,2026-09-20,0.6,4.0,27.3,60.0,19.3,LD,0.6,LD,870.5,D,96.3,LD
MEGHALAYA,SOUTH GARO HILLS,2026-09-21,5.6,6.199999999999999,32.0,59.1,18.3,LD,25.1,LD,848.3,D,101.8,LD
MEGHALAYA,SOUTH WEST GARO HILLS,2026-08-19,0.3,0.3,0.3,0.3,12.3,LD,0.3,LD,498.3,LD,12.3,LD
MEGHALAYA,SOUTH WEST GARO HILLS,2026-08-20,0.1,0.4,0.4,0.4,13.6,LD,6.0,LD,498.4,LD,12.4,LD
MEGHALAYA,SOUTH WEST GARO HILLS,2026-08-21,0.0,0.4,0.4,0.4,13.3,NR,6.0,LD,498.3,LD,12.4,LD
MEGHALAYA,SOUTH WEST GARO HILLS,2026-08-22,0.1,0.2,0.5,0.5,13.3,LD,6.0,LD,498.6,LD,12.5,LD
MEGHALAYA,SOUTH WEST GARO HILLS,2026-08-23,0.2,0.30000000000000004,0.7,0.7,11.8,LD,0.2,LD,498.8,LD,12.7,LD
MEGHALAYA,SOUTH WEST GARO HILLS,2026-08-24,0.1,0.4,0.8,0.8,23.3,LD,6.0,LD,498.9,LD,12.8,LD
MEGHALAYA,SOUTH WEST GARO HILLS,2026-08-25,0.0,0.30000000000000004,0.8,0.8,10.2,NR,6.0,LD,498.3,LD,12.8,LD
MEGHALAYA,SOUTH WEST GARO HILLS,2026-08-26,0.0,0.1,0.5,0.8,10.3,NR,0.6,LD,498.9,LD,12.8,LD
MEGHALAYA,SOUTH WEST GARO HILLS,2026-08-27,0.1,0.1,0.5,0.9,22.5,LD,0.1,LD,499.0,LD,13.0,LD
MEGHALAYA,SOUTH WEST GARO HILLS,2026-08-28,0.0,0.1,0.5,0.9,11.5,NR,0.0,NR,499.0,LD,12.9,LD
MEGHALAYA,SOUTH WEST GARO HILLS,2026-08-29,0.1,0.2,0.5,1.0,16.2,LD,0.6,LD,499.1,LD,13.0,LD
MEGHALAYA,SOUTH WEST GARO HILLS,2026-08-30,0.0,0.1,0.30000000000000004,1.0,4.4,NR,0.6,LD,499.1,LD,13.0,LD
MEGHALAYA,SOUTH WEST GARO HILLS,2026-08-31,0.0,0.1,0.2,1.0,8.5,NR,0.6,LD,499.1,LD,13.0,LD
MEGHALAYA,SOUTH WEST GARO HILLS,2026-09-01,0.9,0.9,1.1,1.9,7.5,LD,0.6,LD,498.9,LD,0.9,LD
MEGHALAYA,SOUTH WEST GARO HILLS,2026-09-02,0.1,1.0,1.2,2.0,14.5,LD,1.3,LD,500.2,LD,1.1,LD
MEGHALAYA,SOUTH WEST GARO HILLS,2026-09-03,0.1,1.1,1.2,1.8,7.2,LD,1.3,LD,500.2,LD,1.2,LD
MEGHALAYA,SOUTH WEST GARO HILLS,2026-09-04,10.1,10.299999999999999,11.299999999999999,11.8,14.3,D,1.3,LD,510.4,LD,11.3,LD
MEGHALAYA,SOUTH WEST GARO HILLS,2026-09-05,0.0,10.2,11.2,11.799999999999999,13.3,NR,1.3,LD,510.4,LD,11.3,LD
MEGHALAYA,SOUTH WEST GARO HILLS,2026-09-06,0.1,10.2,11.299999999999999,11.799999999999999,13.3,LD,0.1,LD,510.5,LD,11.4,LD
MEGHALAYA,SOUTH WEST GARO HILLS,2026-09-07,0.1,0.2,11.399999999999999,11.699999999999998,13.7,LD,1.3,LD,510.6,LD,11.5,LD
MEGHALAYA,SOUTH WEST GARO HILLS,2026-09-08,0.2,0.4,10.7,11.799999999999999,18.2,LD,0.2,LD,510.8,LD,11.6,LD
MEGHALAYA,SOUTH WEST GARO HILLS,2026-09-09,0.1,0.4,10.7,11.899999999999999,16.2,LD,10.6,LD,510.9,LD,11.7,LD
MEGHALAYA,SOUTH WEST GARO HILLS,2026-09-10,2.8,3.0999999999999996,13.399999999999999,14.7,11.8,LD,10.6,LD,510.9,LD,14.5,LD
MEGHALAYA,SOUTH WEST GARO HILLS,2026-09-11,0.2,3.0999999999999996,3.5,14.799999999999999,17.2,LD,10.6,LD,513.9,LD,14.7,LD
MEGHALAYA,SOUTH WEST GARO HILLS,2026-09-12,0.7,3.6999999999999997,4.199999999999999,15.499999999999998,12.7,LD,0.7,LD,514.5,LD,15.4,LD
MEGHALAYA,SOUTH WEST GARO HILLS,2026-09-13,0.4,1.2999999999999998,4.5,15.799999999999999,12.5,LD,10.6,LD,514.9,LD,15.8,LD
MEGHALAYA,SOUTH WEST GARO HILLS,2026-09-14,0.7,1.7999999999999998,5.1,16.5,8.5,LD,0.7,LD,515.6,LD,16.5,LD
MEGHALAYA,SOUTH WEST GARO HILLS,2026-09-15,0.1,1.2,4.999999999999999,16.599999999999998,7.6,LD,10.6,LD,510.9,LD,16.6,LD
MEGHALAYA,SOUTH WEST GARO HILLS,2026-09-16,0.0,0.7999999999999999,4.8999999999999995,15.7,13.4,NR,0.0,NR,515.7,LD,16.6,LD
MEGHALAYA,SOUTH WEST GARO HILLS,2026-09-17,1.2,1.2999999999999998,3.3,16.799999999999997,7.8,LD,4.9,LD,516.9,LD,17.8,LD
MEGHALAYA,SOUTH WEST GARO HILLS,2026-09-18,14.4,15.6,17.5,31.099999999999998,3.5,LE,14.4,LE,531.3,LD,32.2,LD
MEGHALAYA,SOUTH WEST GARO HILLS,2026-09-19,0.0,15.6,16.8,21.0,12.5,NR,0.0,NR,531.3,LD,32.2,LD
MEGHALAYA,SOUTH WEST GARO HILLS,2026-09-20,1.9,16.3,18.299999999999997,22.9,19.3,LD,1.9,LD,533.2,LD,34.1,LD
MEGHALAYA,SOUTH WEST GARO HILLS,2026-09-21,0.5,2.4,18.099999999999998,23.299999999999997,18.3,LD,4.9,LD,515.7,LD,34.6,LD
MEGHALAYA,SOUTH WEST KHASI HILLS,2026-08-19,21.7,21.7,21.7,21.7,12.3,LE,21.7,LE,2347.7,LE,429.9,LE
MEGHALAYA,SOUTH WEST KHASI HILLS,2026-08-20,3.2,24.9,24.9,24.9,13.6,LD,192.8,LE,2350.8,LE,433.0,E
MEGHALAYA,SOUTH WEST KHASI HILLS,2026-08-21,1.7,26.599999999999998,26.599999999999998,26.599999999999998,13.3,LD,192.8,LE,2347.7,LE,435.0,E
MEGHALAYA,SOUTH WEST KHASI HILLS,2026-08-22,0.4,5.3,27.0,27.0,13.3,LD,192.8,LE,2353.2,LE,435.4,E
MEGHALAYA,SOUTH WEST KHASI HILLS,2026-08-23,1.8,3.9,28.8,28.8,11.8,LD,1.8,LD,2355.0,LE,437.2,E
MEGHALAYA,SOUTH WEST KHASI HILLS,2026-08-24,18.8,21.0,47.6,47.6,23.3,D,192.8,LE,2373.8,LE,456.0,E
MEGHALAYA,SOUTH WEST KHASI HILLS,2026-08-25,67.1,87.69999999999999,114.69999999999999,114.69999999999999,10.2,LE,192.8,LE,2347.7,LE,523.1,E
MEGHALAYA,SOUTH WEST KHASI HILLS,2026-08-26,13.3,99.19999999999999,106.29999999999998,127.99999999999999,10.3,E,106.6,N,2454.2,LE,536.4,E
MEGHALAYA,SOUTH WEST KHASI HILLS,2026-08-27,1.2,81.59999999999998,104.29999999999998,129.2,22.5,LD,1.2,LD,2911.3,LE,651.2,LE
MEGHALAYA,SOUTH WEST KHASI HILLS,2026-08-28,0.4,14.899999999999986,103.0,129.6,11.5,LD,0.4,LD,2455.5,LE,537.7,E
MEGHALAYA,SOUTH WEST KHASI HILLS,2026-08-29,3.2,4.7999999999999865,105.79999999999998,132.79999999999998,16.2,LD,106.6,N,2458.7,LE,540.9,E
MEGHALAYA,SOUTH WEST KHASI HILLS,2026-08-30,6.9,10.499999999999986,110.89999999999999,139.7,4.4,E,106.6,N,2465.6,LE,547.8,E
MEGHALAYA,SOUTH WEST KHASI HILLS,2026-08-31,14.0,24.099999999999987,106.1,153.7,8.5,LE,106.6,N,2479.6,LE,561.8,E
MEGHALAYA,SOUTH WEST KHASI HILLS,2026-09-01,32.3,53.19999999999999,71.3,186.0,7.5,LE,106.6,N,2454.2,LE,32.3,LE
MEGHALAYA,SOUTH WEST KHASI HILLS,2026-09-02,14.6,60.89999999999999,72.6,200.6,14.5,N,72.2,N,2526.5,LE,46.9,LE
MEGHALAYA,SOUTH WEST KHASI HILLS,2026-09-03,5.5,52.39999999999999,76.89999999999999,184.4,7.2,D,72.2,N,2526.5,LE,52.4,LE
MEGHALAYA,SOUTH WEST KHASI HILLS,2026-09-04,26.0,46.099999999999994,102.5,207.2,14.3,LE,72.2,N,2558.0,LE,78.4,LE
MEGHALAYA,SOUTH WEST KHASI HILLS,2026-09-05,12.2,43.69999999999999,111.5,217.7,13.3,N,72.2,N,2570.2,LE,90.7,LE
MEGHALAYA,SOUTH WEST KHASI HILLS,2026-09-06,18.3,56.49999999999999,122.9,235.6,13.3,E,18.3,E,2588.5,LE,109.0,E
MEGHALAYA,SOUTH WEST KHASI HILLS,2026-09-07,6.8,37.29999999999999,115.7,240.59999999999997,13.7,D,72.2,N,2595.4,LE,115.8,E
MEGHALAYA,SOUTH WEST KHASI HILLS,2026-09-08,0.8,25.899999999999995,84.2,222.6,18.2,LD,0.8,LD,2596.1,LE,116.6,N
MEGHALAYA,SOUTH WEST KHASI HILLS,2026-09-09,0.3,7.899999999999992,69.9,155.8,16.2,LD,69.9,D,2596.4,LE,116.8,N
MEGHALAYA,SOUTH WEST KHASI HILLS,2026-09-10,0.1,1.1999999999999929,64.5,142.6,11.8,LD,69.9,D,2596.4,LE,116.9,N
MEGHALAYA,SOUTH WEST KHASI HILLS,2026-09-11,3.8,4.199999999999992,42.3,145.2,17.2,LD,69.9,D,2600.3,LE,120.7,N
MEGHALAYA,SOUTH WEST KHASI HILLS,2026-09-12,16.6,20.499999999999993,46.7,161.4,12.7,E,16.6,E,2616.9,LE,137.3,N
MEGHALAYA,SOUTH WEST KHASI HILLS,2026-09-13,0.9,21.29999999999999,29.3,159.1,12.5,LD,69.9,D,2617.8,LE,138.2,D
MEGHALAYA,SOUTH WEST KHASI HILLS,2026-09-14,4.3,21.799999999999994,26.8,156.5,8.5,D,4.3,D,2622.0,LE,142.5,D
MEGHALAYA,SOUTH WEST KHASI HILLS,2026-09-15,0.2,5.399999999999993,26.2,142.7,7.6,LD,69.9,D,2596.4,LE,142.7,D
MEGHALAYA,SOUTH WEST KHASI HILLS,2026-09-16,0.0,4.499999999999993,25.900000000000002,110.4,13.4,LD,0.0,LD,2622.3,E,142.7,D
MEGHALAYA,SOUTH WEST KHASI HILLS,2026-09-17,11.4,11.599999999999994,37.2,107.20000000000002,7.8,E,25.9,LD,2633.7,E,154.2,D
MEGHALAYA,SOUTH WEST KHASI HILLS,2026-09-18,2.6,13.999999999999993,36.00000000000001,104.30000000000001,3.5,D,2.6,D,2636.3,E,156.7,D
MEGHALAYA,SOUTH WEST KHASI HILLS,2026-09-19,3.5,17.499999999999993,22.900000000000002,81.80000000000001,12.5,LD,3.5,LD,2639.7,E,160.2,D
MEGHALAYA,SOUTH WEST KHASI HILLS,2026-09-20,0.9,6.999999999999993,22.900000000000002,70.50000000000001,19.3,LD,0.9,LD,2640.6,E,161.1,D
MEGHALAYA,SOUTH WEST KHASI HILLS,2026-09-21,29.6,33.99999999999999,48.2,81.80000000000001,18.3,LE,25.9,LD,2622.3,E,190.6,D
MEGHALAYA,WEST GARO HILLS,2026-08-19,0.8,0.8,0.8,0.8,12.8,LD,0.8,LD,398.0,LD,58.6,LD
MEGHALAYA,WEST GARO HILLS,2026-08-20,0.1,0.9,0.9,0.9,11.8,LD,11.2,LD,398.1,LD,58.7,LD
MEGHALAYA,WEST GARO HILLS,2026-08-21,4.3,5.2,5.2,5.2,11.2,LD,11.2,LD,398.0,LD,63.0,LD
MEGHALAYA,WEST GARO HILLS,2026-08-22,0.7,5.1000000000000005,5.9,5.9,16.6,LD,11.2,LD,403.1,LD,63.7,LD
MEGHALAYA,WEST GARO HILLS,2026-08-23,0.3,5.3,6.2,6.2,17.4,LD,0.3,LD,403.4,LD,63.9,LD
MEGHALAYA,WEST GARO HILLS,2026-08-24,3.0,4.0,9.2,9.2,11.5,LD,11.2,LD,406.3,LD,66.9,LD
MEGHALAYA,WEST GARO HILLS,2026-08-25,1.0,4.3,10.2,10.2,11.8,LD,11.2,LD,398.0,LD,67.9,LD
MEGHALAYA,WEST GARO HILLS,2026-08-26,1.7,5.7,11.1,11.9,11.7,LD,11.0,LD,409.0,LD,69.6,LD
MEGHALAYA,WEST GARO HILLS,2026-08-27,0.1,2.8,11.1,12.0,14.7,LD,0.1,LD,421.2,LD,73.7,LD
MEGHALAYA,WEST GARO HILLS,2026-08-28,0.8,2.6,7.6,12.8,9.2,LD,0.8,LD,409.7,LD,70.3,LD
MEGHALAYA,WEST GARO HILLS,2026-08-29,2.7,3.6000000000000005,9.6,15.5,12.1,LD,11.0,LD,412.5,LD,73.0,LD
MEGHALAYA,WEST GARO HILLS,2026-08-30,0.1,3.6000000000000005,9.4,15.6,18.2,LD,11.0,LD,412.5,LD,73.1,LD
MEGHALAYA,WEST GARO HILLS,2026-08-31,1.5,4.300000000000001,7.9,17.1,12.0,LD,11.0,LD,414.0,LD,74.6,LD
MEGHALAYA,WEST GARO HILLS,2026-09-01,6.9,8.5,13.8,24.0,9.4,D,11.0,LD,409.0,LD,6.9,D
MEGHALAYA,WEST GARO HILLS,2026-09-02,3.6,12.000000000000002,15.700000000000001,27.6,6.4,D,15.7,LD,424.5,LD,10.5,D
MEGHALAYA,WEST GARO HILLS,2026-09-03,2.6,13.100000000000001,18.2,29.4,10.1,LD,15.7,LD,424.5,LD,13.1,D
MEGHALAYA,WEST GARO HILLS,2026-09-04,11.1,17.3,28.5,40.400000000000006,14.3,D,15.7,LD,438.2,LD,24.2,D
MEGHALAYA,WEST GARO HILLS,2026-09-05,0.7,14.4,26.5,36.8,12.9,LD,15.7,LD,439.0,LD,24.9,D
MEGHALAYA,WEST GARO HILLS,2026-09-06,1.4,13.200000000000001,27.800000000000004,37.5,14.6,LD,1.4,LD,440.3,LD,26.3,LD
MEGHALAYA,WEST GARO HILLS,2026-09-07,0.2,2.3,26.500000000000004,37.4,11.3,LD,15.7,LD,440.5,LD,26.5,LD
MEGHALAYA,WEST GARO HILLS,2026-09-08,9.3,10.9,28.900000000000002,43.7,16.5,D,9.3,D,449.8,LD,35.8,LD
MEGHALAYA,WEST GARO HILLS,2026-09-09,7.2,16.7,32.5,49.9,15.1,D,32.5,LD,457.0,LD,43.0,LD
MEGHALAYA,WEST GARO HILLS,2026-09-10,1.7,18.2,31.6,49.900000000000006,11.3,LD,32.5,LD,457.0,LD,44.7,LD
MEGHALAYA,WEST GARO HILLS,2026-09-11,1.3,10.2,21.8,51.1,14.9,LD,32.5,LD,460.0,LD,46.0,LD
MEGHALAYA,WEST GARO HILLS,2026-09-12,7.7,10.7,28.800000000000004,58.00000000000001,12.0,D,7.7,D,467.8,LD,53.7,LD
MEGHALAYA,WEST GARO HILLS,2026-09-13,5.8,14.8,33.2,61.1,12.5,D,32.5,LD,473.6,LD,59.6,LD
MEGHALAYA,WEST GARO HILLS,2026-09-14,8.2,21.7,41.2,69.2,14.8,D,8.2,D,481.8,LD,67.8,LD
MEGHALAYA,WEST GARO HILLS,2026-09-15,0.2,14.2,32.1,67.9,22.6,LD,32.5,LD,457.0,LD,68.0,LD
MEGHALAYA,WEST GARO HILLS,2026-09-16,6.2,14.6,31.1,67.2,14.2,D,6.2,D,488.2,LD,74.1,LD
MEGHALAYA,WEST GARO HILLS,2026-09-17,9.5,15.9,38.9,73.1,16.7,D,31.2,LD,497.7,LD,83.6,LD
MEGHALAYA,WEST GARO HILLS,2026-09-18,8.3,24.0,45.9,78.80000000000001,8.2,N,8.3,N,506.0,LD,92.0,LD
MEGHALAYA,WEST GARO HILLS,2026-09-19,3.8,21.599999999999998,42.0,71.5,9.2,D,3.8,D,509.8,LD,95.8,LD
MEGHALAYA,WEST GARO HILLS,2026-09-20,1.8,13.9,38.0,72.6,10.9,LD,1.8,LD,511.6,LD,97.6,LD
MEGHALAYA,WEST GARO HILLS,2026-09-21,1.3,6.9,31.1,72.5,12.5,LD,31.2,LD,488.2,LD,98.9,LD
MEGHALAYA,WEST JAINTIA HILLS,2026-08-19,6.2,6.2,6.2,6.2,22.8,LD,6.2,LD,729.6,LD,113.3,LD
MEGHALAYA,WEST JAINTIA HILLS,2026-08-20,0.1,6.3,6.3,6.3,23.4,LD,45.9,LD,729.7,LD,113.3,LD
MEGHALAYA,WEST JAINTIA HILLS,2026-08-21,0.1,6.4,6.4,6.4,24.4,LD,45.9,LD,729.6,LD,113.4,LD
MEGHALAYA,WEST JAINTIA HILLS,2026-08-22,2.9,3.1,9.3,9.3,31.6,LD,45.9,LD,732.7,LD,116.3,LD
MEGHALAYA,WEST JAINTIA HILLS,2026-08-23,12.0,15.0,21.3,21.3,39.9,LD,12.0,LD,744.7,LD,128.3,LD
MEGHALAYA,WEST JAINTIA HILLS,2026-08-24,5.0,19.9,26.3,26.3,50.0,LD,45.9,LD,749.7,LD,133.3,LD
MEGHALAYA,WEST JAINTIA HILLS,2026-08-25,18.0,35.0,44.3,44.3,62.5,LD,45.9,LD,729.6,LD,151.3,LD
MEGHALAYA,WEST JAINTIA HILLS,2026-08-26,1.7,24.7,39.8,46.0,23.8,LD,39.7,LD,769.3,LD,153.0,LD
MEGHALAYA,WEST JAINTIA HILLS,2026-08-27,0.4,20.099999999999998,40.1,46.4,36.6,LD,0.4,LD,806.0,LD,162.6,LD
MEGHALAYA,WEST JAINTIA HILLS,2026-08-28,1.8,3.8999999999999964,41.800000000000004,48.2,17.5,LD,1.8,LD,771.6,LD,155.2,LD
MEGHALAYA,WEST JAINTIA HILLS,2026-08-29,10.3,12.499999999999996,49.2,58.5,17.2,D,39.7,LD,781.9,LD,165.5,LD
MEGHALAYA,WEST JAINTIA HILLS,2026-08-30,6.3,18.399999999999995,43.50000000000001,64.8,25.4,LD,39.7,LD,788.1,LD,171.7,LD
MEGHALAYA,WEST JAINTIA HILLS,2026-08-31,7.1,23.699999999999996,45.599999999999994,71.9,22.1,LD,39.7,LD,795.2,LD,178.8,LD
MEGHALAYA,WEST JAINTIA HILLS,2026-09-01,4.9,18.299999999999994,32.5,76.8,24.8,LD,39.7,LD,769.3,LD,4.9,LD
MEGHALAYA,WEST JAINTIA HILLS,2026-09-02,12.8,24.799999999999994,43.6,89.6,33.7,LD,43.6,LD,812.9,LD,17.7,LD
MEGHALAYA,WEST JAINTIA HILLS,2026-09-03,11.1,28.799999999999997,54.300000000000004,94.5,31.1,LD,43.6,LD,812.9,LD,28.9,LD
MEGHALAYA,WEST JAINTIA HILLS,2026-09-04,3.7,27.599999999999994,56.199999999999996,98.10000000000001,38.5,LD,43.6,LD,827.8,LD,32.6,LD
MEGHALAYA,WEST JAINTIA HILLS,2026-09-05,6.5,21.299999999999994,52.4,104.5,47.8,LD,43.6,LD,834.2,LD,39.0,LD
MEGHALAYA,WEST JAINTIA HILLS,2026-09-06,2.0,12.199999999999992,48.099999999999994,103.60000000000001,16.0,LD,2.0,LD,836.1,LD,40.9,LD
MEGHALAYA,WEST JAINTIA HILLS,2026-09-07,5.5,13.999999999999993,46.5,97.10000000000001,37.5,LD,43.6,LD,841.6,LD,46.4,LD
MEGHALAYA,WEST JAINTIA HILLS,2026-09-08,0.3,7.799999999999993,41.9,92.4,36.9,LD,0.3,LD,841.9,LD,46.7,LD
MEGHALAYA,WEST JAINTIA HILLS,2026-09-09,2.8,8.599999999999993,31.9,77.2,28.2,LD,31.8,LD,844.7,LD,49.5,LD
MEGHALAYA,WEST JAINTIA HILLS,2026-09-10,0.1,3.1999999999999926,20.9,75.6,14.0,LD,31.8,LD,844.7,LD,49.6,LD
MEGHALAYA,WEST JAINTIA HILLS,2026-09-11,0.1,2.999999999999993,17.299999999999997,75.3,21.1,LD,31.8,LD,845.0,LD,49.8,LD
MEGHALAYA,WEST JAINTIA HILLS,2026-09-12,5.3,5.499999999999993,16.099999999999998,78.8,22.9,LD,5.3,LD,850.3,LD,55.1,LD
MEGHALAYA,WEST JAINTIA HILLS,2026-09-13,4.6,9.999999999999993,18.7,73.1,35.0,LD,31.8,LD,854.9,LD,59.7,LD
MEGHALAYA,WEST JAINTIA HILLS,2026-09-14,13.7,23.599999999999994,26.9,80.5,19.3,D,13.7,D,868.5,LD,73.3,LD
MEGHALAYA,WEST JAINTIA HILLS,2026-09-15,3.1,21.39999999999999,29.7,76.5,29.4,LD,31.8,LD,844.7,LD,76.5,LD
MEGHALAYA,WEST JAINTIA HILLS,2026-09-16,0.8,17.59999999999999,27.7,72.4,11.8,LD,0.8,LD,872.5,LD,77.3,LD
MEGHALAYA,WEST JAINTIA HILLS,2026-09-17,1.7,5.5999999999999925,29.3,61.3,25.1,LD,27.8,LD,874.2,LD,79.0,LD
MEGHALAYA,WEST JAINTIA HILLS,2026-09-18,0.1,2.599999999999993,29.3,50.3,24.3,LD,0.1,LD,874.3,LD,79.1,LD
MEGHALAYA,WEST JAINTIA HILLS,2026-09-19,1.3,3.099999999999993,25.3,47.900000000000006,28.8,LD,1.3,LD,875.6,LD,80.4,LD
MEGHALAYA,WEST JAINTIA HILLS,2026-09-20,2.5,3.8999999999999932,23.2,43.900000000000006,16.2,LD,2.5,LD,878.1,LD,82.9,LD
MEGHALAYA,WEST JAINTIA HILLS,2026-09-21,8.0,11.799999999999994,17.5,49.900000000000006,10.3,D,27.8,LD,872.5,LD,90.9,LD
MEGHALAYA,WEST KHASI HILLS,2026-08-19,10.2,10.2,10.2,10.2,12.6,N,10.2,N,582.7,LD,105.0,LD
MEGHALAYA,WEST KHASI HILLS,2026-08-20,1.7,11.899999999999999,11.899999999999999,11.899999999999999,20.8,LD,36.5,LD,584.4,LD,106.7,LD
MEGHALAYA,WEST KHASI HILLS,2026-08-21,14.4,26.299999999999997,26.299999999999997,26.299999999999997,31.9,D,36.5,LD,582.7,LD,121.1,LD
MEGHALAYA,WEST KHASI HILLS,2026-08-22,30.6,46.7,56.9,56.9,23.8,E,36.5,LD,629.4,LD,151.7,LD
MEGHALAYA,WEST KHASI HILLS,2026-08-23,8.3,53.3,65.2,65.2,20.1,D,8.3,D,637.7,LD,160.0,LD
MEGHALAYA,WEST KHASI HILLS,2026-08-24,7.3,46.199999999999996,72.5,72.5,30.2,LD,36.5,LD,645.0,LD,167.3,LD
MEGHALAYA,WEST KHASI HILLS,2026-08-25,21.2,36.8,93.7,93.7,17.7,E,36.5,LD,582.7,LD,188.6,LD
MEGHALAYA,WEST KHASI HILLS,2026-08-26,0.9,29.399999999999995,84.39999999999999,94.6,21.5,LD,84.4,D,667.2,LD,189.5,LD
MEGHALAYA,WEST KHASI HILLS,2026-08-27,9.5,31.599999999999994,92.19999999999999,104.1,15.3,D,9.5,D,719.4,LD,201.6,LD
MEGHALAYA,WEST KHASI HILLS,2026-08-28,4.6,14.999999999999996,82.4,108.7,12.6,LD,4.6,LD,682.9,LD,205.2,LD
MEGHALAYA,WEST KHASI HILLS,2026-08-29,19.2,33.3,71.0,127.9,14.1,E,84.4,D,702.0,LD,224.4,D
MEGHALAYA,WEST KHASI HILLS,2026-08-30,3.8,27.599999999999994,66.5,131.7,10.5,LD,84.4,D,705.9,LD,228.2,D
MEGHALAYA,WEST KHASI HILLS,2026-08-31,5.7,28.699999999999992,64.9,137.4,10.8,D,84.4,D,711.5,LD,233.9,D
MEGHALAYA,WEST KHASI HILLS,2026-09-01,6.6,16.099999999999994,50.3,144.0,25.6,LD,84.4,D,667.2,LD,6.6,LD
MEGHALAYA,WEST KHASI HILLS,2026-09-02,7.3,19.599999999999994,56.699999999999996,151.3,22.6,LD,58.3,D,725.5,LD,13.9,LD
MEGHALAYA,WEST KHASI HILLS,2026-09-03,10.6,24.499999999999996,57.8,151.70000000000002,16.3,D,58.3,D,725.5,LD,24.6,LD
MEGHALAYA,WEST KHASI HILLS,2026-09-04,6.0,23.9,59.2,156.0,9.9,D,58.3,D,742.1,LD,30.6,D
MEGHALAYA,WEST KHASI HILLS,2026-09-05,3.5,20.099999999999998,43.5,145.1,14.4,LD,58.3,D,745.7,LD,34.1,LD
MEGHALAYA,WEST KHASI HILLS,2026-09-06,2.2,11.699999999999996,41.900000000000006,116.69999999999999,18.8,LD,2.2,LD,747.9,LD,36.3,LD
MEGHALAYA,WEST KHASI HILLS,2026-09-07,1.1,6.799999999999997,37.3,109.5,19.9,LD,58.3,D,749.0,LD,37.4,LD
MEGHALAYA,WEST KHASI HILLS,2026-09-08,0.8,4.099999999999997,31.5,103.0,15.0,LD,0.8,LD,749.8,LD,38.2,LD
MEGHALAYA,WEST KHASI HILLS,2026-09-09,11.5,13.399999999999997,35.7,93.3,15.3,D,35.8,LD,761.3,LD,49.8,LD
MEGHALAYA,WEST KHASI HILLS,2026-09-10,12.5,24.799999999999997,37.6,104.9,13.5,N,35.8,LD,761.3,LD,62.3,LD
MEGHALAYA,WEST KHASI HILLS,2026-09-11,11.9,35.9,43.5,107.30000000000001,11.7,N,35.8,LD,785.7,LD,74.2,LD
MEGHALAYA,WEST KHASI HILLS,2026-09-12,12.4,36.8,52.4,115.1,19.1,D,12.4,D,798.1,LD,86.6,D
MEGHALAYA,WEST KHASI HILLS,2026-09-13,0.5,24.799999999999997,50.699999999999996,96.4,18.0,LD,35.8,LD,798.6,LD,87.1,LD
MEGHALAYA,WEST KHASI HILLS,2026-09-14,2.0,14.899999999999997,51.6,94.6,17.8,LD,2.0,LD,800.6,LD,89.1,LD
MEGHALAYA,WEST KHASI HILLS,2026-09-15,10.1,12.599999999999996,60.9,99.0,7.1,E,35.8,LD,761.3,LD,99.2,LD
MEGHALAYA,WEST KHASI HILLS,2026-09-16,1.7,13.799999999999995,51.1,94.1,11.5,LD,1.7,LD,812.4,LD,100.8,LD
MEGHALAYA,WEST KHASI HILLS,2026-09-17,5.1,16.899999999999995,43.699999999999996,91.9,11.6,D,51.1,D,817.5,LD,106.0,LD
MEGHALAYA,WEST KHASI HILLS,2026-09-18,0.9,7.699999999999997,32.7,82.2,9.9,LD,0.9,LD,818.4,LD,106.8,LD
MEGHALAYA,WEST KHASI HILLS,2026-09-19,0.3,6.299999999999996,20.6,76.49999999999999,9.5,LD,0.3,LD,818.7,LD,107.1,LD
MEGHALAYA,WEST KHASI HILLS,2026-09-20,1.5,2.6999999999999966,21.6,74.5,11.5,LD,1.5,LD,820.2,LD,108.6,LD
MEGHALAYA,WEST KHASI HILLS,2026-09-21,9.9,11.699999999999998,29.5,82.2,15.8,D,51.1,D,812.4,LD,118.5,LD
MIZORAM,AIZAWL,2026-08-19,5.2,5.2,5.2,5.2,15.6,LD,5.2,LD,872.1,N,199.3,D
MIZORAM,AIZAWL,2026-08-20,6.5,11.7,11.7,11.7,19.1,LD,68.5,D,878.6,D,205.8,D
MIZORAM,AIZAWL,2026-08-21,15.5,27.2,27.2,27.2,15.8,N,68.5,D,872.1,N,221.3,D
MIZORAM,AIZAWL,2026-08-22,8.2,30.2,35.4,35.4,13.5,D,68.5,D,902.3,D,229.5,D
MIZORAM,AIZAWL,2026-08-23,18.5,42.2,53.9,53.9,15.0,E,18.5,E,920.8,D,248.0,D
MIZORAM,AIZAWL,2026-08-24,10.1,36.8,64.0,64.0,15.2,D,68.5,D,930.9,D,258.1,D
MIZORAM,AIZAWL,2026-08-25,5.7,34.3,69.7,69.7,18.3,LD,68.5,D,872.1,N,263.8,D
MIZORAM,AIZAWL,2026-08-26,8.0,23.8,72.5,77.7,18.7,D,72.5,D,944.6,D,271.8,D
MIZORAM,AIZAWL,2026-08-27,27.0,40.7,93.0,104.7,10.7,LE,27.0,LE,963.5,D,298.3,D
MIZORAM,AIZAWL,2026-08-28,34.9,69.9,112.39999999999999,139.6,11.7,LE,34.9,LE,1007.2,N,334.4,N
MIZORAM,AIZAWL,2026-08-29,18.0,79.9,122.19999999999999,157.6,10.8,LE,72.5,D,1025.2,N,352.4,N
MIZORAM,AIZAWL,2026-08-30,21.8,74.7,125.49999999999999,179.4,10.0,LE,72.5,D,1047.0,N,374.2,N
MIZORAM,AIZAWL,2026-08-31,12.0,51.80000000000001,127.39999999999999,191.4,11.6,N,72.5,D,1058.9,N,386.2,N
MIZORAM,AIZAWL,2026-09-01,20.4,54.2,142.1,211.79999999999998,11.6,LE,72.5,D,944.6,D,20.4,LE
MIZORAM,AIZAWL,2026-09-02,17.6,50.000000000000014,151.7,229.4,11.0,LE,152.3,LE,1096.9,N,38.0,LE
MIZORAM,AIZAWL,2026-09-03,12.2,50.20000000000001,136.89999999999998,236.4,12.9,N,152.3,LE,1096.9,N,50.1,E
MIZORAM,AIZAWL,2026-09-04,10.3,40.10000000000001,112.3,240.20000000000002,17.7,D,152.3,LE,1119.4,N,60.4,N
MIZORAM,AIZAWL,2026-09-05,1.0,23.500000000000007,95.3,225.70000000000002,16.9,LD,152.3,LE,1120.3,N,61.4,N
MIZORAM,AIZAWL,2026-09-06,18.6,29.90000000000001,92.10000000000001,236.1,15.9,N,18.6,N,1138.9,N,80.0,N
MIZORAM,AIZAWL,2026-09-07,8.7,28.300000000000008,88.80000000000001,226.29999999999998,12.7,D,152.3,LE,1147.6,N,88.6,N
MIZORAM,AIZAWL,2026-09-08,32.2,59.500000000000014,100.6,248.4,14.2,LE,32.2,LE,1179.7,N,120.8,N
MIZORAM,AIZAWL,2026-09-09,53.7,94.60000000000002,136.70000000000002,296.40000000000003,11.3,LE,136.5,E,1233.4,N,174.5,E
MIZORAM,AIZAWL,2026-09-10,2.8,88.70000000000002,127.30000000000001,291.2,11.0,LD,136.5,E,1233.4,N,177.3,E
MIZORAM,AIZAWL,2026-09-11,13.4,69.9,130.4,277.6,9.8,E,136.5,E,1249.7,N,190.8,E
MIZORAM,AIZAWL,2026-09-12,15.8,32.00000000000001,145.20000000000002,258.5,11.2,E,15.8,E,1265.5,N,206.5,E
MIZORAM,AIZAWL,2026-09-13,14.0,43.2,140.6,254.5,10.8,E,136.5,E,1279.4,N,220.5,E
MIZORAM,AIZAWL,2026-09-14,1.7,31.500000000000007,133.60000000000002,234.4,15.8,LD,1.7,LD,1281.1,N,222.2,E
MIZORAM,AIZAWL,2026-09-15,1.8,17.500000000000007,103.19999999999999,224.2,17.4,LD,136.5,E,1233.4,N,224.0,N
MIZORAM,AIZAWL,2026-09-16,17.2,20.700000000000006,66.7,221.00000000000003,11.9,E,17.2,E,1300.2,N,241.2,N
MIZORAM,AIZAWL,2026-09-17,2.7,21.700000000000006,66.60000000000001,206.1,12.2,LD,66.8,D,1302.9,N,244.0,N
MIZORAM,AIZAWL,2026-09-18,0.5,20.400000000000006,53.699999999999996,194.4,10.4,LD,0.5,LD,1303.5,N,244.5,N
MIZORAM,AIZAWL,2026-09-19,0.0,3.2000000000000073,37.9,184.1,13.9,NR,0.0,NR,1303.5,N,244.5,N
MIZORAM,AIZAWL,2026-09-20,16.9,17.400000000000006,40.8,200.0,15.2,N,16.9,N,1320.4,N,261.5,N
MIZORAM,AIZAWL,2026-09-21,0.0,16.900000000000006,39.099999999999994,181.4,11.1,NR,66.8,D,1300.2,N,261.5,N
MIZORAM,CHAMPHAI,2026-08-19,5.2,5.2,5.2,5.2,11.4,D,5.2,D,764.2,N,193.1,N
MIZORAM,CHAMPHAI,2026-08-20,6.2,11.4,11.4,11.4,11.8,D,32.6,LD,770.3,N,199.2,N
MIZORAM,CHAMPHAI,2026-08-21,10.8,22.200000000000003,22.200000000000003,22.200000000000003,12.6,N,32.6,LD,764.2,N,210.0,N
MIZORAM,CHAMPHAI,2026-08-22,6.4,23.400000000000002,28.6,28.6,10.5,D,32.6,LD,787.5,N,216.4,N
MIZORAM,CHAMPHAI,2026-08-23,0.0,17.200000000000003,28.6,28.6,11.1,NR,0.0,NR,787.5,N,216.4,D
MIZORAM,CHAMPHAI,2026-08-24,4.7,11.100000000000001,33.300000000000004,33.300000000000004,12.0,LD,32.6,LD,792.2,N,221.1,D
MIZORAM,CHAMPHAI,2026-08-25,2.2,6.9,35.5,35.5,12.5,LD,32.6,LD,764.2,N,223.3,D
MIZORAM,CHAMPHAI,2026-08-26,0.0,6.9,30.300000000000004,35.5,12.9,NR,30.3,LD,794.5,D,223.3,D
MIZORAM,CHAMPHAI,2026-08-27,6.7,8.9,30.8,42.2,10.6,D,6.7,D,798.7,D,230.1,D
MIZORAM,CHAMPHAI,2026-08-28,12.6,19.3,32.599999999999994,54.8,11.4,N,12.6,N,813.6,N,242.5,D
MIZORAM,CHAMPHAI,2026-08-29,0.7,20.0,26.9,55.5,8.7,LD,30.3,LD,814.3,D,243.1,D
MIZORAM,CHAMPHAI,2026-08-30,0.3,13.6,27.2,55.8,7.5,LD,30.3,LD,814.6,D,243.5,D
MIZORAM,CHAMPHAI,2026-08-31,8.7,9.699999999999998,31.2,64.5,8.7,N,30.3,LD,823.3,D,252.2,D
MIZORAM,CHAMPHAI,2026-09-01,2.9,11.899999999999999,31.9,67.4,7.5,LD,30.3,LD,794.5,D,2.9,LD
MIZORAM,CHAMPHAI,2026-09-02,14.6,26.199999999999996,46.5,82.0,8.7,LE,46.3,D,840.8,D,17.5,N
MIZORAM,CHAMPHAI,2026-09-03,7.4,24.9,47.199999999999996,84.2,7.9,N,46.3,D,840.8,D,24.9,N
MIZORAM,CHAMPHAI,2026-09-04,6.6,28.6,41.199999999999996,84.6,9.3,D,46.3,D,854.8,D,31.5,N
MIZORAM,CHAMPHAI,2026-09-05,2.8,16.799999999999997,43.3,76.6,12.7,LD,46.3,D,857.6,D,34.2,D
MIZORAM,CHAMPHAI,2026-09-06,7.6,16.999999999999996,50.6,77.8,13.2,D,7.6,D,865.2,D,41.9,D
MIZORAM,CHAMPHAI,2026-09-07,9.7,20.099999999999994,51.599999999999994,87.5,10.4,N,46.3,D,874.8,D,51.5,D
MIZORAM,CHAMPHAI,2026-09-08,12.7,29.999999999999993,61.4,95.5,12.0,N,12.7,N,887.5,D,64.2,D
MIZORAM,CHAMPHAI,2026-09-09,33.3,55.69999999999999,80.1,126.6,12.8,LE,80.0,N,920.8,N,97.5,N
MIZORAM,CHAMPHAI,2026-09-10,3.1,49.09999999999999,75.79999999999998,129.7,9.3,LD,80.0,N,920.8,N,100.6,N
MIZORAM,CHAMPHAI,2026-09-11,1.4,37.79999999999999,70.6,124.39999999999999,8.4,LD,80.0,N,925.2,N,101.9,N
MIZORAM,CHAMPHAI,2026-09-12,0.9,5.399999999999993,68.7,112.7,8.7,LD,0.9,LD,926.2,D,102.8,N
MIZORAM,CHAMPHAI,2026-09-13,2.8,5.0999999999999925,63.9,114.8,6.3,D,80.0,N,928.9,D,105.6,N
MIZORAM,CHAMPHAI,2026-09-14,0.6,4.299999999999993,54.8,115.1,14.7,LD,0.6,LD,929.6,D,106.2,D
MIZORAM,CHAMPHAI,2026-09-15,0.4,3.7999999999999927,42.5,106.8,11.0,LD,80.0,N,920.8,N,106.6,D
MIZORAM,CHAMPHAI,2026-09-16,3.5,4.499999999999993,12.7,107.39999999999999,11.2,LD,3.5,LD,933.4,D,110.1,D
MIZORAM,CHAMPHAI,2026-09-17,4.8,8.699999999999992,14.4,97.6,20.1,LD,12.6,LD,938.2,D,114.9,D
MIZORAM,CHAMPHAI,2026-09-18,5.8,14.099999999999993,18.8,95.99999999999999,14.2,D,5.8,D,944.0,D,120.7,D
MIZORAM,CHAMPHAI,2026-09-19,0.1,10.699999999999992,18.0,89.5,12.1,LD,0.1,LD,944.2,D,120.9,D
MIZORAM,CHAMPHAI,2026-09-20,0.0,5.899999999999993,15.200000000000001,86.7,10.6,NR,0.0,NR,944.2,D,120.9,D
MIZORAM,CHAMPHAI,2026-09-21,0.5,0.5999999999999938,15.100000000000001,79.6,9.0,LD,12.6,LD,933.4,D,121.4,D
MIZORAM,KOLASIB,2026-08-19,37.3,37.3,37.3,37.3,19.7,LE,37.3,LE,969.1,N,288.9,N
MIZORAM,KOLASIB,2026-08-20,30.5,67.8,67.8,67.8,18.4,LE,97.9,N,999.6,N,319.4,N
MIZORAM,KOLASIB,2026-08-21,57.7,125.5,125.5,125.5,20.1,LE,97.9,N,969.1,N,377.1,N
MIZORAM,KOLASIB,2026-08-22,15.7,103.9,141.2,141.2,11.5,E,97.9,N,1073.0,N,392.8,N
MIZORAM,KOLASIB,2026-08-23,15.2,88.6,156.4,156.4,13.8,N,15.2,N,1088.2,N,408.0,N
MIZORAM,KOLASIB,2026-08-24,17.1,48.0,173.5,173.5,17.9,N,97.9,N,1105.3,N,425.1,N
MIZORAM,KOLASIB,2026-08-25,9.9,42.199999999999996,183.4,183.4,14.5,D,97.9,N,969.1,N,435.0,N
MIZORAM,KOLASIB,2026-08-26,4.7,31.700000000000003,150.8,188.1,16.5,LD,150.8,E,1119.8,N,439.7,N
MIZORAM,KOLASIB,2026-08-27,52.4,67.0,172.7,240.5,14.9,LE,52.4,LE,1175.6,N,501.6,N
MIZORAM,KOLASIB,2026-08-28,18.1,75.2,133.1,258.6,15.2,E,18.1,E,1188.6,N,508.4,N
MIZORAM,KOLASIB,2026-08-29,49.4,119.9,166.8,308.0,16.1,LE,150.8,E,1238.0,N,557.8,E
MIZORAM,KOLASIB,2026-08-30,21.5,89.0,173.10000000000002,329.5,11.2,LE,150.8,E,1259.5,N,579.3,E
MIZORAM,KOLASIB,2026-08-31,38.8,109.69999999999999,194.79999999999998,368.3,13.2,LE,150.8,E,1298.3,N,618.1,E
MIZORAM,KOLASIB,2026-09-01,61.7,122.0,246.60000000000002,430.0,13.2,LE,150.8,E,1119.8,N,61.7,LE
MIZORAM,KOLASIB,2026-09-02,33.8,134.3,275.7,463.8,9.1,LE,273.9,LE,1393.7,N,95.5,LE
MIZORAM,KOLASIB,2026-09-03,40.8,136.3,264.1,467.29999999999995,15.1,LE,273.9,LE,1393.7,N,136.2,LE
MIZORAM,KOLASIB,2026-09-04,13.4,88.0,259.4,450.2,14.2,N,273.9,LE,1447.9,N,149.6,LE
MIZORAM,KOLASIB,2026-09-05,0.5,54.699999999999996,210.5,393.0,22.3,LD,273.9,LE,1448.4,N,150.2,LE
MIZORAM,KOLASIB,2026-09-06,15.2,29.1,204.20000000000002,392.5,15.3,N,15.2,N,1463.7,N,165.4,LE
MIZORAM,KOLASIB,2026-09-07,8.1,23.799999999999997,173.5,385.40000000000003,17.1,D,273.9,LE,1471.7,N,173.5,LE
MIZORAM,KOLASIB,2026-09-08,53.2,76.5,165.0,421.5,14.0,LE,53.2,LE,1525.0,N,226.7,LE
MIZORAM,KOLASIB,2026-09-09,26.9,88.19999999999999,158.1,438.5,15.3,LE,158.1,E,1551.8,N,253.6,LE
MIZORAM,KOLASIB,2026-09-10,0.1,80.2,117.4,433.9,11.4,LD,158.1,E,1551.8,N,253.7,LE
MIZORAM,KOLASIB,2026-09-11,0.3,27.299999999999997,104.3,381.8,11.5,LD,158.1,E,1552.2,N,253.9,LE
MIZORAM,KOLASIB,2026-09-12,50.5,50.9,154.3,414.2,12.6,LE,50.5,LE,1602.7,N,304.4,LE
MIZORAM,KOLASIB,2026-09-13,11.1,61.9,150.20000000000002,375.9,10.9,N,158.1,E,1613.7,N,315.5,LE
MIZORAM,KOLASIB,2026-09-14,10.3,71.9,152.4,364.7,14.6,D,10.3,D,1624.0,N,325.8,LE
MIZORAM,KOLASIB,2026-09-15,0.0,21.4,99.2,325.9,11.7,NR,158.1,E,1551.8,N,325.8,E
MIZORAM,KOLASIB,2026-09-16,0.5,10.8,72.80000000000001,264.7,15.7,LD,0.5,LD,1624.5,N,326.3,E
MIZORAM,KOLASIB,2026-09-17,1.0,1.5,73.7,231.89999999999998,9.4,LD,72.7,N,1625.5,N,327.3,E
MIZORAM,KOLASIB,2026-09-18,5.1,6.6,78.5,196.2,11.3,D,5.1,D,1630.6,N,332.3,E
MIZORAM,KOLASIB,2026-09-19,0.2,6.3,28.2,183.0,14.1,LD,0.2,LD,1630.8,N,332.5,E
MIZORAM,KOLASIB,2026-09-20,0.0,5.3,17.1,182.5,9.4,NR,0.0,NR,1630.8,N,332.5,E
MIZORAM,KOLASIB,2026-09-21,0.0,0.2,6.8,167.3,13.1,NR,72.7,N,1624.5,N,332.5,N
MIZORAM,LAWNGTLAI,2026-08-19,9.0,9.0,9.0,9.0,14.7,D,9.0,D,970.3,N,201.7,D
MIZORAM,LAWNGTLAI,2026-08-20,13.7,22.7,22.7,22.7,13.7,N,51.8,D,984.0,N,215.4,D
MIZORAM,LAWNGTLAI,2026-08-21,5.6,28.299999999999997,28.299999999999997,28.299999999999997,10.7,D,51.8,D,970.3,N,221.0,D
MIZORAM,LAWNGTLAI,2026-08-22,66.1,85.39999999999999,94.39999999999999,94.39999999999999,13.9,LE,51.8,D,1055.7,N,287.2,N
MIZORAM,LAWNGTLAI,2026-08-23,77.5,149.2,171.89999999999998,171.89999999999998,13.6,LE,77.5,LE,1133.2,N,364.7,N
MIZORAM,LAWNGTLAI,2026-08-24,5.7,149.29999999999998,177.6,177.6,14.2,LD,51.8,D,1138.9,N,370.4,N
MIZORAM,LAWNGTLAI,2026-08-25,3.2,86.4,180.79999999999998,180.79999999999998,16.0,LD,51.8,D,970.3,N,373.6,N
MIZORAM,LAWNGTLAI,2026-08-26,40.2,49.1,212.0,221.0,13.3,LE,212.1,LE,1182.4,N,413.9,N
MIZORAM,LAWNGTLAI,2026-08-27,6.3,49.699999999999996,204.6,227.29999999999998,14.0,D,6.3,D,1154.0,N,368.0,N
MIZORAM,LAWNGTLAI,2026-08-28,6.5,53.0,205.49999999999997,233.79999999999998,8.2,D,6.5,D,1194.8,N,426.2,N
MIZORAM,LAWNGTLAI,2026-08-29,24.3,37.1,163.7,258.1,10.7,LE,212.1,LE,1219.1,N,450.5,N
MIZORAM,LAWNGTLAI,2026-08-30,20.1,50.900000000000006,106.30000000000001,278.2,9.6,LE,212.1,LE,1239.2,N,470.6,E
MIZORAM,LAWNGTLAI,2026-08-31,3.2,47.6,103.8,281.4,10.4,LD,212.1,LE,1242.4,N,473.8,N
MIZORAM,LAWNGTLAI,2026-09-01,2.4,25.700000000000003,103.0,283.8,10.2,LD,212.1,LE,1182.4,N,2.4,LD
MIZORAM,LAWNGTLAI,2026-09-02,0.0,5.6,62.800000000000004,283.8,12.1,NR,62.4,N,1244.8,N,2.4,LD
MIZORAM,LAWNGTLAI,2026-09-03,12.7,15.099999999999998,69.2,287.5,10.7,N,62.4,N,1244.8,N,15.1,D
MIZORAM,LAWNGTLAI,2026-09-04,2.9,15.599999999999998,65.60000000000001,276.7,10.7,LD,62.4,N,1260.4,N,18.0,D
MIZORAM,LAWNGTLAI,2026-09-05,0.0,15.599999999999998,41.3,271.09999999999997,9.8,NR,62.4,N,1260.4,N,18.0,LD
MIZORAM,LAWNGTLAI,2026-09-06,15.4,18.299999999999997,36.6,220.4,12.2,E,15.4,E,1275.7,N,33.4,D
MIZORAM,LAWNGTLAI,2026-09-07,13.2,28.599999999999998,46.599999999999994,156.1,12.0,N,62.4,N,1289.0,N,46.6,D
MIZORAM,LAWNGTLAI,2026-09-08,9.6,38.199999999999996,53.8,160.0,11.4,N,9.6,N,1298.6,N,56.2,D
MIZORAM,LAWNGTLAI,2026-09-09,5.9,28.7,59.699999999999996,162.70000000000002,11.0,D,59.7,D,1304.5,N,62.1,D
MIZORAM,LAWNGTLAI,2026-09-10,0.5,15.999999999999998,47.5,123.0,14.3,LD,59.7,D,1304.5,N,62.6,D
MIZORAM,LAWNGTLAI,2026-09-11,0.0,6.399999999999999,44.6,116.7,10.5,NR,59.7,D,1305.0,N,62.6,D
MIZORAM,LAWNGTLAI,2026-09-12,0.0,0.4999999999999982,44.6,110.2,15.2,NR,0.0,NR,1305.0,N,62.6,D
MIZORAM,LAWNGTLAI,2026-09-13,0.2,0.19999999999999823,29.4,86.1,11.7,LD,59.7,D,1305.2,N,62.9,D
MIZORAM,LAWNGTLAI,2026-09-14,0.6,0.7999999999999983,16.8,66.60000000000001,13.6,LD,0.6,LD,1305.9,N,63.5,LD
MIZORAM,LAWNGTLAI,2026-09-15,1.0,1.799999999999998,8.200000000000001,64.39999999999999,13.8,LD,59.7,D,1304.5,N,64.5,LD
MIZORAM,LAWNGTLAI,2026-09-16,0.7,2.299999999999998,3.0,62.699999999999996,10.1,LD,0.7,LD,1307.5,N,65.2,LD
MIZORAM,LAWNGTLAI,2026-09-17,42.0,43.699999999999996,44.5,104.69999999999999,14.4,LE,3.0,LD,1349.5,N,107.2,D
MIZORAM,LAWNGTLAI,2026-09-18,0.0,42.699999999999996,44.5,92.0,11.9,NR,0.0,NR,1349.5,N,107.2,D
MIZORAM,LAWNGTLAI,2026-09-19,1.0,42.99999999999999,45.5,90.1,15.4,LD,1.0,LD,1350.5,N,108.2,D
MIZORAM,LAWNGTLAI,2026-09-20,0.5,1.499999999999993,45.8,90.6,6.7,LD,0.5,LD,1351.0,N,108.7,D
MIZORAM,LAWNGTLAI,2026-09-21,0.0,1.499999999999993,45.2,75.19999999999999,9.4,NR,3.0,LD,1307.5,N,108.7,D
MIZORAM,LUNGLEI,2026-08-19,5.5,5.5,5.5,5.5,16.4,LD,5.5,LD,929.1,D,224.8,D
MIZORAM,LUNGLEI,2026-08-20,6.0,11.5,11.5,11.5,14.5,D,73.6,D,935.1,D,230.8,D
MIZORAM,LUNGLEI,2026-08-21,7.3,18.8,18.8,18.8,11.9,D,73.6,D,929.1,D,238.1,D
MIZORAM,LUNGLEI,2026-08-22,33.1,46.400000000000006,51.900000000000006,51.900000000000006,10.5,LE,73.6,D,975.5,D,271.2,N
MIZORAM,LUNGLEI,2026-08-23,17.4,57.8,69.3,69.3,13.8,E,17.4,E,992.8,D,288.5,N
MIZORAM,LUNGLEI,2026-08-24,2.5,53.0,71.8,71.8,14.9,LD,73.6,D,995.4,D,291.1,N
MIZORAM,LUNGLEI,2026-08-25,13.8,33.7,85.6,85.6,17.9,D,73.6,D,929.1,D,304.9,N
MIZORAM,LUNGLEI,2026-08-26,0.3,16.6,80.39999999999999,85.89999999999999,14.2,LD,80.4,N,1009.5,D,305.2,D
MIZORAM,LUNGLEI,2026-08-27,2.0,16.1,76.39999999999999,87.89999999999999,16.4,LD,2.0,LD,970.7,D,290.4,D
MIZORAM,LUNGLEI,2026-08-28,55.1,57.400000000000006,124.2,143.0,14.8,LE,55.1,LE,1066.6,D,362.3,N
MIZORAM,LUNGLEI,2026-08-29,20.2,77.3,111.3,163.2,14.3,E,80.4,N,1086.8,D,382.5,N
MIZORAM,LUNGLEI,2026-08-30,13.8,89.1,107.7,177.0,12.8,N,80.4,N,1100.5,D,396.2,N
MIZORAM,LUNGLEI,2026-08-31,1.6,35.6,106.8,178.6,11.9,LD,80.4,N,1102.1,D,397.8,N
MIZORAM,LUNGLEI,2026-09-01,7.7,23.1,100.7,186.3,10.0,D,80.4,N,1009.5,D,7.7,D
MIZORAM,LUNGLEI,2026-09-02,2.6,11.9,103.00000000000001,188.9,11.3,LD,102.9,N,1112.4,D,10.3,D
MIZORAM,LUNGLEI,2026-09-03,22.8,33.1,123.80000000000001,206.2,13.5,LE,102.9,N,1112.4,D,33.1,N
MIZORAM,LUNGLEI,2026-09-04,2.6,28.0,71.3,202.8,14.0,LD,102.9,N,1137.7,D,35.6,D
MIZORAM,LUNGLEI,2026-09-05,3.1,28.5,54.2,198.6,17.7,LD,102.9,N,1140.8,D,38.7,D
MIZORAM,LUNGLEI,2026-09-06,27.5,33.2,67.9,193.0,13.1,LE,27.5,LE,1168.3,D,66.2,N
MIZORAM,LUNGLEI,2026-09-07,9.2,39.8,75.5,184.8,11.6,D,102.9,N,1177.4,D,75.3,N
MIZORAM,LUNGLEI,2026-09-08,18.4,55.099999999999994,86.2,200.70000000000002,13.2,E,18.4,E,1195.9,D,93.8,N
MIZORAM,LUNGLEI,2026-09-09,25.7,53.3,109.3,212.6,17.0,E,109.2,N,1221.6,N,119.5,N
MIZORAM,LUNGLEI,2026-09-10,0.7,44.8,87.2,213.0,16.1,LD,109.2,N,1221.6,N,120.1,N
MIZORAM,LUNGLEI,2026-09-11,3.7,30.1,88.3,214.7,14.0,LD,109.2,N,1225.9,D,123.8,N
MIZORAM,LUNGLEI,2026-09-12,14.1,18.5,99.3,173.7,10.9,E,14.1,E,1240.0,D,137.9,N
MIZORAM,LUNGLEI,2026-09-13,1.7,19.5,73.5,155.20000000000002,13.5,LD,109.2,N,1241.7,D,139.7,D
MIZORAM,LUNGLEI,2026-09-14,5.3,21.1,69.60000000000001,146.7,14.8,LD,5.3,LD,1247.1,D,145.0,D
MIZORAM,LUNGLEI,2026-09-15,2.8,9.8,54.0,147.9,12.5,LD,109.2,N,1221.6,N,147.8,D
MIZORAM,LUNGLEI,2026-09-16,5.9,14.0,34.2,146.1,14.6,LD,5.9,LD,1255.8,D,153.7,D
MIZORAM,LUNGLEI,2026-09-17,7.9,16.6,41.4,151.4,16.3,D,34.2,LD,1263.7,D,161.6,D
MIZORAM,LUNGLEI,2026-09-18,0.9,14.7,38.6,129.5,13.7,LD,0.9,LD,1264.6,D,162.5,D
MIZORAM,LUNGLEI,2026-09-19,4.3,13.100000000000001,28.8,131.2,13.5,LD,4.3,LD,1268.9,D,166.8,D
MIZORAM,LUNGLEI,2026-09-20,1.0,6.2,28.1,129.10000000000002,14.1,LD,1.0,LD,1269.9,D,167.8,D
MIZORAM,LUNGLEI,2026-09-21,0.0,5.3,22.8,101.6,10.8,NR,34.2,LD,1255.8,D,167.8,D
MIZORAM,MAMIT,2026-08-19,0.0,0.0,0.0,0.0,13.4,LD,0.0,LD,592.3,D,173.0,D
MIZORAM,MAMIT,2026-08-20,0.4,0.4,0.4,0.4,22.7,LD,43.0,D,592.6,D,173.3,D
MIZORAM,MAMIT,2026-08-21,16.1,16.5,16.5,16.5,13.9,N,43.0,D,592.3,D,189.4,D
MIZORAM,MAMIT,2026-08-22,10.7,27.2,27.2,27.2,10.0,N,43.0,D,619.4,D,200.1,D
MIZORAM,MAMIT,2026-08-23,2.2,29.0,29.4,29.4,10.2,LD,2.2,LD,621.7,D,202.4,D
MIZORAM,MAMIT,2026-08-24,19.5,32.4,48.9,48.9,18.5,N,43.0,D,641.2,D,221.9,D
MIZORAM,MAMIT,2026-08-25,1.0,22.7,49.9,49.9,17.3,LD,43.0,D,592.3,D,222.9,D
MIZORAM,MAMIT,2026-08-26,0.0,20.5,49.9,49.9,19.1,NR,49.9,D,642.2,D,222.9,D
MIZORAM,MAMIT,2026-08-27,11.6,12.6,61.1,61.5,10.9,N,11.6,N,677.4,D,253.7,D
MIZORAM,MAMIT,2026-08-28,24.5,36.1,69.5,86.0,14.6,LE,24.5,LE,676.5,D,257.2,D
MIZORAM,MAMIT,2026-08-29,31.2,67.3,90.0,117.2,15.4,LE,49.9,D,707.7,D,288.4,D
MIZORAM,MAMIT,2026-08-30,26.9,82.6,114.69999999999999,144.1,10.6,LE,49.9,D,734.6,D,315.3,D
MIZORAM,MAMIT,2026-08-31,15.2,73.3,110.39999999999999,159.3,4.1,LE,49.9,D,749.8,D,330.5,D
MIZORAM,MAMIT,2026-09-01,41.6,83.69999999999999,151.0,200.9,10.0,LE,49.9,D,642.2,D,41.6,LE
MIZORAM,MAMIT,2026-09-02,6.6,63.400000000000006,157.6,207.5,10.5,D,155.7,LE,797.9,D,48.1,LE
MIZORAM,MAMIT,2026-09-03,8.2,56.4,154.20000000000002,215.7,13.2,D,155.7,LE,797.9,D,56.3,LE
MIZORAM,MAMIT,2026-09-04,3.3,18.099999999999998,132.99999999999997,218.6,16.9,LD,155.7,LE,809.4,D,59.6,N
MIZORAM,MAMIT,2026-09-05,0.6,12.1,102.39999999999999,203.1,13.9,LD,155.7,LE,810.0,D,60.2,N
MIZORAM,MAMIT,2026-09-06,25.5,29.4,101.0,217.9,11.2,LE,25.5,LE,835.5,D,85.7,N
MIZORAM,MAMIT,2026-09-07,18.6,44.7,104.4,234.29999999999998,12.9,E,155.7,LE,854.1,D,104.3,N
MIZORAM,MAMIT,2026-09-08,37.4,81.5,100.19999999999999,252.2,17.0,LE,37.4,LE,891.5,D,141.7,E
MIZORAM,MAMIT,2026-09-09,78.1,134.1,171.7,329.29999999999995,22.0,LE,171.7,LE,969.7,D,219.9,LE
MIZORAM,MAMIT,2026-09-10,1.3,116.8,164.79999999999998,330.59999999999997,15.3,LD,171.7,LE,969.7,D,221.1,E
MIZORAM,MAMIT,2026-09-11,3.3,82.69999999999999,164.79999999999998,322.3,15.1,LD,171.7,LE,974.3,D,224.5,E
MIZORAM,MAMIT,2026-09-12,11.9,16.5,176.1,309.69999999999993,9.4,E,11.9,E,986.2,D,236.3,E
MIZORAM,MAMIT,2026-09-13,0.9,16.099999999999998,151.5,279.4,12.1,LD,171.7,LE,987.1,D,237.3,E
MIZORAM,MAMIT,2026-09-14,0.0,12.8,132.89999999999998,252.5,15.9,NR,0.0,NR,987.1,D,237.3,E
MIZORAM,MAMIT,2026-09-15,0.1,1.0,95.59999999999998,237.4,13.8,LD,171.7,LE,969.7,D,237.4,N
MIZORAM,MAMIT,2026-09-16,29.7,29.8,47.19999999999999,225.49999999999997,11.6,LE,29.7,LE,1016.9,D,267.1,E
MIZORAM,MAMIT,2026-09-17,0.0,29.8,45.89999999999999,218.89999999999998,8.0,NR,47.2,D,1016.9,D,267.1,N
MIZORAM,MAMIT,2026-09-18,9.8,39.5,52.399999999999984,220.5,17.5,D,9.8,D,1026.7,D,276.8,N
MIZORAM,MAMIT,2026-09-19,0.0,9.8,40.499999999999986,217.2,17.5,NR,0.0,NR,1026.7,D,276.8,N
MIZORAM,MAMIT,2026-09-20,17.2,27.0,56.79999999999998,233.79999999999998,13.3,E,17.2,E,1043.9,D,294.1,N
MIZORAM,MAMIT,2026-09-21,0.0,17.2,56.79999999999998,208.29999999999998,14.3,NR,47.2,D,1016.9,D,294.1,N
MIZORAM,SAIHA,2026-08-19,15.9,15.9,15.9,15.9,10.2,E,15.9,E,883.2,D,267.1,N
MIZORAM,SAIHA,2026-08-20,18.2,34.1,34.1,34.1,17.1,N,55.0,D,901.5,D,285.4,N
MIZORAM,SAIHA,2026-08-21,4.6,38.699999999999996,38.699999999999996,38.699999999999996,15.4,LD,55.0,D,883.2,D,289.9,N
MIZORAM,SAIHA,2026-08-22,5.2,28.0,43.9,43.9,13.7,LD,55.0,D,911.3,D,295.2,N
MIZORAM,SAIHA,2026-08-23,0.6,10.399999999999997,44.5,44.5,17.2,LD,0.6,LD,911.9,D,295.8,N
MIZORAM,SAIHA,2026-08-24,18.7,24.499999999999996,63.199999999999996,63.199999999999996,18.3,N,55.0,D,930.6,D,314.5,N
MIZORAM,SAIHA,2026-08-25,6.1,25.4,69.3,69.3,14.8,D,55.0,D,883.2,D,320.5,N
MIZORAM,SAIHA,2026-08-26,1.8,26.599999999999994,55.199999999999996,71.1,13.7,LD,55.2,D,938.4,D,322.3,N
MIZORAM,SAIHA,2026-08-27,13.7,21.599999999999994,50.699999999999996,84.8,10.5,E,13.7,E,964.1,D,333.4,N
MIZORAM,SAIHA,2026-08-28,28.2,43.699999999999996,74.29999999999998,113.0,15.8,LE,28.2,LE,978.4,D,362.3,N
MIZORAM,SAIHA,2026-08-29,11.8,53.7,80.89999999999999,124.8,13.5,N,55.2,D,990.2,D,374.1,N
MIZORAM,SAIHA,2026-08-30,10.7,50.699999999999996,91.0,135.5,7.4,E,55.2,D,1000.9,D,384.8,N
MIZORAM,SAIHA,2026-08-31,3.0,25.499999999999996,75.29999999999998,138.5,9.8,LD,55.2,D,1003.9,D,387.8,N
MIZORAM,SAIHA,2026-09-01,5.0,18.699999999999996,74.19999999999999,143.5,8.2,D,55.2,D,938.4,D,5.0,D
MIZORAM,SAIHA,2026-09-02,32.2,40.2,104.6,175.7,12.1,LE,102.7,E,1041.2,D,37.2,LE
MIZORAM,SAIHA,2026-09-03,70.1,107.3,161.0,229.89999999999998,10.6,LE,102.7,E,1041.2,D,107.3,LE
MIZORAM,SAIHA,2026-09-04,46.6,148.9,179.4,258.3,11.6,LE,102.7,E,1157.9,N,154.0,LE
MIZORAM,SAIHA,2026-09-05,21.5,138.2,189.1,275.2,13.2,LE,102.7,E,1179.4,N,175.5,LE
MIZORAM,SAIHA,2026-09-06,30.3,98.4,208.69999999999996,300.3,16.0,LE,30.3,LE,1209.7,N,205.8,LE
MIZORAM,SAIHA,2026-09-07,70.4,122.20000000000002,276.1,370.1,13.5,LE,102.7,E,1280.1,N,276.2,LE
MIZORAM,SAIHA,2026-09-08,49.2,149.90000000000003,320.3,400.6,8.6,LE,49.2,LE,1329.3,N,325.4,LE
MIZORAM,SAIHA,2026-09-09,42.9,162.50000000000003,331.0,437.4,10.5,LE,331.1,LE,1372.3,N,368.3,LE
MIZORAM,SAIHA,2026-09-10,34.1,126.20000000000002,295.0,469.7,11.5,LE,331.1,LE,1372.3,N,402.5,LE
MIZORAM,SAIHA,2026-09-11,3.9,80.90000000000002,252.3,459.9,10.6,LD,331.1,LE,1410.3,N,406.3,LE
MIZORAM,SAIHA,2026-09-12,9.8,47.80000000000002,240.6,441.5,14.2,D,9.8,D,1420.1,N,416.2,LE
MIZORAM,SAIHA,2026-09-13,23.2,36.90000000000001,233.5,452.9,16.3,E,331.1,LE,1443.3,N,439.4,LE
MIZORAM,SAIHA,2026-09-14,1.2,34.20000000000002,164.29999999999998,443.4,11.8,LD,1.2,LD,1444.5,N,440.6,LE
MIZORAM,SAIHA,2026-09-15,0.5,24.90000000000001,115.59999999999998,440.9,16.7,LD,331.1,LE,1372.3,N,441.1,LE
MIZORAM,SAIHA,2026-09-16,5.0,6.700000000000014,77.69999999999999,440.9,13.1,LD,5.0,LD,1450.0,N,446.1,LE
MIZORAM,SAIHA,2026-09-17,4.9,10.400000000000015,48.499999999999986,413.6,10.4,D,77.7,N,1454.8,N,450.9,LE
MIZORAM,SAIHA,2026-09-18,0.1,10.000000000000014,44.69999999999999,343.59999999999997,10.8,LD,0.1,LD,1454.9,N,451.0,LE
MIZORAM,SAIHA,2026-09-19,3.1,8.100000000000016,37.999999999999986,300.1,13.3,LD,3.1,LD,1458.1,N,454.2,LE
MIZORAM,SAIHA,2026-09-20,0.5,3.7000000000000144,15.299999999999986,279.1,14.5,LD,0.5,LD,1458.6,N,454.7,LE
MIZORAM,SAIHA,2026-09-21,0.0,3.6000000000000143,14.099999999999987,248.8,13.2,NR,77.7,N,1450.0,N,454.7,LE
MIZORAM,SERCHHIP,2026-08-19,5.3,5.3,5.3,5.3,11.0,D,5.3,D,969.8,N,173.7,D
MIZORAM,SERCHHIP,2026-08-20,7.6,12.899999999999999,12.899999999999999,12.899999999999999,13.8,D,33.0,LD,977.4,N,181.3,D
MIZORAM,SERCHHIP,2026-08-21,3.3,16.2,16.2,16.2,14.0,LD,33.0,LD,969.8,N,184.6,D
MIZORAM,SERCHHIP,2026-08-22,0.7,11.599999999999998,16.9,16.9,9.2,LD,33.0,LD,981.4,N,185.3,D
MIZORAM,SERCHHIP,2026-08-23,1.2,5.199999999999999,18.099999999999998,18.099999999999998,9.6,LD,1.2,LD,982.7,N,186.6,D
MIZORAM,SERCHHIP,2026-08-24,5.6,7.499999999999999,23.7,23.7,13.2,D,33.0,LD,988.3,N,192.2,D
MIZORAM,SERCHHIP,2026-08-25,3.3,10.099999999999998,27.0,27.0,13.2,LD,33.0,LD,969.8,N,195.5,D
MIZORAM,SERCHHIP,2026-08-26,0.5,9.399999999999999,22.2,27.5,11.0,LD,22.3,LD,992.1,N,196.0,D
MIZORAM,SERCHHIP,2026-08-27,12.1,15.9,26.7,39.599999999999994,9.3,E,12.1,E,978.3,N,202.6,D
MIZORAM,SERCHHIP,2026-08-28,21.5,34.1,44.9,61.099999999999994,10.4,LE,21.5,LE,1024.7,N,228.6,D
MIZORAM,SERCHHIP,2026-08-29,17.4,51.0,61.599999999999994,78.5,7.7,LE,22.3,LD,1042.1,N,246.0,D
MIZORAM,SERCHHIP,2026-08-30,35.9,74.8,96.3,114.39999999999999,9.2,LE,22.3,LD,1078.0,N,281.9,N
MIZORAM,SERCHHIP,2026-08-31,39.2,92.5,129.89999999999998,153.6,9.9,LE,22.3,LD,1117.2,N,321.1,N
MIZORAM,SERCHHIP,2026-09-01,60.3,135.39999999999998,186.89999999999998,213.89999999999998,7.1,LE,22.3,LD,992.1,N,60.3,LE
MIZORAM,SERCHHIP,2026-09-02,28.9,128.4,215.29999999999998,242.79999999999998,9.9,LE,214.3,LE,1206.4,N,89.2,LE
MIZORAM,SERCHHIP,2026-09-03,16.0,105.19999999999999,219.2,253.49999999999997,9.7,LE,214.3,LE,1206.4,N,105.1,LE
MIZORAM,SERCHHIP,2026-09-04,4.7,49.6,202.4,250.6,10.9,D,214.3,LE,1227.1,N,109.9,LE
MIZORAM,SERCHHIP,2026-09-05,0.1,20.8,185.1,247.4,12.0,LD,214.3,LE,1227.2,N,109.9,LE
MIZORAM,SERCHHIP,2026-09-06,33.6,38.400000000000006,182.79999999999998,280.29999999999995,12.2,LE,33.6,LE,1260.8,N,143.5,LE
MIZORAM,SERCHHIP,2026-09-07,32.7,66.4,176.3,311.8,13.7,LE,214.3,LE,1293.5,N,176.2,LE
MIZORAM,SERCHHIP,2026-09-08,66.3,132.6,182.3,372.5,12.9,LE,66.3,LE,1359.8,N,242.6,LE
MIZORAM,SERCHHIP,2026-09-09,26.8,125.8,180.2,396.0,8.4,LE,180.2,LE,1386.6,N,269.3,LE
MIZORAM,SERCHHIP,2026-09-10,0.0,93.1,164.2,395.5,10.5,NR,180.2,LE,1386.6,N,269.3,LE
MIZORAM,SERCHHIP,2026-09-11,0.0,26.799999999999986,159.5,383.4,11.2,NR,180.2,LE,1386.6,N,269.3,LE
MIZORAM,SERCHHIP,2026-09-12,0.0,0.0,159.4,361.9,12.0,NR,0.0,NR,1386.6,N,269.3,LE
MIZORAM,SERCHHIP,2026-09-13,2.1,2.099999999999986,127.9,346.6,8.8,LD,180.2,LE,1388.7,N,271.4,LE
MIZORAM,SERCHHIP,2026-09-14,0.0,2.099999999999986,95.2,310.7,10.1,NR,0.0,NR,1388.7,N,271.4,LE
MIZORAM,SERCHHIP,2026-09-15,0.1,2.199999999999986,29.0,271.6,11.6,LD,180.2,LE,1386.6,N,271.5,LE
MIZORAM,SERCHHIP,2026-09-16,3.4,3.499999999999986,5.6,214.7,9.9,LD,3.4,LD,1392.1,N,274.9,LE
MIZORAM,SERCHHIP,2026-09-17,13.8,17.299999999999986,19.4,199.6,11.6,E,5.5,LD,1405.9,N,288.7,E
MIZORAM,SERCHHIP,2026-09-18,0.2,17.399999999999984,19.6,183.8,11.1,LD,0.2,LD,1406.2,N,288.9,E
MIZORAM,SERCHHIP,2026-09-19,0.1,14.099999999999987,19.7,179.2,10.5,LD,0.1,LD,1406.2,N,289.0,E
MIZORAM,SERCHHIP,2026-09-20,15.5,15.799999999999986,33.1,194.6,11.2,E,15.5,E,1421.7,N,304.5,E
MIZORAM,SERCHHIP,2026-09-21,0.0,15.599999999999987,33.1,161.0,8.2,NR,5.5,LD,1392.1,N,304.5,E
NAGALAND,DIMAPUR,2026-08-19,21.9,21.9,21.9,21.9,9.9,LE,21.9,LE,538.0,N,258.8,LE
NAGALAND,DIMAPUR,2026-08-20,1.7,23.599999999999998,23.599999999999998,23.599999999999998,4.9,LD,54.4,N,539.7,N,260.5,LE
NAGALAND,DIMAPUR,2026-08-21,4.4,28.0,28.0,28.0,8.2,D,54.4,N,538.0,N,264.9,LE
NAGALAND,DIMAPUR,2026-08-22,3.2,9.3,31.2,31.2,6.1,D,54.4,N,547.4,N,268.2,LE
NAGALAND,DIMAPUR,2026-08-23,1.1,8.700000000000001,32.3,32.3,7.3,LD,1.1,LD,548.5,N,269.2,E
NAGALAND,DIMAPUR,2026-08-24,14.9,19.200000000000003,47.2,47.2,5.4,LE,54.4,N,563.4,N,284.2,LE
NAGALAND,DIMAPUR,2026-08-25,0.3,16.3,47.5,47.5,1.6,LD,54.4,N,538.0,N,284.5,E
NAGALAND,DIMAPUR,2026-08-26,2.1,17.3,27.7,49.6,8.7,LD,27.8,D,565.8,N,286.6,E
NAGALAND,DIMAPUR,2026-08-27,24.5,26.9,50.5,74.1,9.7,LE,24.5,LE,590.3,N,311.1,E
NAGALAND,DIMAPUR,2026-08-28,3.7,30.299999999999997,49.800000000000004,77.8,7.6,D,3.7,D,594.0,N,314.8,E
NAGALAND,DIMAPUR,2026-08-29,51.0,79.2,97.6,128.8,6.9,LE,27.8,D,645.0,N,365.7,LE
NAGALAND,DIMAPUR,2026-08-30,1.0,55.7,97.5,129.8,7.6,LD,27.8,D,646.0,N,366.8,LE
NAGALAND,DIMAPUR,2026-08-31,6.0,58.0,88.6,135.8,6.3,N,27.8,D,652.0,N,372.8,LE
NAGALAND,DIMAPUR,2026-09-01,10.8,17.8,99.10000000000001,146.6,9.2,N,27.8,D,565.8,N,10.8,N
NAGALAND,DIMAPUR,2026-09-02,6.2,23.0,103.2,152.8,2.3,LE,103.2,LE,669.0,N,17.0,E
NAGALAND,DIMAPUR,2026-09-03,2.1,19.1,80.80000000000001,133.0,4.3,D,103.2,LE,669.0,N,19.1,E
NAGALAND,DIMAPUR,2026-09-04,25.4,33.7,102.5,156.7,7.5,LE,103.2,LE,696.6,N,44.6,LE
NAGALAND,DIMAPUR,2026-09-05,49.8,77.3,101.3,202.1,12.1,LE,103.2,LE,746.4,N,94.4,LE
NAGALAND,DIMAPUR,2026-09-06,1.8,77.0,102.1,200.70000000000002,6.0,LD,1.8,LD,748.2,N,96.2,LE
NAGALAND,DIMAPUR,2026-09-07,1.8,53.4,97.89999999999999,201.39999999999998,3.8,D,103.2,LE,750.0,N,97.9,LE
NAGALAND,DIMAPUR,2026-09-08,4.8,8.4,91.9,191.3,7.6,D,4.8,D,754.8,N,102.8,LE
NAGALAND,DIMAPUR,2026-09-09,1.5,8.100000000000001,87.2,192.5,10.8,LD,87.3,LE,756.3,N,104.3,LE
NAGALAND,DIMAPUR,2026-09-10,1.5,7.8,86.60000000000001,191.9,6.1,LD,87.3,LE,756.3,N,105.7,E
NAGALAND,DIMAPUR,2026-09-11,0.0,3.000000000000001,61.199999999999996,167.4,5.9,NR,87.3,LE,757.8,N,105.7,E
NAGALAND,DIMAPUR,2026-09-12,4.3,5.800000000000001,15.7,167.99999999999997,4.0,N,4.3,N,762.1,N,110.1,E
NAGALAND,DIMAPUR,2026-09-13,1.5,5.800000000000001,15.399999999999999,118.5,4.7,LD,87.3,LE,763.6,N,111.6,E
NAGALAND,DIMAPUR,2026-09-14,0.0,5.800000000000001,13.600000000000001,117.5,2.5,NR,0.0,NR,763.6,N,111.6,E
NAGALAND,DIMAPUR,2026-09-15,0.0,1.5000000000000009,8.8,111.5,6.5,NR,87.3,LE,756.3,N,111.6,E
NAGALAND,DIMAPUR,2026-09-16,1.8,1.800000000000001,9.1,102.5,4.2,D,1.8,D,765.4,N,113.3,N
NAGALAND,DIMAPUR,2026-09-17,0.8,2.600000000000001,8.4,97.1,4.4,LD,9.1,LD,766.2,N,114.1,N
NAGALAND,DIMAPUR,2026-09-18,5.9,8.500000000000002,14.3,100.9,2.9,LE,5.9,LE,772.1,N,120.1,N
NAGALAND,DIMAPUR,2026-09-19,0.0,6.700000000000002,10.0,75.5,3.6,NR,0.0,NR,772.1,N,120.1,N
NAGALAND,DIMAPUR,2026-09-20,0.0,5.900000000000002,8.5,25.700000000000003,3.5,NR,0.0,NR,772.1,N,120.1,N
NAGALAND,DIMAPUR,2026-09-21,1.5,1.5000000000000018,10.0,25.4,8.5,LD,9.1,LD,765.4,N,121.6,N
NAGALAND,KIPHIRE,2026-08-19,8.3,8.3,8.3,8.3,4.0,LE,8.3,LE,552.8,E,123.0,E
NAGALAND,KIPHIRE,2026-08-20,25.1,33.400000000000006,33.400000000000006,33.400000000000006,2.2,LE,28.6,D,577.9,E,148.1,E
NAGALAND,KIPHIRE,2026-08-21,0.2,33.6,33.6,33.6,6.6,LD,28.6,D,552.8,E,148.3,E
NAGALAND,KIPHIRE,2026-08-22,0.3,25.6,33.900000000000006,33.900000000000006,3.4,LD,28.6,D,578.4,E,148.6,E
NAGALAND,KIPHIRE,2026-08-23,0.0,0.5,33.900000000000006,33.900000000000006,6.9,NR,0.0,NR,578.4,E,148.6,E
NAGALAND,KIPHIRE,2026-08-24,1.6,1.9000000000000001,35.5,35.5,6.0,LD,28.6,D,580.0,E,150.2,N
NAGALAND,KIPHIRE,2026-08-25,1.8,3.4000000000000004,37.300000000000004,37.300000000000004,4.1,D,28.6,D,552.8,E,151.9,N
NAGALAND,KIPHIRE,2026-08-26,2.1,5.5,31.1,39.400000000000006,7.4,LD,31.0,N,583.8,E,154.0,N
NAGALAND,KIPHIRE,2026-08-27,22.5,26.4,28.5,61.900000000000006,3.4,LE,22.5,LE,606.3,E,176.5,E
NAGALAND,KIPHIRE,2026-08-28,0.6,25.2,28.900000000000002,62.5,5.7,LD,0.6,LD,606.9,E,177.1,E
NAGALAND,KIPHIRE,2026-08-29,0.0,23.1,28.6,62.5,8.4,NR,31.0,N,606.9,E,177.1,N
NAGALAND,KIPHIRE,2026-08-30,0.4,1.0,29.0,62.900000000000006,5.4,LD,31.0,N,607.3,E,177.5,N
NAGALAND,KIPHIRE,2026-08-31,3.5,3.9,30.9,66.4,2.5,E,31.0,N,610.8,E,180.9,N
NAGALAND,KIPHIRE,2026-09-01,9.4,13.3,38.5,75.8,5.8,LE,31.0,N,583.8,E,9.4,LE
NAGALAND,KIPHIRE,2026-09-02,22.3,35.2,58.7,98.1,5.0,LE,58.6,LE,642.5,E,31.7,LE
NAGALAND,KIPHIRE,2026-09-03,12.4,44.1,48.6,102.2,5.6,LE,58.6,LE,642.5,E,44.1,LE
NAGALAND,KIPHIRE,2026-09-04,0.6,35.300000000000004,48.6,77.7,1.9,LD,58.6,LE,655.5,E,44.8,LE
NAGALAND,KIPHIRE,2026-09-05,24.8,37.8,73.4,102.3,2.4,LE,58.6,LE,680.3,E,69.5,LE
NAGALAND,KIPHIRE,2026-09-06,25.0,50.4,98.0,127.0,1.4,LE,25.0,LE,705.3,E,94.5,LE
NAGALAND,KIPHIRE,2026-09-07,0.0,49.8,94.5,127.0,4.8,NR,58.6,LE,705.3,E,94.5,LE
NAGALAND,KIPHIRE,2026-09-08,16.3,41.3,101.4,141.7,4.2,LE,16.3,LE,721.6,E,110.8,LE
NAGALAND,KIPHIRE,2026-09-09,10.3,26.599999999999998,89.39999999999999,150.2,3.1,LE,89.5,LE,731.9,E,121.1,LE
NAGALAND,KIPHIRE,2026-09-10,0.3,26.9,77.3,148.4,5.0,LD,89.5,LE,731.9,E,121.4,LE
NAGALAND,KIPHIRE,2026-09-11,0.0,10.599999999999998,76.69999999999999,125.89999999999999,5.6,NR,89.5,LE,732.2,E,121.5,LE
NAGALAND,KIPHIRE,2026-09-12,0.3,0.5999999999999964,52.199999999999996,125.60000000000001,5.5,LD,0.3,LD,732.5,E,121.7,LE
NAGALAND,KIPHIRE,2026-09-13,0.0,0.29999999999999644,27.200000000000003,125.60000000000001,3.5,NR,89.5,LE,732.5,E,121.7,LE
NAGALAND,KIPHIRE,2026-09-14,0.3,0.5999999999999964,27.5,125.5,2.7,LD,0.3,LD,732.8,E,122.0,LE
NAGALAND,KIPHIRE,2026-09-15,0.5,0.7999999999999965,11.700000000000001,122.5,3.9,LD,89.5,LE,731.9,E,122.6,LE
NAGALAND,KIPHIRE,2026-09-16,0.0,0.7999999999999965,1.4,113.10000000000001,6.1,NR,0.0,NR,733.3,E,122.6,LE
NAGALAND,KIPHIRE,2026-09-17,2.5,2.9999999999999964,3.5999999999999996,93.30000000000001,4.2,D,1.4,LD,735.9,E,125.1,LE
NAGALAND,KIPHIRE,2026-09-18,14.1,16.599999999999994,17.7,95.0,3.7,LE,14.1,LE,750.0,E,139.2,LE
NAGALAND,KIPHIRE,2026-09-19,0.0,16.599999999999994,17.4,94.39999999999999,4.9,NR,0.0,NR,750.0,E,139.2,LE
NAGALAND,KIPHIRE,2026-09-20,1.1,15.199999999999996,18.5,70.7,3.0,LD,1.1,LD,751.1,E,140.3,LE
NAGALAND,KIPHIRE,2026-09-21,0.0,1.0999999999999965,18.2,45.699999999999996,4.2,NR,1.4,LD,733.3,E,140.3,LE
NAGALAND,KOHIMA,2026-08-19,14.8,14.8,14.8,14.8,13.7,N,14.8,N,792.6,N,200.0,N
NAGALAND,KOHIMA,2026-08-20,8.9,23.700000000000003,23.700000000000003,23.700000000000003,8.8,N,54.6,D,801.5,N,208.9,N
NAGALAND,KOHIMA,2026-08-21,3.2,26.900000000000002,26.900000000000002,26.900000000000002,15.3,LD,54.6,D,792.6,N,212.0,N
NAGALAND,KOHIMA,2026-08-22,4.7,16.8,31.6,31.6,7.1,D,54.6,D,809.3,N,216.7,N
NAGALAND,KOHIMA,2026-08-23,3.8,11.7,35.4,35.4,18.9,LD,3.8,LD,813.1,N,220.5,N
NAGALAND,KOHIMA,2026-08-24,11.4,19.900000000000002,46.8,46.8,11.7,N,54.6,D,824.6,N,232.0,N
NAGALAND,KOHIMA,2026-08-25,16.5,31.700000000000003,63.3,63.3,10.6,E,54.6,D,792.6,N,248.5,N
NAGALAND,KOHIMA,2026-08-26,9.0,36.900000000000006,57.5,72.3,11.6,D,57.5,D,850.1,N,257.5,N
NAGALAND,KOHIMA,2026-08-27,19.3,44.800000000000004,67.9,91.6,10.2,LE,19.3,LE,869.4,N,276.8,N
NAGALAND,KOHIMA,2026-08-28,2.1,30.400000000000006,66.8,93.7,13.1,LD,2.1,LD,871.5,N,278.9,N
NAGALAND,KOHIMA,2026-08-29,3.2,24.600000000000005,65.3,96.9,14.5,LD,57.5,D,874.7,N,282.1,N
NAGALAND,KOHIMA,2026-08-30,1.5,6.800000000000004,63.0,98.4,9.9,LD,57.5,D,876.1,N,283.5,N
NAGALAND,KOHIMA,2026-08-31,5.8,10.500000000000004,57.4,104.2,11.5,D,57.5,D,881.9,N,289.3,N
NAGALAND,KOHIMA,2026-09-01,9.9,17.200000000000003,50.800000000000004,114.1,12.8,D,57.5,D,850.1,N,9.9,D
NAGALAND,KOHIMA,2026-09-02,21.8,37.5,63.599999999999994,135.9,8.5,LE,63.6,D,913.6,N,31.7,E
NAGALAND,KOHIMA,2026-09-03,9.8,41.50000000000001,54.1,130.9,8.8,N,63.6,D,913.6,N,41.5,E
NAGALAND,KOHIMA,2026-09-04,10.7,42.300000000000004,62.7,132.7,10.4,N,63.6,D,934.2,N,52.2,E
NAGALAND,KOHIMA,2026-09-05,42.2,62.7,101.70000000000002,171.70000000000002,10.9,LE,63.6,D,976.4,N,94.5,LE
NAGALAND,KOHIMA,2026-09-06,17.3,70.2,117.50000000000001,184.3,12.0,E,17.3,E,993.7,N,111.8,LE
NAGALAND,KOHIMA,2026-09-07,8.4,67.9,120.10000000000001,188.9,8.2,N,63.6,D,1002.1,N,120.1,LE
NAGALAND,KOHIMA,2026-09-08,4.9,30.6,115.10000000000001,182.4,9.1,D,4.9,D,1007.0,N,125.0,E
NAGALAND,KOHIMA,2026-09-09,0.2,13.5,93.50000000000001,166.10000000000002,11.1,LD,93.6,E,1007.2,N,125.3,E
NAGALAND,KOHIMA,2026-09-10,4.8,9.9,88.50000000000001,161.9,15.1,LD,93.6,E,1007.2,N,130.1,E
NAGALAND,KOHIMA,2026-09-11,0.0,5.0,77.80000000000001,142.6,10.9,NR,93.6,E,1012.1,N,130.1,N
NAGALAND,KOHIMA,2026-09-12,0.0,4.8,35.60000000000001,140.5,8.6,NR,0.0,NR,1012.1,N,130.1,N
NAGALAND,KOHIMA,2026-09-13,0.0,0.0,18.300000000000008,137.3,7.2,NR,93.6,E,1012.1,N,130.1,N
NAGALAND,KOHIMA,2026-09-14,0.3,0.3,10.200000000000008,136.10000000000002,6.9,LD,0.3,LD,1012.4,N,130.5,N
NAGALAND,KOHIMA,2026-09-15,1.0,1.3,6.300000000000007,131.3,8.2,LD,93.6,E,1007.2,N,131.5,N
NAGALAND,KOHIMA,2026-09-16,7.2,8.5,13.300000000000008,128.6,7.9,N,7.2,N,1020.6,N,138.7,N
NAGALAND,KOHIMA,2026-09-17,2.3,10.5,10.800000000000006,109.10000000000001,9.6,LD,13.4,LD,1022.9,N,140.9,N
NAGALAND,KOHIMA,2026-09-18,4.3,13.799999999999999,15.100000000000009,103.60000000000001,7.8,D,4.3,D,1027.2,N,145.3,N
NAGALAND,KOHIMA,2026-09-19,0.0,6.6,15.100000000000009,92.9,4.9,NR,0.0,NR,1027.2,N,145.3,N
NAGALAND,KOHIMA,2026-09-20,5.8,10.1,20.900000000000006,56.5,11.8,D,5.8,D,1033.0,N,151.1,D
NAGALAND,KOHIMA,2026-09-21,1.7,7.5,22.300000000000008,40.900000000000006,6.6,LD,13.4,LD,1020.6,N,152.8,D
NAGALAND,LONGLENG,2026-08-19,0.0,0.0,0.0,0.0,6.8,ND,0.0,ND,0.0,ND,0.0,ND
NAGALAND,LONGLENG,2026-08-20,0.0,0.0,0.0,0.0,4.4,ND,0.0,ND,0.0,ND,0.0,ND
NAGALAND,LONGLENG,2026-08-21,0.0,0.0,0.0,0.0,12.2,ND,0.0,ND,0.0,ND,0.0,ND
NAGALAND,LONGLENG,2026-08-22,0.0,0.0,0.0,0.0,6.8,ND,0.0,ND,0.0,ND,0.0,ND
NAGALAND,LONGLENG,2026-08-23,0.0,0.0,0.0,0.0,12.1,ND,0.0,ND,0.0,ND,0.0,ND
NAGALAND,LONGLENG,2026-08-24,0.0,0.0,0.0,0.0,5.2,ND,0.0,ND,0.0,ND,0.0,ND
NAGALAND,LONGLENG,2026-08-25,0.0,0.0,0.0,0.0,6.3,ND,0.0,ND,0.0,ND,0.0,ND
NAGALAND,LONGLENG,2026-08-26,0.0,0.0,0.0,0.0,3.6,ND,0.0,ND,0.0,ND,0.0,ND
NAGALAND,LONGLENG,2026-08-27,0.0,0.0,0.0,0.0,9.0,ND,0.0,ND,0.0,ND,0.0,ND
NAGALAND,LONGLENG,2026-08-28,0.0,0.0,0.0,0.0,4.5,ND,0.0,ND,0.0,ND,0.0,ND
NAGALAND,LONGLENG,2026-08-29,0.0,0.0,0.0,0.0,5.4,ND,0.0,ND,0.0,ND,0.0,ND
NAGALAND,LONGLENG,2026-08-30,0.0,0.0,0.0,0.0,7.2,ND,0.0,ND,0.0,ND,0.0,ND
NAGALAND,LONGLENG,2026-08-31,0.0,0.0,0.0,0.0,3.8,ND,0.0,ND,0.0,ND,0.0,ND
NAGALAND,LONGLENG,2026-09-01,0.0,0.0,0.0,0.0,4.4,ND,0.0,ND,0.0,ND,0.0,ND
NAGALAND,LONGLENG,2026-09-02,0.0,0.0,0.0,0.0,5.6,ND,0.0,ND,0.0,ND,0.0,ND
NAGALAND,LONGLENG,2026-09-03,0.0,0.0,0.0,0.0,8.7,ND,0.0,ND,0.0,ND,0.0,ND
NAGALAND,LONGLENG,2026-09-04,0.0,0.0,0.0,0.0,5.2,ND,0.0,ND,0.0,ND,0.0,ND
NAGALAND,LONGLENG,2026-09-05,0.0,0.0,0.0,0.0,9.2,ND,0.0,ND,0.0,ND,0.0,ND
NAGALAND,LONGLENG,2026-09-06,0.0,0.0,0.0,0.0,5.3,ND,0.0,ND,0.0,ND,0.0,ND
NAGALAND,LONGLENG,2026-09-07,0.0,0.0,0.0,0.0,7.9,ND,0.0,ND,0.0,ND,0.0,ND
NAGALAND,LONGLENG,2026-09-08,0.0,0.0,0.0,0.0,7.3,ND,0.0,ND,0.0,ND,0.0,ND
NAGALAND,LONGLENG,2026-09-09,0.0,0.0,0.0,0.0,7.9,ND,0.0,ND,0.0,ND,0.0,ND
NAGALAND,LONGLENG,2026-09-10,0.0,0.0,0.0,0.0,8.3,ND,0.0,ND,0.0,ND,0.0,ND
NAGALAND,LONGLENG,2026-09-11,0.0,0.0,0.0,0.0,8.8,ND,0.0,ND,0.0,ND,0.0,ND
NAGALAND,LONGLENG,2026-09-12,0.0,0.0,0.0,0.0,10.2,ND,0.0,ND,0.0,ND,0.0,ND
NAGALAND,LONGLENG,2026-09-13,0.0,0.0,0.0,0.0,10.3,ND,0.0,ND,0.0,ND,0.0,ND
NAGALAND,LONGLENG,2026-09-14,0.0,0.0,0.0,0.0,9.7,ND,0.0,ND,0.0,ND,0.0,ND
NAGALAND,LONGLENG,2026-09-15,0.0,0.0,0.0,0.0,4.6,ND,0.0,ND,0.0,ND,0.0,ND
NAGALAND,LONGLENG,2026-09-16,0.0,0.0,0.0,0.0,4.8,ND,0.0,ND,0.0,ND,0.0,ND
NAGALAND,LONGLENG,2026-09-17,0.0,0.0,0.0,0.0,5.3,ND,0.0,ND,0.0,ND,0.0,ND
NAGALAND,LONGLENG,2026-09-18,0.0,0.0,0.0,0.0,5.4,ND,0.0,ND,0.0,ND,0.0,ND
NAGALAND,LONGLENG,2026-09-19,0.0,0.0,0.0,0.0,1.8,ND,0.0,ND,0.0,ND,0.0,ND
NAGALAND,LONGLENG,2026-09-20,0.0,0.0,0.0,0.0,7.2,ND,0.0,ND,0.0,ND,0.0,ND
NAGALAND,LONGLENG,2026-09-21,0.0,0.0,0.0,0.0,14.6,ND,0.0,ND,0.0,ND,0.0,ND
NAGALAND,MOKOKCHUNG,2026-08-19,3.2,3.2,3.2,3.2,9.7,LD,3.2,LD,1130.9,N,244.5,N
NAGALAND,MOKOKCHUNG,2026-08-20,3.6,6.800000000000001,6.800000000000001,6.800000000000001,15.8,LD,51.0,D,1134.5,N,248.0,N
NAGALAND,MOKOKCHUNG,2026-08-21,0.3,7.1000000000000005,7.1000000000000005,7.1000000000000005,15.4,LD,51.0,D,1130.9,N,248.3,N
NAGALAND,MOKOKCHUNG,2026-08-22,2.7,6.6,9.8,9.8,11.2,LD,51.0,D,1137.4,N,251.0,N
NAGALAND,MOKOKCHUNG,2026-08-23,16.0,19.0,25.8,25.8,10.3,E,16.0,E,1153.5,N,267.0,N
NAGALAND,MOKOKCHUNG,2026-08-24,14.1,32.8,39.9,39.9,8.9,E,51.0,D,1167.6,N,281.2,N
NAGALAND,MOKOKCHUNG,2026-08-25,0.9,31.0,40.8,40.8,16.8,LD,51.0,D,1130.9,N,282.0,N
NAGALAND,MOKOKCHUNG,2026-08-26,2.8,17.8,40.4,43.6,10.3,LD,40.3,D,1171.2,N,284.8,N
NAGALAND,MOKOKCHUNG,2026-08-27,27.3,31.0,64.10000000000001,70.9,10.2,LE,27.3,LE,1198.5,N,312.1,N
NAGALAND,MOKOKCHUNG,2026-08-28,1.2,31.300000000000004,65.0,72.10000000000001,6.3,LD,1.2,LD,1199.7,N,313.3,N
NAGALAND,MOKOKCHUNG,2026-08-29,43.1,71.60000000000001,105.4,115.2,6.3,LE,40.3,D,1242.9,N,356.5,N
NAGALAND,MOKOKCHUNG,2026-08-30,21.7,66.0,111.10000000000001,136.9,9.4,LE,40.3,D,1264.6,N,378.2,N
NAGALAND,MOKOKCHUNG,2026-08-31,14.3,79.1,111.3,151.2,6.1,LE,40.3,D,1278.9,N,392.5,N
NAGALAND,MOKOKCHUNG,2026-09-01,33.2,69.2,143.60000000000002,184.4,6.2,LE,40.3,D,1171.2,N,33.2,LE
NAGALAND,MOKOKCHUNG,2026-09-02,13.9,61.4,154.7,198.3,9.4,E,154.8,LE,1326.1,N,47.2,LE
NAGALAND,MOKOKCHUNG,2026-09-03,5.5,52.6,132.9,200.60000000000002,10.1,D,154.8,LE,1326.1,N,52.7,LE
NAGALAND,MOKOKCHUNG,2026-09-04,55.2,74.6,186.9,252.2,12.0,LE,154.8,LE,1386.8,E,107.9,LE
NAGALAND,MOKOKCHUNG,2026-09-05,34.2,94.9,178.00000000000003,286.1,14.1,LE,154.8,LE,1421.0,E,142.1,LE
NAGALAND,MOKOKCHUNG,2026-09-06,2.2,91.60000000000001,158.5,285.6,12.6,LD,2.2,LD,1423.1,E,144.2,LE
NAGALAND,MOKOKCHUNG,2026-09-07,3.5,39.900000000000006,147.7,273.1,10.0,LD,154.8,LE,1426.6,E,147.7,LE
NAGALAND,MOKOKCHUNG,2026-09-08,2.1,7.800000000000001,116.60000000000001,261.1,11.6,LD,2.1,LD,1428.7,E,149.8,LE
NAGALAND,MOKOKCHUNG,2026-09-09,3.2,8.8,105.9,263.40000000000003,8.8,LD,105.8,E,1431.9,N,153.0,LE
NAGALAND,MOKOKCHUNG,2026-09-10,2.0,7.300000000000001,102.4,262.6,10.9,LD,105.8,E,1431.9,N,155.0,E
NAGALAND,MOKOKCHUNG,2026-09-11,0.0,5.200000000000001,47.2,235.3,10.8,NR,105.8,E,1433.9,N,155.0,E
NAGALAND,MOKOKCHUNG,2026-09-12,51.9,53.9,64.9,286.0,9.7,LE,51.9,LE,1485.8,E,206.9,LE
NAGALAND,MOKOKCHUNG,2026-09-13,19.0,70.9,81.69999999999999,261.9,11.0,LE,105.8,E,1504.9,E,226.0,LE
NAGALAND,MOKOKCHUNG,2026-09-14,0.6,71.5,78.8,240.8,8.8,LD,0.6,LD,1505.4,E,226.5,E
NAGALAND,MOKOKCHUNG,2026-09-15,12.8,32.4,89.5,239.29999999999998,14.5,N,105.8,E,1431.9,N,239.3,E
NAGALAND,MOKOKCHUNG,2026-09-16,13.2,26.6,99.5,219.3,6.7,LE,13.2,LE,1531.4,E,252.5,E
NAGALAND,MOKOKCHUNG,2026-09-17,11.8,37.8,109.3,217.2,7.8,E,99.5,E,1543.2,E,264.3,E
NAGALAND,MOKOKCHUNG,2026-09-18,27.0,52.0,136.3,238.7,3.9,LE,27.0,LE,1570.2,E,291.3,LE
NAGALAND,MOKOKCHUNG,2026-09-19,0.1,38.9,84.49999999999999,183.6,6.8,LD,0.1,LD,1570.3,E,291.4,E
NAGALAND,MOKOKCHUNG,2026-09-20,35.6,62.7,101.10000000000001,185.0,10.3,LE,35.6,LE,1605.9,E,327.0,LE
NAGALAND,MOKOKCHUNG,2026-09-21,5.8,41.5,106.3,188.6,7.5,D,99.5,E,1531.4,E,332.9,LE
NAGALAND,MON,2026-08-19,3.4,3.4,3.4,3.4,9.8,LD,3.4,LD,538.9,D,239.8,E
NAGALAND,MON,2026-08-20,6.2,9.6,9.6,9.6,6.2,N,73.5,N,545.1,D,246.0,E
NAGALAND,MON,2026-08-21,3.6,13.200000000000001,13.200000000000001,13.200000000000001,14.6,LD,73.5,N,538.9,D,249.6,E
NAGALAND,MON,2026-08-22,14.6,24.4,27.8,27.8,7.1,LE,73.5,N,563.4,D,264.2,E
NAGALAND,MON,2026-08-23,4.9,23.1,32.7,32.7,9.7,D,4.9,D,568.3,D,269.2,E
NAGALAND,MON,2026-08-24,37.9,57.4,70.6,70.6,7.5,LE,73.5,N,606.2,D,307.0,E
NAGALAND,MON,2026-08-25,5.7,48.5,76.3,76.3,4.7,E,73.5,N,538.9,D,312.8,E
NAGALAND,MON,2026-08-26,11.8,55.4,84.69999999999999,88.1,4.6,LE,84.8,E,623.7,D,324.6,E
NAGALAND,MON,2026-08-27,5.5,23.0,84.0,93.6,3.5,E,5.5,E,629.2,D,330.0,E
NAGALAND,MON,2026-08-28,4.7,22.0,85.1,98.3,8.0,D,4.7,D,633.9,D,334.7,E
NAGALAND,MON,2026-08-29,2.7,12.9,73.2,101.0,6.5,D,84.8,E,636.6,D,337.4,E
NAGALAND,MON,2026-08-30,2.9,10.3,71.2,103.9,3.3,N,84.8,E,639.5,D,340.4,E
NAGALAND,MON,2026-08-31,15.0,20.6,48.30000000000001,118.9,4.3,LE,84.8,E,654.5,D,355.3,E
NAGALAND,MON,2026-09-01,24.3,42.2,66.9,143.2,6.5,LE,84.8,E,623.7,D,24.3,LE
NAGALAND,MON,2026-09-02,23.8,63.10000000000001,78.9,167.0,9.2,LE,78.9,LE,702.6,D,48.1,LE
NAGALAND,MON,2026-09-03,6.2,54.300000000000004,79.60000000000001,169.8,9.2,D,78.9,LE,702.6,D,54.3,LE
NAGALAND,MON,2026-09-04,43.7,73.7,118.60000000000001,207.3,6.8,LE,78.9,LE,752.5,N,98.0,LE
NAGALAND,MON,2026-09-05,54.3,104.2,170.2,258.0,5.2,LE,78.9,LE,806.8,N,152.3,LE
NAGALAND,MON,2026-09-06,9.1,107.1,176.4,252.5,6.2,E,9.1,E,815.9,N,161.4,LE
NAGALAND,MON,2026-09-07,8.1,71.5,169.5,255.70000000000002,5.5,E,78.9,LE,824.0,N,169.5,LE
NAGALAND,MON,2026-09-08,5.4,22.6,150.60000000000002,223.20000000000002,3.3,LE,5.4,LE,829.4,N,174.9,LE
NAGALAND,MON,2026-09-09,0.0,13.5,126.8,217.50000000000003,4.3,ND,126.8,LE,829.4,N,174.9,LE
NAGALAND,MON,2026-09-10,0.0,5.4,120.6,205.70000000000002,7.3,NR,126.8,LE,829.4,N,174.9,LE
NAGALAND,MON,2026-09-11,1.6,1.6,78.50000000000001,201.8,7.1,LD,126.8,LE,831.1,N,176.6,LE
NAGALAND,MON,2026-09-12,0.0,1.6,24.200000000000006,197.10000000000002,8.4,NR,0.0,NR,831.1,N,176.5,LE
NAGALAND,MON,2026-09-13,4.2,5.800000000000001,19.300000000000008,198.6,7.8,D,126.8,LE,835.3,N,180.8,LE
NAGALAND,MON,2026-09-14,11.6,15.799999999999999,22.800000000000008,207.3,5.6,LE,11.6,LE,846.9,N,192.4,LE
NAGALAND,MON,2026-09-15,2.2,18.0,19.600000000000005,194.5,6.4,LD,126.8,LE,829.4,N,194.6,LE
NAGALAND,MON,2026-09-16,2.1,15.899999999999999,21.70000000000001,172.3,4.3,D,2.1,D,851.2,N,196.7,LE
NAGALAND,MON,2026-09-17,14.8,19.1,36.500000000000014,163.3,5.0,LE,21.8,D,866.0,N,211.5,LE
NAGALAND,MON,2026-09-18,11.2,28.1,46.10000000000001,168.3,6.8,LE,11.2,LE,877.2,N,222.7,LE
NAGALAND,MON,2026-09-19,0.3,26.299999999999997,46.400000000000006,124.89999999999999,4.3,LD,0.3,LD,877.5,N,223.0,LE
NAGALAND,MON,2026-09-20,0.4,11.899999999999997,42.60000000000001,71.0,5.7,LD,0.4,LD,877.9,N,223.4,LE
NAGALAND,MON,2026-09-21,0.0,0.6999999999999982,31.000000000000007,61.900000000000006,4.5,ND,21.8,D,851.2,N,223.4,LE
NAGALAND,PEREN,2026-08-19,9.2,9.2,9.2,9.2,10.4,N,9.2,N,612.1,N,218.4,E
NAGALAND,PEREN,2026-08-20,10.8,20.0,20.0,20.0,9.8,N,60.8,N,622.9,N,229.2,E
NAGALAND,PEREN,2026-08-21,12.3,32.3,32.3,32.3,9.6,E,60.8,N,612.1,N,241.6,E
NAGALAND,PEREN,2026-08-22,2.7,25.8,35.0,35.0,9.5,LD,60.8,N,637.9,N,244.2,E
NAGALAND,PEREN,2026-08-23,7.5,22.5,42.5,42.5,10.4,D,7.5,D,645.5,N,251.8,E
NAGALAND,PEREN,2026-08-24,14.5,24.7,57.0,57.0,5.0,LE,60.8,N,659.9,N,266.3,E
NAGALAND,PEREN,2026-08-25,6.2,28.2,63.2,63.2,5.5,N,60.8,N,612.1,N,272.5,E
NAGALAND,PEREN,2026-08-26,1.9,22.6,55.9,65.1,10.6,LD,56.0,N,668.1,N,274.4,E
NAGALAND,PEREN,2026-08-27,7.3,15.4,52.4,72.4,13.2,D,7.3,D,675.3,N,281.7,E
NAGALAND,PEREN,2026-08-28,5.3,14.5,45.4,77.7,13.9,LD,5.3,LD,680.6,N,287.0,E
NAGALAND,PEREN,2026-08-29,22.7,35.3,65.4,100.4,14.7,E,56.0,N,703.3,N,309.7,E
NAGALAND,PEREN,2026-08-30,1.4,29.4,59.3,101.8,12.5,LD,56.0,N,704.7,N,311.1,E
NAGALAND,PEREN,2026-08-31,4.3,28.4,49.099999999999994,106.1,6.3,D,56.0,N,709.0,N,315.4,E
NAGALAND,PEREN,2026-09-01,8.9,14.6,51.8,115.0,12.5,D,56.0,N,668.1,N,8.9,D
NAGALAND,PEREN,2026-09-02,14.6,27.799999999999997,64.5,129.6,2.9,LE,64.5,N,732.6,N,23.6,E
NAGALAND,PEREN,2026-09-03,5.7,29.200000000000003,62.9,126.1,4.8,E,64.5,N,732.6,N,29.3,E
NAGALAND,PEREN,2026-09-04,9.1,29.4,66.69999999999999,124.4,7.7,N,64.5,N,747.5,N,38.4,E
NAGALAND,PEREN,2026-09-05,44.0,58.8,88.0,156.1,5.5,LE,64.5,N,791.5,N,82.5,LE
NAGALAND,PEREN,2026-09-06,1.6,54.699999999999996,88.19999999999999,154.99999999999997,9.7,LD,1.6,LD,793.1,N,84.0,LE
NAGALAND,PEREN,2026-09-07,8.5,54.099999999999994,92.39999999999999,155.99999999999997,4.5,LE,64.5,N,801.6,N,92.5,LE
NAGALAND,PEREN,2026-09-08,21.5,31.599999999999994,105.0,163.0,6.0,LE,21.5,LE,823.1,N,114.1,LE
NAGALAND,PEREN,2026-09-09,0.0,29.999999999999993,90.4,156.8,8.9,NR,90.5,LE,823.1,N,114.1,LE
NAGALAND,PEREN,2026-09-10,0.8,22.299999999999994,85.5,155.7,10.4,LD,90.5,LE,823.1,N,114.9,E
NAGALAND,PEREN,2026-09-11,0.0,0.7999999999999929,76.4,148.4,8.5,NR,90.5,LE,823.9,N,114.9,E
NAGALAND,PEREN,2026-09-12,0.0,0.7999999999999929,32.4,143.1,8.0,NR,0.0,NR,823.9,N,114.9,E
NAGALAND,PEREN,2026-09-13,37.5,37.49999999999999,68.3,157.9,4.0,LE,90.5,LE,861.4,N,152.4,LE
NAGALAND,PEREN,2026-09-14,9.3,46.8,69.1,165.8,4.3,LE,9.3,LE,870.8,N,161.7,LE
NAGALAND,PEREN,2026-09-15,0.9,47.699999999999996,48.5,162.39999999999998,6.6,LD,90.5,LE,823.1,N,162.6,E
NAGALAND,PEREN,2026-09-16,5.1,15.299999999999994,53.599999999999994,158.60000000000002,5.5,N,5.1,N,876.8,N,167.7,E
NAGALAND,PEREN,2026-09-17,6.2,12.199999999999992,59.0,150.2,4.0,E,53.7,N,882.9,N,173.9,E
NAGALAND,PEREN,2026-09-18,18.2,29.499999999999993,77.2,162.7,4.9,LE,18.2,LE,901.1,N,192.1,LE
NAGALAND,PEREN,2026-09-19,0.0,24.399999999999988,77.2,153.6,4.4,NR,0.0,NR,901.1,N,192.1,E
NAGALAND,PEREN,2026-09-20,4.4,22.599999999999987,44.1,114.0,3.9,N,4.4,N,905.5,N,196.5,E
NAGALAND,PEREN,2026-09-21,12.5,16.89999999999999,47.3,124.89999999999999,11.8,N,53.7,N,876.8,N,209.0,E
NAGALAND,PHEK,2026-08-19,8.0,8.0,8.0,8.0,5.5,E,8.0,E,522.9,N,172.0,E
NAGALAND,PHEK,2026-08-20,12.8,20.8,20.8,20.8,4.2,LE,50.0,N,535.7,N,184.9,E
NAGALAND,PHEK,2026-08-21,2.9,23.7,23.7,23.7,8.4,LD,50.0,N,522.9,N,187.8,E
NAGALAND,PHEK,2026-08-22,3.0,18.7,26.7,26.7,7.4,LD,50.0,N,541.5,N,190.7,E
NAGALAND,PHEK,2026-08-23,1.8,7.7,28.5,28.5,5.6,LD,1.8,LD,543.3,N,192.5,N
NAGALAND,PHEK,2026-08-24,12.6,17.4,41.1,41.1,9.3,E,50.0,N,555.9,N,205.1,N
NAGALAND,PHEK,2026-08-25,21.6,36.0,62.7,62.7,2.2,LE,50.0,N,522.9,N,226.7,E
NAGALAND,PHEK,2026-08-26,5.9,40.1,60.6,68.60000000000001,5.3,N,60.5,E,583.4,N,232.6,E
NAGALAND,PHEK,2026-08-27,5.7,33.2,53.5,74.3,7.8,D,5.7,D,589.1,N,238.3,E
NAGALAND,PHEK,2026-08-28,2.3,13.9,52.9,76.60000000000001,4.5,D,2.3,D,591.4,N,240.6,E
NAGALAND,PHEK,2026-08-29,1.8,9.8,51.7,78.4,11.0,LD,60.5,E,593.1,N,242.3,N
NAGALAND,PHEK,2026-08-30,1.7,5.8,51.6,80.10000000000001,3.6,D,60.5,E,594.8,N,244.0,N
NAGALAND,PHEK,2026-08-31,7.4,10.9,46.400000000000006,87.5,4.0,LE,60.5,E,602.2,N,251.4,N
NAGALAND,PHEK,2026-09-01,20.4,29.5,45.2,107.9,11.9,LE,60.5,E,583.4,N,20.4,LE
NAGALAND,PHEK,2026-09-02,24.4,52.2,63.7,132.3,6.0,LE,63.6,E,647.1,N,44.8,LE
NAGALAND,PHEK,2026-09-03,7.6,52.4,65.6,131.9,5.0,E,63.6,E,647.1,N,52.5,LE
NAGALAND,PHEK,2026-09-04,7.5,39.5,70.8,126.60000000000001,4.6,LE,63.6,E,662.2,N,59.9,LE
NAGALAND,PHEK,2026-09-05,45.6,60.7,114.6,169.3,6.1,LE,63.6,E,707.8,N,105.5,LE
NAGALAND,PHEK,2026-09-06,9.4,62.5,122.3,175.7,4.2,LE,9.4,LE,717.2,N,115.0,LE
NAGALAND,PHEK,2026-09-07,8.3,63.300000000000004,123.19999999999999,182.2,7.3,N,63.6,E,725.5,N,123.2,LE
NAGALAND,PHEK,2026-09-08,4.5,22.200000000000003,107.3,174.1,3.0,E,4.5,E,730.0,N,127.8,LE
NAGALAND,PHEK,2026-09-09,0.0,12.8,82.89999999999999,152.5,3.2,ND,82.9,LE,730.0,N,127.8,LE
NAGALAND,PHEK,2026-09-10,0.0,4.5,75.3,146.6,6.3,NR,82.9,LE,730.0,N,127.8,LE
NAGALAND,PHEK,2026-09-11,0.2,0.2,68.0,141.1,7.6,LD,82.9,LE,730.2,N,128.0,LE
NAGALAND,PHEK,2026-09-12,0.0,0.2,22.400000000000002,138.79999999999998,5.1,NR,0.0,NR,730.2,N,128.0,LE
NAGALAND,PHEK,2026-09-13,0.8,1.0,13.8,137.8,4.9,LD,82.9,LE,731.0,N,128.8,LE
NAGALAND,PHEK,2026-09-14,0.0,0.8,5.5,136.1,3.8,NR,0.0,NR,731.0,N,128.8,LE
NAGALAND,PHEK,2026-09-15,1.4,2.2,2.4,130.1,8.0,LD,82.9,LE,730.0,N,130.2,E
NAGALAND,PHEK,2026-09-16,3.8,5.2,6.199999999999999,113.5,5.7,D,3.8,D,736.2,N,134.0,E
NAGALAND,PHEK,2026-09-17,5.3,10.5,11.5,94.4,5.8,N,6.2,LD,741.6,N,139.3,E
NAGALAND,PHEK,2026-09-18,5.8,14.899999999999999,17.1,92.6,6.4,N,5.8,N,747.4,N,145.2,E
NAGALAND,PHEK,2026-09-19,0.0,11.100000000000001,17.1,85.1,3.4,NR,0.0,NR,747.4,N,145.1,E
NAGALAND,PHEK,2026-09-20,4.8,10.6,21.1,44.3,7.1,D,4.8,D,752.2,N,150.0,E
NAGALAND,PHEK,2026-09-21,0.0,4.8,21.1,34.900000000000006,8.7,ND,6.2,LD,736.2,N,150.0,E
NAGALAND,TUENSANG,2026-08-19,0.0,0.0,0.0,0.0,6.8,ND,0.0,ND,0.0,ND,0.0,ND
NAGALAND,TUENSANG,2026-08-20,0.0,0.0,0.0,0.0,4.4,ND,0.0,ND,0.0,ND,0.0,ND
NAGALAND,TUENSANG,2026-08-21,0.0,0.0,0.0,0.0,12.2,ND,0.0,ND,0.0,ND,0.0,ND
NAGALAND,TUENSANG,2026-08-22,0.0,0.0,0.0,0.0,6.8,ND,0.0,ND,0.0,ND,0.0,ND
NAGALAND,TUENSANG,2026-08-23,0.0,0.0,0.0,0.0,12.1,ND,0.0,ND,0.0,ND,0.0,ND
NAGALAND,TUENSANG,2026-08-24,0.0,0.0,0.0,0.0,5.2,ND,0.0,ND,0.0,ND,0.0,ND
NAGALAND,TUENSANG,2026-08-25,0.0,0.0,0.0,0.0,6.3,ND,0.0,ND,0.0,ND,0.0,ND
NAGALAND,TUENSANG,2026-08-26,0.0,0.0,0.0,0.0,3.6,ND,0.0,ND,0.0,ND,0.0,ND
NAGALAND,TUENSANG,2026-08-27,0.0,0.0,0.0,0.0,9.0,ND,0.0,ND,0.0,ND,0.0,ND
NAGALAND,TUENSANG,2026-08-28,0.0,0.0,0.0,0.0,4.5,ND,0.0,ND,0.0,ND,0.0,ND
NAGALAND,TUENSANG,2026-08-29,0.0,0.0,0.0,0.0,5.4,ND,0.0,ND,0.0,ND,0.0,ND
NAGALAND,TUENSANG,2026-08-30,0.0,0.0,0.0,0.0,7.2,ND,0.0,ND,0.0,ND,0.0,ND
NAGALAND,TUENSANG,2026-08-31,0.0,0.0,0.0,0.0,3.8,ND,0.0,ND,0.0,ND,0.0,ND
NAGALAND,TUENSANG,2026-09-01,0.0,0.0,0.0,0.0,4.4,ND,0.0,ND,0.0,ND,0.0,ND
NAGALAND,TUENSANG,2026-09-02,0.0,0.0,0.0,0.0,5.6,ND,0.0,ND,0.0,ND,0.0,ND
NAGALAND,TUENSANG,2026-09-03,0.0,0.0,0.0,0.0,8.7,ND,0.0,ND,0.0,ND,0.0,ND
NAGALAND,TUENSANG,2026-09-04,0.0,0.0,0.0,0.0,5.2,ND,0.0,ND,0.0,ND,0.0,ND
NAGALAND,TUENSANG,2026-09-05,0.0,0.0,0.0,0.0,9.2,ND,0.0,ND,0.0,ND,0.0,ND
NAGALAND,TUENSANG,2026-09-06,0.0,0.0,0.0,0.0,5.3,ND,0.0,ND,0.0,ND,0.0,ND
NAGALAND,TUENSANG,2026-09-07,0.0,0.0,0.0,0.0,7.9,ND,0.0,ND,0.0,ND,0.0,ND
NAGALAND,TUENSANG,2026-09-08,0.0,0.0,0.0,0.0,7.3,ND,0.0,ND,0.0,ND,0.0,ND
NAGALAND,TUENSANG,2026-09-09,0.0,0.0,0.0,0.0,7.9,ND,0.0,ND,0.0,ND,0.0,ND
NAGALAND,TUENSANG,2026-09-10,0.0,0.0,0.0,0.0,8.3,ND,0.0,ND,0.0,ND,0.0,ND
NAGALAND,TUENSANG,2026-09-11,0.0,0.0,0.0,0.0,8.8,ND,0.0,ND,0.0,ND,0.0,ND
NAGALAND,TUENSANG,2026-09-12,0.0,0.0,0.0,0.0,10.2,ND,0.0,ND,0.0,ND,0.0,ND
NAGALAND,TUENSANG,2026-09-13,0.0,0.0,0.0,0.0,10.3,ND,0.0,ND,0.0,ND,0.0,ND
NAGALAND,TUENSANG,2026-09-14,0.0,0.0,0.0,0.0,9.7,ND,0.0,ND,0.0,ND,0.0,ND
NAGALAND,TUENSANG,2026-09-15,0.0,0.0,0.0,0.0,4.6,ND,0.0,ND,0.0,ND,0.0,ND
NAGALAND,TUENSANG,2026-09-16,0.0,0.0,0.0,0.0,4.8,ND,0.0,ND,0.0,ND,0.0,ND
NAGALAND,TUENSANG,2026-09-17,0.0,0.0,0.0,0.0,5.3,ND,0.0,ND,0.0,ND,0.0,ND
NAGALAND,TUENSANG,2026-09-18,0.0,0.0,0.0,0.0,5.4,ND,0.0,ND,0.0,ND,0.0,ND
NAGALAND,TUENSANG,2026-09-19,0.0,0.0,0.0,0.0,1.8,ND,0.0,ND,0.0,ND,0.0,ND
NAGALAND,TUENSANG,2026-09-20,0.0,0.0,0.0,0.0,7.2,ND,0.0,ND,0.0,ND,0.0,ND
NAGALAND,TUENSANG,2026-09-21,0.0,0.0,0.0,0.0,14.6,ND,0.0,ND,0.0,ND,0.0,ND
NAGALAND,WOKHA,2026-08-19,8.8,8.8,8.8,8.8,13.0,D,8.8,D,892.0,N,295.8,E
NAGALAND,WOKHA,2026-08-20,2.0,10.8,10.8,10.8,12.8,LD,81.3,N,894.0,N,297.8,E
NAGALAND,WOKHA,2026-08-21,10.4,21.200000000000003,21.200000000000003,21.200000000000003,15.8,D,81.3,N,892.0,N,308.1,E
NAGALAND,WOKHA,2026-08-22,3.2,15.600000000000001,24.400000000000002,24.400000000000002,6.6,D,81.3,N,907.6,N,311.4,E
NAGALAND,WOKHA,2026-08-23,5.2,18.8,29.6,29.6,11.2,D,5.2,D,912.8,N,316.5,E
NAGALAND,WOKHA,2026-08-24,62.4,70.8,92.0,92.0,8.2,LE,81.3,N,975.1,N,378.9,E
NAGALAND,WOKHA,2026-08-25,2.4,70.0,94.4,94.4,9.8,LD,81.3,N,892.0,N,381.3,E
NAGALAND,WOKHA,2026-08-26,6.5,71.3,92.10000000000001,100.9,6.4,N,92.0,E,984.0,N,387.8,E
NAGALAND,WOKHA,2026-08-27,54.2,63.1,144.3,155.1,13.7,LE,54.2,LE,1038.2,N,442.0,E
NAGALAND,WOKHA,2026-08-28,4.3,65.0,138.2,159.4,10.2,D,4.3,D,1042.5,N,446.3,E
NAGALAND,WOKHA,2026-08-29,11.1,69.6,146.10000000000002,170.5,10.4,N,92.0,E,1053.6,N,457.4,E
NAGALAND,WOKHA,2026-08-30,1.8,17.2,142.7,172.3,5.7,LD,92.0,E,1055.4,N,459.2,E
NAGALAND,WOKHA,2026-08-31,8.4,21.299999999999997,88.7,180.7,7.2,N,92.0,E,1063.8,N,467.6,E
NAGALAND,WOKHA,2026-09-01,14.0,24.200000000000003,100.3,194.7,8.1,LE,92.0,E,984.0,N,14.0,LE
NAGALAND,WOKHA,2026-09-02,13.7,36.1,107.5,208.4,8.6,LE,107.5,LE,1091.5,N,27.7,LE
NAGALAND,WOKHA,2026-09-03,15.1,42.8,68.4,214.7,11.9,E,107.5,LE,1091.5,N,42.8,E
NAGALAND,WOKHA,2026-09-04,10.0,38.8,74.1,222.7,10.3,N,107.5,LE,1116.6,N,52.8,E
NAGALAND,WOKHA,2026-09-05,42.1,67.2,105.1,254.4,12.7,LE,107.5,LE,1158.7,N,94.9,LE
NAGALAND,WOKHA,2026-09-06,3.2,55.30000000000001,106.5,254.4,10.8,LD,3.2,LD,1161.9,N,98.1,E
NAGALAND,WOKHA,2026-09-07,10.4,55.70000000000001,108.5,259.6,14.3,D,107.5,LE,1172.3,N,108.5,E
NAGALAND,WOKHA,2026-09-08,3.0,16.6,97.5,200.2,11.2,LD,3.0,LD,1175.3,N,111.5,E
NAGALAND,WOKHA,2026-09-09,33.0,46.400000000000006,116.8,230.8,4.9,LE,116.8,E,1208.3,N,144.5,E
NAGALAND,WOKHA,2026-09-10,1.3,37.3,103.0,225.6,8.4,LD,116.8,E,1208.3,N,145.8,E
NAGALAND,WOKHA,2026-09-11,0.0,34.3,93.0,171.4,11.1,NR,116.8,E,1209.6,N,145.8,E
NAGALAND,WOKHA,2026-09-12,12.4,13.700000000000001,63.300000000000004,179.5,9.0,E,12.4,E,1222.0,N,158.2,E
NAGALAND,WOKHA,2026-09-13,1.4,13.8,61.5,169.8,7.5,LD,116.8,E,1223.5,N,159.7,E
NAGALAND,WOKHA,2026-09-14,0.0,13.8,51.1,168.0,8.6,NR,0.0,NR,1223.5,N,159.7,N
NAGALAND,WOKHA,2026-09-15,1.0,2.4,49.1,160.60000000000002,11.6,LD,116.8,E,1208.3,N,160.6,N
NAGALAND,WOKHA,2026-09-16,7.2,8.2,23.3,153.8,8.6,N,7.2,N,1231.6,N,167.8,N
NAGALAND,WOKHA,2026-09-17,5.4,13.600000000000001,27.4,145.5,6.5,N,23.3,LD,1237.0,N,173.2,N
NAGALAND,WOKHA,2026-09-18,12.6,25.2,40.0,143.0,8.5,E,12.6,E,1249.6,N,185.8,N
NAGALAND,WOKHA,2026-09-19,0.1,18.1,27.700000000000003,133.1,8.6,LD,0.1,LD,1249.7,N,185.9,N
NAGALAND,WOKHA,2026-09-20,0.3,12.999999999999998,26.599999999999998,91.30000000000001,8.1,LD,0.3,LD,1250.0,N,186.2,N
NAGALAND,WOKHA,2026-09-21,1.2,1.6,27.8,89.30000000000001,7.9,LD,23.3,LD,1231.6,N,187.5,N
NAGALAND,ZUNHEBOTO,2026-08-19,40.7,40.7,40.7,40.7,10.2,LE,40.7,LE,1216.5,E,257.6,E
NAGALAND,ZUNHEBOTO,2026-08-20,9.7,50.400000000000006,50.400000000000006,50.400000000000006,8.4,N,136.5,LE,1226.2,E,267.3,E
NAGALAND,ZUNHEBOTO,2026-08-21,7.2,57.6,57.6,57.6,7.2,N,136.5,LE,1216.5,E,274.5,E
NAGALAND,ZUNHEBOTO,2026-08-22,4.3,21.2,61.900000000000006,61.900000000000006,7.9,D,136.5,LE,1237.7,E,278.8,E
NAGALAND,ZUNHEBOTO,2026-08-23,3.2,14.7,65.10000000000001,65.10000000000001,11.8,LD,3.2,LD,1240.9,E,282.0,E
NAGALAND,ZUNHEBOTO,2026-08-24,18.8,26.3,83.9,83.9,8.5,LE,136.5,LE,1259.7,E,300.8,E
NAGALAND,ZUNHEBOTO,2026-08-25,12.2,34.2,96.1,96.1,8.8,E,136.5,LE,1216.5,E,313.0,E
NAGALAND,ZUNHEBOTO,2026-08-26,8.6,39.6,64.0,104.7,7.4,N,64.0,N,1280.5,E,321.6,E
NAGALAND,ZUNHEBOTO,2026-08-27,33.7,54.5,88.0,138.4,3.3,LE,33.7,LE,1314.2,E,355.3,E
NAGALAND,ZUNHEBOTO,2026-08-28,6.3,48.599999999999994,87.1,144.70000000000002,4.7,E,6.3,E,1320.5,E,361.6,E
NAGALAND,ZUNHEBOTO,2026-08-29,2.7,42.7,85.5,147.4,13.0,LD,64.0,N,1323.2,E,364.3,E
NAGALAND,ZUNHEBOTO,2026-08-30,0.0,9.0,82.3,147.4,6.6,NR,64.0,N,1323.2,E,364.3,E
NAGALAND,ZUNHEBOTO,2026-08-31,15.3,18.0,78.8,162.70000000000002,6.9,LE,64.0,N,1338.5,E,379.6,E
NAGALAND,ZUNHEBOTO,2026-09-01,17.4,32.7,84.0,180.1,4.7,LE,64.0,N,1280.5,E,17.4,LE
NAGALAND,ZUNHEBOTO,2026-09-02,25.7,58.4,101.1,205.8,5.3,LE,101.1,LE,1381.6,E,43.1,LE
NAGALAND,ZUNHEBOTO,2026-09-03,14.5,57.599999999999994,81.9,179.60000000000002,9.1,LE,101.1,LE,1381.6,E,57.6,LE
NAGALAND,ZUNHEBOTO,2026-09-04,12.9,53.1,88.5,182.8,6.4,LE,101.1,LE,1409.0,LE,70.5,LE
NAGALAND,ZUNHEBOTO,2026-09-05,62.5,89.9,148.3,238.10000000000002,3.9,LE,101.1,LE,1471.5,LE,133.0,LE
NAGALAND,ZUNHEBOTO,2026-09-06,1.8,77.2,150.1,235.6,4.9,LD,1.8,LD,1473.3,LE,134.8,LE
NAGALAND,ZUNHEBOTO,2026-09-07,27.4,91.69999999999999,162.2,259.8,5.2,LE,101.1,LE,1500.7,LE,162.2,LE
NAGALAND,ZUNHEBOTO,2026-09-08,2.3,31.5,147.1,243.29999999999998,6.5,LD,2.3,LD,1503.0,LE,164.5,LE
NAGALAND,ZUNHEBOTO,2026-09-09,0.0,29.7,121.39999999999999,231.1,5.8,ND,121.4,LE,1503.0,LE,164.5,LE
NAGALAND,ZUNHEBOTO,2026-09-10,0.4,2.6999999999999997,107.30000000000001,222.9,11.0,LD,121.4,LE,1503.0,LE,164.9,LE
NAGALAND,ZUNHEBOTO,2026-09-11,0.0,0.4,94.4,189.2,8.2,NR,121.4,LE,1503.4,LE,164.9,LE
NAGALAND,ZUNHEBOTO,2026-09-12,0.0,0.4,31.9,182.89999999999998,9.6,NR,0.0,NR,1503.4,LE,164.9,LE
NAGALAND,ZUNHEBOTO,2026-09-13,9.6,9.6,39.699999999999996,189.79999999999998,5.9,LE,121.4,LE,1513.0,LE,174.5,LE
NAGALAND,ZUNHEBOTO,2026-09-14,0.4,10.0,12.7,190.2,8.8,LD,0.4,LD,1513.4,E,174.9,LE
NAGALAND,ZUNHEBOTO,2026-09-15,0.4,10.4,10.799999999999999,175.29999999999998,12.6,LD,121.4,LE,1503.0,LE,175.3,LE
NAGALAND,ZUNHEBOTO,2026-09-16,18.4,19.2,29.2,176.3,6.8,LE,18.4,LE,1532.2,E,193.7,LE
NAGALAND,ZUNHEBOTO,2026-09-17,0.2,19.0,28.999999999999996,150.79999999999998,10.7,LD,29.2,D,1532.4,E,193.9,E
NAGALAND,ZUNHEBOTO,2026-09-18,11.4,30.0,40.4,147.7,8.1,E,11.4,E,1543.8,E,205.3,E
NAGALAND,ZUNHEBOTO,2026-09-19,0.0,11.6,40.4,134.79999999999998,8.7,NR,0.0,NR,1543.8,E,205.3,E
NAGALAND,ZUNHEBOTO,2026-09-20,0.0,11.4,30.799999999999997,72.3,6.5,NR,0.0,NR,1543.8,E,205.3,E
NAGALAND,ZUNHEBOTO,2026-09-21,1.2,1.2,31.6,71.7,6.3,LD,29.2,D,1532.2,E,206.5,E
SIKKIM,PAKYONG,2026-08-19,15.2,15.2,15.2,15.2,13.1,N,15.2,N,1193.5,N,210.1,D
SIKKIM,PAKYONG,2026-08-20,0.3,15.5,15.5,15.5,13.9,LD,61.6,D,1193.8,N,210.4,D
SIKKIM,PAKYONG,2026-08-21,19.8,35.3,35.3,35.3,16.0,E,61.6,D,1193.5,N,230.1,D
SIKKIM,PAKYONG,2026-08-22,0.0,20.1,35.3,35.3,12.7,NR,61.6,D,1213.6,N,230.1,D
SIKKIM,PAKYONG,2026-08-23,7.5,27.3,42.8,42.8,14.4,D,7.5,D,1221.1,N,237.7,D
SIKKIM,PAKYONG,2026-08-24,0.0,7.5,42.8,42.8,9.4,NR,61.6,D,1221.1,N,237.7,D
SIKKIM,PAKYONG,2026-08-25,1.1,8.6,43.9,43.9,15.9,LD,61.6,D,1193.5,N,238.8,D
SIKKIM,PAKYONG,2026-08-26,8.0,9.1,36.7,51.9,9.4,N,36.8,LD,1230.3,N,246.9,D
SIKKIM,PAKYONG,2026-08-27,1.1,10.2,37.50000000000001,53.0,13.3,LD,1.1,LD,1231.3,N,247.9,D
SIKKIM,PAKYONG,2026-08-28,0.6,9.7,18.3,53.6,9.1,LD,0.6,LD,1231.9,N,248.5,D
SIKKIM,PAKYONG,2026-08-29,5.5,7.2,23.8,59.1,13.2,D,36.8,LD,1237.5,N,254.1,D
SIKKIM,PAKYONG,2026-08-30,10.7,16.799999999999997,27.0,69.8,8.3,E,36.8,LD,1248.2,N,264.8,D
SIKKIM,PAKYONG,2026-08-31,8.2,24.4,35.2,78.0,10.1,D,36.8,LD,1256.4,N,272.9,D
SIKKIM,PAKYONG,2026-09-01,24.7,43.6,58.8,102.7,14.9,LE,36.8,LD,1230.3,N,24.7,LE
SIKKIM,PAKYONG,2026-09-02,25.1,58.0,75.9,127.8,9.4,LE,75.9,N,1306.2,N,49.9,LE
SIKKIM,PAKYONG,2026-09-03,1.4,51.2,76.2,114.0,16.4,LD,75.9,N,1306.2,N,51.2,E
SIKKIM,PAKYONG,2026-09-04,0.3,26.8,75.89999999999999,114.0,9.7,LD,75.9,N,1308.0,N,51.6,N
SIKKIM,PAKYONG,2026-09-05,1.8,3.5,72.19999999999999,96.0,13.2,LD,75.9,N,1309.8,N,53.4,N
SIKKIM,PAKYONG,2026-09-06,21.1,23.200000000000003,82.6,117.10000000000001,11.0,LE,21.1,LE,1330.9,N,74.5,N
SIKKIM,PAKYONG,2026-09-07,3.6,26.500000000000004,78.0,113.2,12.0,LD,75.9,N,1334.5,N,78.1,N
SIKKIM,PAKYONG,2026-09-08,0.0,24.700000000000003,53.300000000000004,113.2,13.5,NR,0.0,NR,1334.5,N,78.1,D
SIKKIM,PAKYONG,2026-09-09,14.3,17.9,42.5,126.39999999999999,17.4,N,42.6,D,1348.8,N,92.4,D
SIKKIM,PAKYONG,2026-09-10,2.3,16.6,43.400000000000006,120.7,13.0,LD,42.6,D,1348.8,N,94.7,D
SIKKIM,PAKYONG,2026-09-11,13.4,30.0,56.5,133.0,10.7,E,42.6,D,1364.4,N,108.0,D
SIKKIM,PAKYONG,2026-09-12,0.4,16.099999999999998,55.1,132.8,11.0,LD,0.4,LD,1364.8,N,108.5,D
SIKKIM,PAKYONG,2026-09-13,13.4,27.2,47.400000000000006,140.70000000000002,12.2,N,42.6,D,1378.3,N,121.9,D
SIKKIM,PAKYONG,2026-09-14,19.2,33.0,63.0,149.2,10.1,LE,19.2,LE,1397.5,N,141.1,D
SIKKIM,PAKYONG,2026-09-15,11.3,43.900000000000006,74.3,152.3,12.7,N,42.6,D,1348.8,N,152.4,N
SIKKIM,PAKYONG,2026-09-16,13.5,44.0,73.5,141.1,8.8,E,13.5,E,1422.3,N,166.0,N
SIKKIM,PAKYONG,2026-09-17,1.8,26.6,73.0,117.80000000000001,9.4,LD,73.5,N,1424.1,N,167.7,N
SIKKIM,PAKYONG,2026-09-18,59.5,74.8,119.1,175.9,7.1,LE,59.5,LE,1483.6,N,227.2,N
SIKKIM,PAKYONG,2026-09-19,1.0,62.3,119.69999999999999,176.6,5.3,LD,1.0,LD,1484.6,N,228.2,N
SIKKIM,PAKYONG,2026-09-20,0.9,61.4,107.2,175.70000000000002,5.8,LD,0.9,LD,1485.5,N,229.1,N
SIKKIM,PAKYONG,2026-09-21,4.3,6.2,92.3,158.9,4.0,N,73.5,N,1422.3,N,233.4,N
SIKKIM,SORENG,2026-08-19,3.0,3.0,3.0,3.0,15.0,LD,3.0,LD,1696.5,E,476.0,LE
SIKKIM,SORENG,2026-08-20,1.5,4.5,4.5,4.5,18.1,LD,61.5,D,1698.0,E,477.5,LE
SIKKIM,SORENG,2026-08-21,40.5,45.0,45.0,45.0,12.7,LE,61.5,D,1696.5,E,518.0,LE
SIKKIM,SORENG,2026-08-22,10.5,52.5,55.5,55.5,17.7,D,61.5,D,1749.0,E,528.5,LE
SIKKIM,SORENG,2026-08-23,9.0,60.0,64.5,64.5,16.2,D,9.0,D,1758.0,E,537.5,LE
SIKKIM,SORENG,2026-08-24,0.0,19.5,64.5,64.5,16.4,NR,61.5,D,1758.0,E,537.5,E
SIKKIM,SORENG,2026-08-25,0.0,9.0,64.5,64.5,19.2,NR,61.5,D,1696.5,E,537.5,E
SIKKIM,SORENG,2026-08-26,16.5,16.5,78.0,81.0,15.1,N,78.0,D,1774.5,E,554.0,E
SIKKIM,SORENG,2026-08-27,1.0,17.5,77.5,82.0,15.0,LD,1.0,LD,1775.5,E,555.0,E
SIKKIM,SORENG,2026-08-28,4.5,22.0,41.5,86.5,17.0,LD,4.5,LD,1780.0,E,559.5,E
SIKKIM,SORENG,2026-08-29,5.0,10.5,36.0,91.5,19.2,LD,78.0,D,1785.0,E,564.5,E
SIKKIM,SORENG,2026-08-30,0.0,9.5,27.0,91.5,13.4,NR,78.0,D,1785.0,E,564.5,E
SIKKIM,SORENG,2026-08-31,3.0,8.0,30.0,94.5,17.1,LD,78.0,D,1788.0,E,567.5,E
SIKKIM,SORENG,2026-09-01,15.5,18.5,45.5,110.0,16.9,N,78.0,D,1774.5,E,15.5,N
SIKKIM,SORENG,2026-09-02,15.5,34.0,44.5,125.5,13.8,N,44.5,LD,1819.0,E,31.0,N
SIKKIM,SORENG,2026-09-03,9.0,40.0,52.5,131.5,17.7,D,44.5,LD,1819.0,E,40.0,N
SIKKIM,SORENG,2026-09-04,0.5,25.0,48.5,130.5,14.5,LD,44.5,LD,1828.5,E,40.5,D
SIKKIM,SORENG,2026-09-05,2.0,11.5,45.5,92.0,16.5,LD,44.5,LD,1830.5,E,42.5,D
SIKKIM,SORENG,2026-09-06,12.5,15.0,58.0,94.0,19.3,D,12.5,D,1843.0,E,55.0,D
SIKKIM,SORENG,2026-09-07,0.5,15.0,55.5,85.5,11.5,LD,44.5,LD,1843.5,E,55.5,D
SIKKIM,SORENG,2026-09-08,0.0,13.0,40.0,85.5,10.6,NR,0.0,NR,1843.5,N,55.5,D
SIKKIM,SORENG,2026-09-09,19.5,20.0,44.0,105.0,6.2,LE,44.0,D,1863.0,E,75.0,D
SIKKIM,SORENG,2026-09-10,7.0,26.5,42.0,95.5,9.7,D,44.0,D,1863.0,E,82.0,D
SIKKIM,SORENG,2026-09-11,2.5,29.0,44.0,97.0,10.6,LD,44.0,D,1872.5,N,84.5,D
SIKKIM,SORENG,2026-09-12,0.0,9.5,42.0,92.5,10.1,NR,0.0,NR,1872.5,N,84.5,D
SIKKIM,SORENG,2026-09-13,12.0,14.5,41.5,99.5,13.6,N,44.0,D,1884.5,N,96.5,D
SIKKIM,SORENG,2026-09-14,18.0,30.0,59.0,117.5,15.5,N,18.0,N,1902.5,N,114.5,D
SIKKIM,SORENG,2026-09-15,6.0,36.0,65.0,120.5,12.9,D,44.0,D,1863.0,E,120.5,D
SIKKIM,SORENG,2026-09-16,4.0,28.0,49.5,109.0,12.4,LD,4.0,LD,1912.5,N,124.5,D
SIKKIM,SORENG,2026-09-17,1.5,11.5,44.0,95.0,15.8,LD,49.5,D,1914.0,N,126.0,D
SIKKIM,SORENG,2026-09-18,15.5,21.0,57.0,101.5,14.6,N,15.5,N,1929.5,N,141.5,D
SIKKIM,SORENG,2026-09-19,4.0,21.0,61.0,105.0,7.5,D,4.0,D,1933.5,N,145.5,D
SIKKIM,SORENG,2026-09-20,0.0,19.5,49.0,103.0,13.2,NR,0.0,NR,1933.5,N,145.5,D
SIKKIM,SORENG,2026-09-21,0.0,4.0,31.0,90.5,6.0,NR,49.5,D,1912.5,N,145.5,D
TRIPURA,DHALAI,2026-08-19,0.5,0.5,0.5,0.5,10.5,LD,0.5,LD,854.1,N,119.0,D
TRIPURA,DHALAI,2026-08-20,1.5,2.0,2.0,2.0,9.9,LD,16.0,LD,855.6,N,120.4,D
TRIPURA,DHALAI,2026-08-21,4.5,6.5,6.5,6.5,7.5,D,16.0,LD,854.1,N,124.9,D
TRIPURA,DHALAI,2026-08-22,28.6,34.6,35.1,35.1,6.1,LE,16.0,LD,888.7,N,153.5,D
TRIPURA,DHALAI,2026-08-23,33.5,66.6,68.6,68.6,5.6,LE,33.5,LE,922.2,N,187.0,D
TRIPURA,DHALAI,2026-08-24,3.2,65.3,71.8,71.8,13.4,LD,16.0,LD,925.4,N,190.2,D
TRIPURA,DHALAI,2026-08-25,0.4,37.1,72.2,72.2,9.0,LD,16.0,LD,854.1,N,190.6,D
TRIPURA,DHALAI,2026-08-26,0.3,3.9000000000000004,72.0,72.5,19.1,LD,72.0,N,926.1,N,190.9,D
TRIPURA,DHALAI,2026-08-27,0.6,1.3,71.10000000000001,73.10000000000001,10.6,LD,0.6,LD,926.7,N,191.5,D
TRIPURA,DHALAI,2026-08-28,55.5,56.4,122.1,128.6,6.7,LE,55.5,LE,982.2,N,247.0,N
TRIPURA,DHALAI,2026-08-29,31.0,87.1,124.5,159.6,11.2,LE,72.0,N,1013.3,N,278.1,N
TRIPURA,DHALAI,2026-08-30,4.7,91.19999999999999,95.7,164.3,6.8,D,72.0,N,1018.0,N,282.8,N
TRIPURA,DHALAI,2026-08-31,12.1,47.8,104.60000000000001,176.4,7.9,E,72.0,N,1030.0,N,294.8,N
TRIPURA,DHALAI,2026-09-01,5.6,22.4,109.8,182.0,11.3,D,72.0,N,926.1,N,5.6,D
TRIPURA,DHALAI,2026-09-02,8.0,25.700000000000003,117.5,190.0,12.5,D,117.6,LE,1043.7,N,13.6,D
TRIPURA,DHALAI,2026-09-03,2.4,16.0,119.3,191.9,7.6,LD,117.6,LE,1043.7,N,16.0,D
TRIPURA,DHALAI,2026-09-04,0.7,11.1,64.5,191.1,9.7,LD,117.6,LE,1046.7,N,16.7,LD
TRIPURA,DHALAI,2026-09-05,0.7,3.8,34.2,187.3,14.4,LD,117.6,LE,1047.4,N,17.4,LD
TRIPURA,DHALAI,2026-09-06,2.2,3.6,31.700000000000003,160.9,7.7,LD,2.2,LD,1049.6,N,19.5,LD
TRIPURA,DHALAI,2026-09-07,1.8,4.7,21.4,129.20000000000002,6.2,LD,117.6,LE,1051.4,N,21.4,LD
TRIPURA,DHALAI,2026-09-08,0.0,4.0,15.8,126.0,6.3,NR,0.0,NR,1051.4,N,21.4,LD
TRIPURA,DHALAI,2026-09-09,26.6,28.400000000000002,34.400000000000006,152.2,7.7,LE,34.3,D,1078.0,N,47.9,D
TRIPURA,DHALAI,2026-09-10,0.2,26.8,32.2,152.1,10.0,LD,34.3,D,1078.0,N,48.2,D
TRIPURA,DHALAI,2026-09-11,12.3,39.1,43.8,163.79999999999998,7.0,LE,34.3,D,1090.5,N,60.5,D
TRIPURA,DHALAI,2026-09-12,16.5,29.0,59.60000000000001,124.8,7.8,LE,16.5,LE,1107.0,N,77.0,D
TRIPURA,DHALAI,2026-09-13,2.2,31.0,59.6,96.00000000000001,6.9,LD,34.3,D,1109.2,N,79.2,D
TRIPURA,DHALAI,2026-09-14,0.0,18.7,57.800000000000004,91.30000000000001,12.8,NR,0.0,NR,1109.2,N,79.2,D
TRIPURA,DHALAI,2026-09-15,0.0,2.2,57.800000000000004,79.2,8.6,NR,34.3,D,1078.0,N,79.2,D
TRIPURA,DHALAI,2026-09-16,6.0,6.0,37.2,79.60000000000001,8.1,D,6.0,D,1115.2,N,85.1,D
TRIPURA,DHALAI,2026-09-17,3.6,9.6,40.599999999999994,75.2,6.9,D,37.2,D,1118.7,N,88.7,D
TRIPURA,DHALAI,2026-09-18,8.7,18.299999999999997,37.0,81.5,6.7,E,8.7,E,1127.4,N,97.4,D
TRIPURA,DHALAI,2026-09-19,0.0,12.299999999999999,20.5,80.8,13.0,NR,0.0,NR,1127.4,N,97.4,D
TRIPURA,DHALAI,2026-09-20,1.7,10.399999999999999,20.0,81.80000000000001,7.9,LD,1.7,LD,1129.1,N,99.1,D
TRIPURA,DHALAI,2026-09-21,0.0,1.7,20.0,79.60000000000001,9.5,NR,37.2,D,1115.2,N,99.1,D
TRIPURA,GOMATI,2026-08-19,1.3,1.3,1.3,1.3,10.4,LD,1.3,LD,780.3,D,167.1,N
TRIPURA,GOMATI,2026-08-20,1.6,2.9000000000000004,2.9000000000000004,2.9000000000000004,16.0,LD,30.1,LD,781.9,D,168.8,D
TRIPURA,GOMATI,2026-08-21,1.0,3.9000000000000004,3.9000000000000004,3.9000000000000004,9.3,LD,30.1,LD,780.3,D,169.7,D
TRIPURA,GOMATI,2026-08-22,40.8,43.4,44.699999999999996,44.699999999999996,8.1,LE,30.1,LD,823.7,D,210.5,N
TRIPURA,GOMATI,2026-08-23,15.9,57.699999999999996,60.599999999999994,60.599999999999994,8.5,LE,15.9,LE,839.5,D,226.4,N
TRIPURA,GOMATI,2026-08-24,1.8,58.5,62.4,62.4,9.2,LD,30.1,LD,841.3,D,228.1,N
TRIPURA,GOMATI,2026-08-25,8.6,26.3,71.0,71.0,12.3,D,30.1,LD,780.3,D,236.7,N
TRIPURA,GOMATI,2026-08-26,2.1,12.5,71.8,73.1,10.2,LD,71.7,N,852.0,D,238.8,N
TRIPURA,GOMATI,2026-08-27,1.0,11.7,71.19999999999999,74.1,11.5,LD,1.0,LD,853.0,D,239.8,N
TRIPURA,GOMATI,2026-08-28,41.9,45.0,112.1,116.0,9.5,LE,41.9,LE,894.9,D,281.7,N
TRIPURA,GOMATI,2026-08-29,16.5,59.4,87.80000000000001,132.5,10.9,E,71.7,N,911.4,D,298.2,N
TRIPURA,GOMATI,2026-08-30,0.3,58.699999999999996,72.2,132.79999999999998,9.1,LD,71.7,N,911.7,D,298.5,N
TRIPURA,GOMATI,2026-08-31,0.2,17.0,70.6,133.0,14.1,LD,71.7,N,911.9,D,298.8,N
TRIPURA,GOMATI,2026-09-01,7.0,7.5,69.0,140.0,12.4,D,71.7,N,852.0,D,7.0,D
TRIPURA,GOMATI,2026-09-02,2.0,9.2,68.9,142.0,4.9,LD,68.9,N,920.9,D,8.9,D
TRIPURA,GOMATI,2026-09-03,12.7,21.7,80.6,153.39999999999998,5.5,LE,68.9,N,920.9,D,21.7,N
TRIPURA,GOMATI,2026-09-04,0.3,15.0,39.0,152.1,9.1,LD,68.9,N,933.9,D,21.9,D
TRIPURA,GOMATI,2026-09-05,9.2,22.2,31.7,160.29999999999998,8.4,N,68.9,N,943.0,D,31.1,D
TRIPURA,GOMATI,2026-09-06,10.1,19.6,41.5,129.6,9.7,N,10.1,N,953.1,D,41.2,N
TRIPURA,GOMATI,2026-09-07,11.0,30.299999999999997,52.3,124.7,7.6,E,68.9,N,964.1,D,52.2,N
TRIPURA,GOMATI,2026-09-08,1.1,22.2,46.4,124.0,5.8,LD,1.1,LD,965.2,D,53.3,N
TRIPURA,GOMATI,2026-09-09,41.9,54.0,86.30000000000001,157.29999999999998,7.3,LE,86.3,LE,1007.1,N,95.2,E
TRIPURA,GOMATI,2026-09-10,0.0,43.0,73.6,155.2,10.2,NR,86.3,LE,1007.1,N,95.2,N
TRIPURA,GOMATI,2026-09-11,3.1,45.0,76.4,157.29999999999998,10.7,LD,86.3,LE,1010.3,D,98.4,N
TRIPURA,GOMATI,2026-09-12,2.4,5.5,69.6,117.79999999999998,10.3,LD,2.4,LD,1012.7,D,100.8,N
TRIPURA,GOMATI,2026-09-13,4.3,9.8,63.8,105.6,8.5,D,86.3,LE,1017.0,D,105.1,N
TRIPURA,GOMATI,2026-09-14,0.3,7.0,53.1,105.6,9.2,LD,0.3,LD,1017.3,D,105.4,N
TRIPURA,GOMATI,2026-09-15,0.0,4.6,52.0,105.4,8.0,NR,86.3,LE,1007.1,N,105.4,N
TRIPURA,GOMATI,2026-09-16,4.3,4.6,14.399999999999999,102.7,6.1,D,4.3,D,1021.7,D,109.7,N
TRIPURA,GOMATI,2026-09-17,0.3,4.6,14.7,100.99999999999999,9.5,LD,14.5,LD,1022.0,D,110.1,D
TRIPURA,GOMATI,2026-09-18,3.9,8.5,15.5,92.2,7.6,D,3.9,D,1025.9,D,114.0,D
TRIPURA,GOMATI,2026-09-19,0.0,4.199999999999999,13.1,91.9,6.2,NR,0.0,NR,1025.9,D,114.0,D
TRIPURA,GOMATI,2026-09-20,2.3,6.199999999999999,11.1,85.0,8.7,LD,2.3,LD,1028.2,D,116.3,D
TRIPURA,GOMATI,2026-09-21,0.1,2.4,10.899999999999999,74.99999999999999,8.5,LD,14.5,LD,1021.7,D,116.4,D
TRIPURA,KHOWAI,2026-08-19,0.0,0.0,0.0,0.0,11.7,NR,0.0,NR,878.6,N,109.0,D
TRIPURA,KHOWAI,2026-08-20,0.3,0.3,0.3,0.3,10.1,LD,24.2,LD,878.9,N,109.2,D
TRIPURA,KHOWAI,2026-08-21,2.2,2.5,2.5,2.5,8.3,LD,24.2,LD,878.6,N,111.4,D
TRIPURA,KHOWAI,2026-08-22,38.8,41.3,41.3,41.3,6.6,LE,24.2,LD,919.9,N,150.2,D
TRIPURA,KHOWAI,2026-08-23,90.1,131.1,131.39999999999998,131.39999999999998,6.6,LE,90.1,LE,1010.0,N,240.3,N
TRIPURA,KHOWAI,2026-08-24,0.0,128.89999999999998,131.39999999999998,131.39999999999998,7.8,NR,24.2,LD,1010.0,N,240.3,N
TRIPURA,KHOWAI,2026-08-25,7.7,97.8,139.1,139.1,11.1,D,24.2,LD,878.6,N,248.0,N
TRIPURA,KHOWAI,2026-08-26,4.3,12.0,143.39999999999998,143.39999999999998,12.2,LD,143.3,LE,1022.0,N,252.3,N
TRIPURA,KHOWAI,2026-08-27,0.0,12.0,143.09999999999997,143.39999999999998,9.3,NR,0.0,NR,1022.0,N,252.3,N
TRIPURA,KHOWAI,2026-08-28,69.4,73.7,210.3,212.8,8.4,LE,69.4,LE,1091.3,N,321.6,N
TRIPURA,KHOWAI,2026-08-29,32.7,102.10000000000001,204.2,245.5,11.3,LE,143.3,LE,1124.0,N,354.3,E
TRIPURA,KHOWAI,2026-08-30,4.1,106.2,118.2,249.6,6.1,D,143.3,LE,1128.1,N,358.4,E
TRIPURA,KHOWAI,2026-08-31,2.3,39.1,120.50000000000001,251.9,10.0,LD,143.3,LE,1130.4,N,360.7,E
TRIPURA,KHOWAI,2026-09-01,3.7,10.1,116.5,255.6,9.7,LD,143.3,LE,1022.0,N,3.7,LD
TRIPURA,KHOWAI,2026-09-02,2.6,8.6,114.80000000000001,258.2,5.3,D,114.8,LE,1136.8,N,6.3,D
TRIPURA,KHOWAI,2026-09-03,10.8,17.1,125.60000000000001,269.0,9.8,N,114.8,LE,1136.8,N,17.1,D
TRIPURA,KHOWAI,2026-09-04,3.0,16.400000000000002,59.2,271.7,7.9,LD,114.8,LE,1150.6,N,20.2,D
TRIPURA,KHOWAI,2026-09-05,0.0,13.8,26.5,269.5,10.0,NR,114.8,LE,1150.6,N,20.2,D
TRIPURA,KHOWAI,2026-09-06,0.1,3.1,22.5,230.79999999999998,6.8,LD,0.1,LD,1150.7,N,20.3,LD
TRIPURA,KHOWAI,2026-09-07,4.4,4.5,24.6,145.1,7.0,D,114.8,LE,1155.1,N,24.6,D
TRIPURA,KHOWAI,2026-09-08,0.3,4.8,21.2,145.40000000000003,7.4,LD,0.3,LD,1155.4,N,24.9,LD
TRIPURA,KHOWAI,2026-09-09,3.8,8.5,22.4,141.5,7.8,D,22.4,LD,1159.2,N,28.7,LD
TRIPURA,KHOWAI,2026-09-10,8.9,13.0,20.5,146.1,6.1,E,22.4,LD,1159.2,N,37.6,D
TRIPURA,KHOWAI,2026-09-11,10.8,23.5,28.3,156.90000000000003,10.0,N,22.4,LD,1178.9,N,48.4,D
TRIPURA,KHOWAI,2026-09-12,21.0,40.7,49.3,108.5,5.7,LE,21.0,LE,1199.9,N,69.4,D
TRIPURA,KHOWAI,2026-09-13,0.0,31.8,49.2,75.8,6.3,NR,22.4,LD,1199.9,N,69.4,D
TRIPURA,KHOWAI,2026-09-14,0.0,21.0,44.8,71.7,9.5,NR,0.0,NR,1199.9,N,69.4,D
TRIPURA,KHOWAI,2026-09-15,0.0,0.0,44.5,69.39999999999999,5.3,NR,22.4,LD,1159.2,N,69.4,D
TRIPURA,KHOWAI,2026-09-16,19.2,19.2,59.9,84.9,6.2,LE,19.2,LE,1219.1,N,88.6,D
TRIPURA,KHOWAI,2026-09-17,18.0,37.2,69.0,100.3,7.2,LE,59.9,E,1237.1,N,106.6,N
TRIPURA,KHOWAI,2026-09-18,3.6,40.8,61.800000000000004,93.1,12.5,LD,3.6,LD,1240.6,N,110.2,D
TRIPURA,KHOWAI,2026-09-19,0.0,21.6,40.8,90.1,9.1,NR,0.0,NR,1240.6,N,110.2,D
TRIPURA,KHOWAI,2026-09-20,5.6,9.2,46.39999999999999,95.7,3.7,E,5.6,E,1246.2,N,115.8,D
TRIPURA,KHOWAI,2026-09-21,0.5,6.1,46.89999999999999,96.10000000000001,8.1,LD,59.9,E,1219.1,N,116.3,D
TRIPURA,NORTH TRIPURA,2026-08-19,0.0,0.0,0.0,0.0,13.6,NR,0.0,NR,772.8,D,110.4,D
TRIPURA,NORTH TRIPURA,2026-08-20,1.2,1.2,1.2,1.2,12.4,LD,31.7,LD,774.0,D,111.6,D
TRIPURA,NORTH TRIPURA,2026-08-21,29.8,31.0,31.0,31.0,9.4,LE,31.7,LD,772.8,D,141.4,D
TRIPURA,NORTH TRIPURA,2026-08-22,13.8,44.8,44.8,44.8,12.7,N,31.7,LD,817.6,D,155.2,D
TRIPURA,NORTH TRIPURA,2026-08-23,9.7,53.3,54.5,54.5,9.4,N,9.7,N,827.3,D,164.9,D
TRIPURA,NORTH TRIPURA,2026-08-24,3.4,26.9,57.9,57.9,14.3,LD,31.7,LD,830.7,D,168.3,D
TRIPURA,NORTH TRIPURA,2026-08-25,0.2,13.299999999999999,58.1,58.1,13.8,LD,31.7,LD,772.8,D,168.5,D
TRIPURA,NORTH TRIPURA,2026-08-26,1.9,5.5,60.0,60.0,12.7,LD,60.0,D,832.8,D,170.4,D
TRIPURA,NORTH TRIPURA,2026-08-27,1.5,3.5999999999999996,60.3,61.5,13.1,LD,1.5,LD,834.3,D,171.9,D
TRIPURA,NORTH TRIPURA,2026-08-28,17.3,20.7,47.8,78.8,10.8,LE,17.3,LE,851.6,D,189.2,D
TRIPURA,NORTH TRIPURA,2026-08-29,36.7,55.5,70.7,115.5,10.8,LE,60.0,D,888.4,D,226.0,D
TRIPURA,NORTH TRIPURA,2026-08-30,9.5,63.5,70.5,125.0,10.0,N,60.0,D,897.9,D,235.5,D
TRIPURA,NORTH TRIPURA,2026-08-31,15.8,62.0,82.89999999999999,140.8,6.8,LE,60.0,D,913.7,N,251.3,D
TRIPURA,NORTH TRIPURA,2026-09-01,38.3,63.599999999999994,121.0,179.1,9.3,LE,60.0,D,832.8,D,38.3,LE
TRIPURA,NORTH TRIPURA,2026-09-02,3.1,57.199999999999996,122.19999999999999,182.2,13.2,LD,122.3,LE,955.1,N,41.4,LE
TRIPURA,NORTH TRIPURA,2026-09-03,7.7,49.099999999999994,128.4,189.9,9.3,N,122.3,LE,955.1,N,49.2,E
TRIPURA,NORTH TRIPURA,2026-09-04,0.9,11.699999999999994,112.0,189.6,14.8,LD,122.3,LE,963.8,N,50.1,N
TRIPURA,NORTH TRIPURA,2026-09-05,1.3,9.899999999999995,76.6,161.1,14.4,LD,122.3,LE,965.1,N,51.4,N
TRIPURA,NORTH TRIPURA,2026-09-06,1.1,3.299999999999993,68.19999999999999,148.39999999999998,12.5,LD,1.1,LD,966.2,N,52.6,D
TRIPURA,NORTH TRIPURA,2026-09-07,11.5,13.899999999999993,63.9,150.2,8.7,E,122.3,LE,977.7,N,64.0,D
TRIPURA,NORTH TRIPURA,2026-09-08,6.9,19.499999999999993,32.5,153.7,9.9,D,6.9,D,984.6,N,70.9,D
TRIPURA,NORTH TRIPURA,2026-09-09,29.2,47.599999999999994,58.6,182.7,12.0,LE,58.7,D,1013.8,N,100.1,N
TRIPURA,NORTH TRIPURA,2026-09-10,2.0,38.099999999999994,52.900000000000006,182.8,13.6,LD,58.7,D,1013.8,N,102.1,N
TRIPURA,NORTH TRIPURA,2026-09-11,6.3,37.49999999999999,58.3,187.6,14.7,D,58.7,D,1022.1,N,108.4,N
TRIPURA,NORTH TRIPURA,2026-09-12,36.2,44.5,93.2,206.5,12.6,LE,36.2,LE,1058.4,N,144.7,N
TRIPURA,NORTH TRIPURA,2026-09-13,2.5,45.0,94.60000000000001,172.3,11.7,LD,58.7,D,1060.9,N,147.2,N
TRIPURA,NORTH TRIPURA,2026-09-14,0.0,38.7,83.1,162.8,10.8,NR,0.0,NR,1060.9,N,147.2,N
TRIPURA,NORTH TRIPURA,2026-09-15,0.0,2.5,76.2,147.0,10.6,NR,58.7,D,1013.8,N,147.2,N
TRIPURA,NORTH TRIPURA,2026-09-16,0.4,0.4,47.4,109.10000000000001,10.2,LD,0.4,LD,1061.3,N,147.6,D
TRIPURA,NORTH TRIPURA,2026-09-17,3.4,3.8,48.8,109.4,7.4,D,47.5,D,1064.7,N,151.0,D
TRIPURA,NORTH TRIPURA,2026-09-18,13.4,17.2,55.900000000000006,115.10000000000001,9.7,E,13.4,E,1078.1,N,164.4,D
TRIPURA,NORTH TRIPURA,2026-09-19,0.0,16.800000000000004,19.7,114.2,8.4,NR,0.0,NR,1078.1,N,164.4,D
TRIPURA,NORTH TRIPURA,2026-09-20,1.7,15.1,18.9,114.60000000000001,6.1,LD,1.7,LD,1079.8,D,166.1,D
TRIPURA,NORTH TRIPURA,2026-09-21,0.0,1.7000000000000017,18.9,113.50000000000001,8.9,NR,47.5,D,1061.3,N,166.1,D
TRIPURA,SIPAHIJALA,2026-08-19,0.2,0.2,0.2,0.2,8.2,LD,0.2,LD,873.0,N,226.7,E
TRIPURA,SIPAHIJALA,2026-08-20,1.0,1.2,1.2,1.2,9.8,LD,38.5,D,874.0,N,227.7,N
TRIPURA,SIPAHIJALA,2026-08-21,11.3,12.5,12.5,12.5,8.2,E,38.5,D,873.0,N,239.0,E
TRIPURA,SIPAHIJALA,2026-08-22,7.0,19.3,19.5,19.5,11.3,D,38.5,D,892.3,N,246.0,N
TRIPURA,SIPAHIJALA,2026-08-23,7.2,25.5,26.7,26.7,7.0,N,7.2,N,899.5,N,253.2,N
TRIPURA,SIPAHIJALA,2026-08-24,0.8,15.0,27.5,27.5,12.2,LD,38.5,D,900.3,N,254.0,N
TRIPURA,SIPAHIJALA,2026-08-25,7.3,15.3,34.8,34.8,8.7,N,38.5,D,873.0,N,261.2,N
TRIPURA,SIPAHIJALA,2026-08-26,0.6,8.700000000000001,35.199999999999996,35.4,7.9,LD,35.2,D,908.1,N,261.8,N
TRIPURA,SIPAHIJALA,2026-08-27,0.6,8.5,34.8,36.0,10.8,LD,0.6,LD,908.7,N,262.4,N
TRIPURA,SIPAHIJALA,2026-08-28,20.1,21.3,43.6,56.1,10.5,LE,20.1,LE,928.8,N,282.5,N
TRIPURA,SIPAHIJALA,2026-08-29,15.1,35.8,51.7,71.2,12.2,E,35.2,D,943.9,N,297.6,N
TRIPURA,SIPAHIJALA,2026-08-30,1.9,37.099999999999994,46.4,73.1,6.6,LD,35.2,D,945.8,N,299.5,N
TRIPURA,SIPAHIJALA,2026-08-31,2.5,19.5,48.1,75.6,10.0,LD,35.2,D,948.3,N,302.0,N
TRIPURA,SIPAHIJALA,2026-09-01,15.1,19.5,55.900000000000006,90.7,8.7,LE,35.2,D,908.1,N,15.1,LE
TRIPURA,SIPAHIJALA,2026-09-02,1.4,19.0,56.7,92.1,4.1,LD,56.7,N,964.8,N,16.5,E
TRIPURA,SIPAHIJALA,2026-09-03,9.0,25.5,65.1,100.9,8.5,N,56.7,N,964.8,N,25.6,E
TRIPURA,SIPAHIJALA,2026-09-04,0.9,11.3,45.9,100.8,6.5,LD,56.7,N,974.8,N,26.5,N
TRIPURA,SIPAHIJALA,2026-09-05,0.8,10.7,31.599999999999998,90.3,7.8,LD,56.7,N,975.6,N,27.3,D
TRIPURA,SIPAHIJALA,2026-09-06,4.2,5.9,33.9,87.5,5.8,D,4.2,D,979.8,N,31.5,D
TRIPURA,SIPAHIJALA,2026-09-07,8.6,13.6,40.0,88.9,6.8,E,56.7,N,988.4,N,40.1,N
TRIPURA,SIPAHIJALA,2026-09-08,3.7,16.5,28.599999999999998,91.8,6.7,D,3.7,D,992.1,N,43.8,D
TRIPURA,SIPAHIJALA,2026-09-09,3.2,15.5,30.4,87.7,8.3,LD,30.4,D,995.2,N,47.0,D
TRIPURA,SIPAHIJALA,2026-09-10,1.3,8.200000000000001,22.7,88.39999999999999,8.1,LD,30.4,D,995.2,N,48.3,D
TRIPURA,SIPAHIJALA,2026-09-11,3.7,8.2,25.5,91.5,10.0,LD,30.4,D,1000.2,N,52.0,D
TRIPURA,SIPAHIJALA,2026-09-12,12.0,17.0,36.7,83.4,6.9,LE,12.0,LE,1012.2,N,63.9,D
TRIPURA,SIPAHIJALA,2026-09-13,10.6,26.299999999999997,43.099999999999994,78.9,9.1,N,30.4,D,1022.8,N,74.5,D
TRIPURA,SIPAHIJALA,2026-09-14,0.0,22.6,34.5,77.0,10.1,NR,0.0,NR,1022.8,N,74.5,D
TRIPURA,SIPAHIJALA,2026-09-15,0.0,10.6,30.8,74.5,4.9,NR,30.4,D,995.2,N,74.5,D
TRIPURA,SIPAHIJALA,2026-09-16,0.8,0.8,28.400000000000002,60.199999999999996,10.0,LD,0.8,LD,1023.6,N,75.3,D
TRIPURA,SIPAHIJALA,2026-09-17,2.6,3.4000000000000004,29.700000000000003,61.4,9.4,LD,28.3,D,1026.2,N,77.9,D
TRIPURA,SIPAHIJALA,2026-09-18,3.1,6.5,29.099999999999998,55.5,5.8,D,3.1,D,1029.3,N,81.1,D
TRIPURA,SIPAHIJALA,2026-09-19,0.0,5.7,17.1,54.6,9.0,NR,0.0,NR,1029.3,N,81.1,D
TRIPURA,SIPAHIJALA,2026-09-20,10.4,13.5,16.9,64.2,8.4,E,10.4,E,1039.7,N,91.4,D
TRIPURA,SIPAHIJALA,2026-09-21,0.1,10.5,17.0,60.1,6.9,LD,28.3,D,1023.6,N,91.5,D
TRIPURA,SOUTH TRIPURA,2026-08-19,1.4,1.4,1.4,1.4,13.1,LD,1.4,LD,882.3,D,179.8,D
TRIPURA,SOUTH TRIPURA,2026-08-20,0.0,1.4,1.4,1.4,15.4,NR,55.7,D,882.3,D,179.8,D
TRIPURA,SOUTH TRIPURA,2026-08-21,5.3,6.699999999999999,6.699999999999999,6.699999999999999,19.2,LD,55.7,D,882.3,D,185.2,D
TRIPURA,SOUTH TRIPURA,2026-08-22,2.1,7.4,8.8,8.8,12.8,LD,55.7,D,889.7,D,187.2,D
TRIPURA,SOUTH TRIPURA,2026-08-23,2.4,9.8,11.2,11.2,10.1,LD,2.4,LD,892.1,D,189.6,D
TRIPURA,SOUTH TRIPURA,2026-08-24,0.1,4.6000000000000005,11.3,11.3,7.5,LD,55.7,D,892.2,D,189.7,D
TRIPURA,SOUTH TRIPURA,2026-08-25,14.3,16.8,25.6,25.6,10.6,E,55.7,D,882.3,D,204.0,D
TRIPURA,SOUTH TRIPURA,2026-08-26,3.1,17.5,27.300000000000004,28.700000000000003,11.1,LD,27.3,LD,909.6,D,207.1,D
TRIPURA,SOUTH TRIPURA,2026-08-27,0.0,17.400000000000002,27.300000000000004,28.700000000000003,12.0,NR,0.0,NR,909.6,D,207.1,D
TRIPURA,SOUTH TRIPURA,2026-08-28,18.1,21.200000000000003,40.10000000000001,46.800000000000004,15.2,E,18.1,E,927.7,D,225.3,D
TRIPURA,SOUTH TRIPURA,2026-08-29,22.3,40.400000000000006,60.300000000000004,69.10000000000001,13.9,LE,27.3,LD,950.1,D,247.6,D
TRIPURA,SOUTH TRIPURA,2026-08-30,7.0,47.400000000000006,64.9,76.10000000000001,8.1,N,27.3,LD,957.1,D,254.6,D
TRIPURA,SOUTH TRIPURA,2026-08-31,1.4,30.7,66.20000000000002,77.5,8.1,LD,27.3,LD,958.5,D,256.0,D
TRIPURA,SOUTH TRIPURA,2026-09-01,2.1,10.5,54.00000000000001,79.60000000000001,11.1,LD,27.3,LD,909.6,D,2.1,LD
TRIPURA,SOUTH TRIPURA,2026-09-02,6.3,9.8,57.2,85.9,4.6,E,57.2,D,966.9,D,8.4,D
TRIPURA,SOUTH TRIPURA,2026-09-03,7.6,16.0,64.80000000000001,92.1,7.5,N,57.2,D,966.9,D,16.0,D
TRIPURA,SOUTH TRIPURA,2026-09-04,9.2,23.1,55.900000000000006,101.3,6.6,E,57.2,D,983.7,D,25.2,N
TRIPURA,SOUTH TRIPURA,2026-09-05,5.1,21.9,38.7,101.1,8.6,D,57.2,D,988.8,D,30.3,D
TRIPURA,SOUTH TRIPURA,2026-09-06,0.1,14.4,31.8,99.10000000000001,11.4,LD,0.1,LD,988.9,D,30.5,D
TRIPURA,SOUTH TRIPURA,2026-09-07,13.3,18.5,43.7,110.0,9.0,E,57.2,D,1002.3,D,43.8,D
TRIPURA,SOUTH TRIPURA,2026-09-08,9.1,22.5,50.7,119.0,9.7,N,9.1,N,1011.4,D,52.9,D
TRIPURA,SOUTH TRIPURA,2026-09-09,7.7,30.1,52.1,112.4,8.4,N,52.3,N,1019.1,D,60.7,D
TRIPURA,SOUTH TRIPURA,2026-09-10,0.4,17.200000000000003,44.900000000000006,109.7,8.9,LD,52.3,N,1019.1,D,61.1,D
TRIPURA,SOUTH TRIPURA,2026-09-11,3.4,11.500000000000002,39.1,113.1,9.4,LD,52.3,N,1023.0,D,64.6,D
TRIPURA,SOUTH TRIPURA,2026-09-12,0.0,3.8000000000000016,34.00000000000001,95.0,8.6,NR,0.0,NR,1023.0,D,64.6,D
TRIPURA,SOUTH TRIPURA,2026-09-13,0.9,4.300000000000002,34.800000000000004,73.6,8.0,LD,52.3,N,1023.9,D,65.5,D
TRIPURA,SOUTH TRIPURA,2026-09-14,0.0,0.9000000000000018,21.500000000000004,66.6,9.8,NR,0.0,NR,1023.9,D,65.5,D
TRIPURA,SOUTH TRIPURA,2026-09-15,0.0,0.9000000000000018,12.400000000000004,65.2,5.2,NR,52.3,N,1019.1,D,65.5,D
TRIPURA,SOUTH TRIPURA,2026-09-16,3.0,3.0000000000000018,7.700000000000003,66.1,7.5,LD,3.0,LD,1027.0,D,68.5,D
TRIPURA,SOUTH TRIPURA,2026-09-17,19.8,22.800000000000004,27.1,79.60000000000001,8.4,LE,7.8,LD,1046.8,D,88.3,D
TRIPURA,SOUTH TRIPURA,2026-09-18,1.5,24.3,25.200000000000006,73.5,6.4,LD,1.5,LD,1048.3,D,89.8,D
TRIPURA,SOUTH TRIPURA,2026-09-19,0.4,21.7,25.600000000000005,64.7,9.7,LD,0.4,LD,1048.7,D,90.3,D
TRIPURA,SOUTH TRIPURA,2026-09-20,8.0,9.9,32.7,67.60000000000001,8.5,N,8.0,N,1056.7,D,98.2,D
TRIPURA,SOUTH TRIPURA,2026-09-21,0.0,8.4,32.7,67.5,8.6,NR,7.8,LD,1027.0,D,98.2,D
TRIPURA,UNAKOTI,2026-08-19,0.0,0.0,0.0,0.0,11.7,NR,0.0,NR,935.6,N,89.2,D
TRIPURA,UNAKOTI,2026-08-20,1.3,1.3,1.3,1.3,14.1,LD,14.2,LD,936.9,N,90.6,LD
TRIPURA,UNAKOTI,2026-08-21,45.5,46.8,46.8,46.8,12.5,LE,14.2,LD,935.6,N,136.1,D
TRIPURA,UNAKOTI,2026-08-22,17.4,64.19999999999999,64.19999999999999,64.19999999999999,9.4,LE,14.2,LD,999.8,N,153.5,D
TRIPURA,UNAKOTI,2026-08-23,26.2,89.1,90.39999999999999,90.39999999999999,8.8,LE,26.2,LE,1026.0,N,179.7,D
TRIPURA,UNAKOTI,2026-08-24,14.2,57.8,104.6,104.6,14.2,N,14.2,LD,1040.2,N,193.9,D
TRIPURA,UNAKOTI,2026-08-25,0.0,40.4,104.6,104.6,6.7,NR,14.2,LD,935.6,N,193.9,D
TRIPURA,UNAKOTI,2026-08-26,0.4,14.6,105.0,105.0,15.9,LD,105.0,E,1040.6,N,194.3,D
TRIPURA,UNAKOTI,2026-08-27,0.1,0.5,103.8,105.1,10.0,LD,0.1,LD,1040.7,N,194.3,D
TRIPURA,UNAKOTI,2026-08-28,37.0,37.5,95.3,142.1,11.7,LE,37.0,LE,1077.7,N,231.4,D
TRIPURA,UNAKOTI,2026-08-29,35.0,72.1,112.9,177.1,7.6,LE,105.0,E,1112.7,N,266.4,N
TRIPURA,UNAKOTI,2026-08-30,6.9,78.89999999999999,93.60000000000001,184.0,6.5,N,105.0,E,1119.6,N,273.2,N
TRIPURA,UNAKOTI,2026-08-31,1.8,43.7,81.2,185.79999999999998,8.1,LD,105.0,E,1121.3,N,275.0,N
TRIPURA,UNAKOTI,2026-09-01,18.0,26.7,99.2,203.79999999999998,10.4,LE,105.0,E,1040.6,N,18.0,LE
TRIPURA,UNAKOTI,2026-09-02,0.6,20.4,99.39999999999999,204.4,7.6,LD,99.3,LE,1139.9,N,18.6,N
TRIPURA,UNAKOTI,2026-09-03,0.9,19.5,100.2,205.29999999999998,7.3,LD,99.3,LE,1139.9,N,19.5,D
TRIPURA,UNAKOTI,2026-09-04,16.5,18.0,79.7,220.49999999999997,10.5,E,99.3,LE,1157.3,N,36.0,N
TRIPURA,UNAKOTI,2026-09-05,0.0,17.4,44.7,175.0,11.0,LD,99.3,LE,1157.4,N,36.1,D
TRIPURA,UNAKOTI,2026-09-06,0.5,17.0,38.3,158.1,9.5,LD,0.5,LD,1157.9,N,36.6,D
TRIPURA,UNAKOTI,2026-09-07,4.7,5.2,41.199999999999996,136.6,8.7,D,99.3,LE,1162.6,N,41.3,D
TRIPURA,UNAKOTI,2026-09-08,5.8,11.0,29.0,128.2,7.8,D,5.8,D,1168.4,N,47.1,D
TRIPURA,UNAKOTI,2026-09-09,11.9,22.4,40.3,140.1,9.7,E,40.4,D,1180.3,N,59.0,D
TRIPURA,UNAKOTI,2026-09-10,0.3,18.0,39.7,140.0,14.7,LD,40.4,D,1180.3,N,59.3,D
TRIPURA,UNAKOTI,2026-09-11,3.6,15.8,26.8,143.5,8.8,LD,40.4,D,1184.2,N,62.9,D
TRIPURA,UNAKOTI,2026-09-12,31.4,35.3,58.2,137.9,13.8,LE,31.4,LE,1215.6,N,94.3,D
TRIPURA,UNAKOTI,2026-09-13,0.8,35.8,58.5,103.7,11.4,LD,40.4,D,1216.4,N,95.1,D
TRIPURA,UNAKOTI,2026-09-14,0.0,32.199999999999996,53.8,96.8,11.6,NR,0.0,NR,1216.4,N,95.1,D
TRIPURA,UNAKOTI,2026-09-15,0.0,0.8,48.0,95.0,7.6,NR,40.4,D,1180.3,N,95.1,D
TRIPURA,UNAKOTI,2026-09-16,3.2,3.2,39.3,80.19999999999999,8.4,LD,3.2,LD,1219.6,N,98.3,D
TRIPURA,UNAKOTI,2026-09-17,14.0,17.2,53.0,93.6,8.0,LE,39.3,D,1233.6,N,112.3,D
TRIPURA,UNAKOTI,2026-09-18,17.4,34.599999999999994,66.8,110.1,10.1,LE,17.4,LE,1251.1,N,129.7,D
TRIPURA,UNAKOTI,2026-09-19,0.2,31.599999999999998,35.599999999999994,93.8,8.8,LD,0.2,LD,1251.3,N,129.9,D
TRIPURA,UNAKOTI,2026-09-20,2.4,20.0,37.199999999999996,96.19999999999999,7.0,LD,2.4,LD,1253.7,N,132.4,D
TRIPURA,UNAKOTI,2026-09-21,0.0,2.6,37.199999999999996,95.69999999999999,10.8,NR,39.3,D,1219.6,N,132.4,D
TRIPURA,WEST TRIPURA,2026-08-19,1.5,1.5,1.5,1.5,8.2,LD,1.5,LD,919.7,N,181.7,N
TRIPURA,WEST TRIPURA,2026-08-20,0.4,1.9,1.9,1.9,9.7,LD,15.6,LD,920.1,N,182.1,N
TRIPURA,WEST TRIPURA,2026-08-21,3.0,4.9,4.9,4.9,7.5,LD,15.6,LD,919.7,N,185.1,N
TRIPURA,WEST TRIPURA,2026-08-22,30.4,33.8,35.3,35.3,10.2,LE,15.6,LD,953.5,N,215.5,N
TRIPURA,WEST TRIPURA,2026-08-23,89.8,123.19999999999999,125.1,125.1,5.0,LE,89.8,LE,1043.3,N,305.3,E
TRIPURA,WEST TRIPURA,2026-08-24,0.3,120.5,125.39999999999999,125.39999999999999,6.1,LD,15.6,LD,1043.6,N,305.6,E
TRIPURA,WEST TRIPURA,2026-08-25,5.7,95.8,131.1,131.1,9.5,D,15.6,LD,919.7,N,311.3,E
TRIPURA,WEST TRIPURA,2026-08-26,0.2,6.200000000000014,129.79999999999998,131.29999999999998,9.3,LD,129.8,LE,1049.5,N,311.5,E
TRIPURA,WEST TRIPURA,2026-08-27,0.6,6.500000000000014,130.0,131.9,5.7,LD,0.6,LD,1050.1,N,312.1,E
TRIPURA,WEST TRIPURA,2026-08-28,23.9,24.700000000000014,150.89999999999998,155.79999999999998,8.9,LE,23.9,LE,1074.0,N,336.0,E
TRIPURA,WEST TRIPURA,2026-08-29,10.1,34.600000000000016,130.6,165.9,10.7,N,129.8,LE,1084.1,N,346.1,E
TRIPURA,WEST TRIPURA,2026-08-30,3.3,37.30000000000001,44.1,169.2,6.7,D,129.8,LE,1087.5,N,349.4,E
TRIPURA,WEST TRIPURA,2026-08-31,0.8,14.200000000000014,44.6,170.0,8.2,LD,129.8,LE,1088.2,N,350.2,E
TRIPURA,WEST TRIPURA,2026-09-01,1.1,5.200000000000014,40.0,171.1,5.0,LD,129.8,LE,1049.5,N,1.1,LD
TRIPURA,WEST TRIPURA,2026-09-02,16.6,18.500000000000014,56.4,187.7,6.8,LE,56.4,N,1105.9,N,17.7,E
TRIPURA,WEST TRIPURA,2026-09-03,7.4,25.100000000000016,63.2,193.6,5.1,E,56.4,N,1105.9,N,25.0,E
TRIPURA,WEST TRIPURA,2026-09-04,2.8,26.800000000000015,42.1,196.0,7.8,LD,56.4,N,1116.0,N,27.8,N
TRIPURA,WEST TRIPURA,2026-09-05,0.0,10.200000000000014,32.00000000000001,193.0,9.1,LD,56.4,N,1116.1,N,27.8,N
TRIPURA,WEST TRIPURA,2026-09-06,2.2,5.000000000000014,30.900000000000006,164.8,9.2,LD,2.2,LD,1118.3,N,30.1,D
TRIPURA,WEST TRIPURA,2026-09-07,3.4,5.600000000000014,33.5,78.4,5.8,D,56.4,N,1121.6,N,33.4,D
TRIPURA,WEST TRIPURA,2026-09-08,0.7,6.300000000000014,33.1,78.80000000000001,5.5,LD,0.7,LD,1122.4,N,34.1,D
TRIPURA,WEST TRIPURA,2026-09-09,4.5,8.600000000000014,21.0,77.6,8.5,D,21.0,D,1126.9,N,38.7,D
TRIPURA,WEST TRIPURA,2026-09-10,18.5,23.700000000000014,32.1,95.9,8.7,LE,21.0,D,1126.9,N,57.2,D
TRIPURA,WEST TRIPURA,2026-09-11,24.7,47.70000000000002,54.0,120.0,7.9,LE,21.0,D,1170.1,N,81.9,N
TRIPURA,WEST TRIPURA,2026-09-12,10.3,53.500000000000014,64.3,106.4,8.3,E,10.3,E,1180.4,N,92.2,N
TRIPURA,WEST TRIPURA,2026-09-13,0.1,35.100000000000016,62.199999999999996,96.4,7.9,LD,21.0,D,1180.4,N,92.2,N
TRIPURA,WEST TRIPURA,2026-09-14,0.0,10.400000000000015,58.8,93.10000000000001,6.5,NR,0.0,NR,1180.4,N,92.2,N
TRIPURA,WEST TRIPURA,2026-09-15,0.0,0.10000000000001422,58.1,92.3,2.9,NR,21.0,D,1126.9,N,92.2,N
TRIPURA,WEST TRIPURA,2026-09-16,0.1,0.10000000000001422,53.7,91.3,6.2,LD,0.1,LD,1180.5,N,92.3,N
TRIPURA,WEST TRIPURA,2026-09-17,6.0,6.100000000000014,41.2,80.69999999999999,7.3,N,53.6,N,1186.6,N,98.3,N
TRIPURA,WEST TRIPURA,2026-09-18,11.5,17.600000000000016,28.000000000000004,84.8,7.0,LE,11.5,LE,1198.0,N,109.8,N
TRIPURA,WEST TRIPURA,2026-09-19,0.0,17.500000000000014,17.700000000000003,82.0,8.9,LD,0.0,LD,1198.0,N,109.8,N
TRIPURA,WEST TRIPURA,2026-09-20,31.8,43.30000000000001,49.400000000000006,113.80000000000001,5.4,LE,31.8,LE,1229.8,N,141.6,N
TRIPURA,WEST TRIPURA,2026-09-21,0.3,32.10000000000001,49.7,111.9,5.7,LD,53.6,N,1180.5,N,142.0,N
